Command line invocation:
    /Applications/Xcode-beta.app/Contents/Developer/usr/bin/xcodebuild -workspace BooksTracker.xcworkspace -scheme BooksTracker -sdk iphonesimulator -destination "generic/platform=iOS Simulator" -derivedDataPath .build build

Build settings from command line:
    SDKROOT = iphonesimulator26.2

Resolve Package Graph


Resolved source packages:
  BooksTrackerFeature: /Users/juju/dev_repos/books-v3/BooksTrackerPackage

ComputePackagePrebuildTargetDependencyGraph

Prepare packages

CreateBuildRequest

SendProjectDescription

CreateBuildOperation

ComputeTargetDependencyGraph
note: Building targets in dependency order
note: Target dependency graph (4 targets)
    Target 'BooksTracker' in project 'BooksTracker'
        ➜ Explicit dependency on target 'BooksTrackerWidgetsExtension' in project 'BooksTracker'
        ➜ Explicit dependency on target 'BooksTrackerFeature' in project 'BooksTrackerFeature'
    Target 'BooksTrackerWidgetsExtension' in project 'BooksTracker'
        ➜ Explicit dependency on target 'BooksTrackerFeature' in project 'BooksTrackerFeature'
    Target 'BooksTrackerFeature' in project 'BooksTrackerFeature'
        ➜ Explicit dependency on target 'BooksTrackerFeature' in project 'BooksTrackerFeature'
    Target 'BooksTrackerFeature' in project 'BooksTrackerFeature' (no dependencies)

GatherProvisioningInputs

CreateBuildDescription

ExecuteExternalTool /Applications/Xcode-beta.app/Contents/Developer/Toolchains/XcodeDefault.xctoolchain/usr/bin/clang -v -E -dM -isysroot /Applications/Xcode-beta.app/Contents/Developer/Platforms/iPhoneSimulator.platform/Developer/SDKs/iPhoneSimulator26.2.sdk -x c -c /dev/null

ExecuteExternalTool /Applications/Xcode-beta.app/Contents/Developer/usr/bin/actool --version --output-format xml1

ExecuteExternalTool /Applications/Xcode-beta.app/Contents/Developer/usr/bin/actool --print-asset-tag-combinations --output-format xml1 /Users/juju/dev_repos/books-v3/BooksTracker/Assets.xcassets

ExecuteExternalTool /Applications/Xcode-beta.app/Contents/Developer/Toolchains/XcodeDefault.xctoolchain/usr/bin/swiftc --version

ExecuteExternalTool /Applications/Xcode-beta.app/Contents/Developer/Toolchains/XcodeDefault.xctoolchain/usr/bin/ld -version_details

Build description signature: abb65f53da6affd230879a4b352e3c1b
Build description path: /Users/juju/dev_repos/books-v3/.build/Build/Intermediates.noindex/XCBuildData/abb65f53da6affd230879a4b352e3c1b.xcbuilddata
ClangStatCache /Applications/Xcode-beta.app/Contents/Developer/Toolchains/XcodeDefault.xctoolchain/usr/bin/clang-stat-cache /Applications/Xcode-beta.app/Contents/Developer/Platforms/iPhoneSimulator.platform/Developer/SDKs/iPhoneSimulator26.2.sdk /Users/juju/dev_repos/books-v3/.build/SDKStatCaches.noindex/iphonesimulator26.2-23C5044a-c6bb09c85eeb1a59968f08cee6a58242.sdkstatcache
    cd /Users/juju/dev_repos/books-v3
    /Applications/Xcode-beta.app/Contents/Developer/Toolchains/XcodeDefault.xctoolchain/usr/bin/clang-stat-cache /Applications/Xcode-beta.app/Contents/Developer/Platforms/iPhoneSimulator.platform/Developer/SDKs/iPhoneSimulator26.2.sdk -o /Users/juju/dev_repos/books-v3/.build/SDKStatCaches.noindex/iphonesimulator26.2-23C5044a-c6bb09c85eeb1a59968f08cee6a58242.sdkstatcache

CreateBuildDirectory /Users/juju/dev_repos/books-v3/.build/Build/Products
    cd /Users/juju/dev_repos/books-v3
    builtin-create-build-directory /Users/juju/dev_repos/books-v3/.build/Build/Products

CreateBuildDirectory /Users/juju/dev_repos/books-v3/.build/Build/Intermediates.noindex
    cd /Users/juju/dev_repos/books-v3
    builtin-create-build-directory /Users/juju/dev_repos/books-v3/.build/Build/Intermediates.noindex

CreateBuildDirectory /Users/juju/dev_repos/books-v3/.build/Build/Products/Debug-iphonesimulator
    cd /Users/juju/dev_repos/books-v3
    builtin-create-build-directory /Users/juju/dev_repos/books-v3/.build/Build/Products/Debug-iphonesimulator

CreateBuildDirectory /Users/juju/dev_repos/books-v3/.build/Build/Intermediates.noindex/SwiftExplicitPrecompiledModules
    cd /Users/juju/dev_repos/books-v3
    builtin-create-build-directory /Users/juju/dev_repos/books-v3/.build/Build/Intermediates.noindex/SwiftExplicitPrecompiledModules

CreateBuildDirectory /Users/juju/dev_repos/books-v3/.build/Build/Intermediates.noindex/ExplicitPrecompiledModules
    cd /Users/juju/dev_repos/books-v3
    builtin-create-build-directory /Users/juju/dev_repos/books-v3/.build/Build/Intermediates.noindex/ExplicitPrecompiledModules

CreateBuildDirectory /Users/juju/dev_repos/books-v3/.build/Build/Intermediates.noindex/EagerLinkingTBDs/Debug-iphonesimulator
    cd /Users/juju/dev_repos/books-v3
    builtin-create-build-directory /Users/juju/dev_repos/books-v3/.build/Build/Intermediates.noindex/EagerLinkingTBDs/Debug-iphonesimulator

WriteAuxiliaryFile /Users/juju/dev_repos/books-v3/.build/Build/Intermediates.noindex/BooksTracker.build/Debug-iphonesimulator/BooksTracker-12e420f7efb496521556679497584161-VFS-iphonesimulator/all-product-headers.yaml
    cd /Users/juju/dev_repos/books-v3
    write-file /Users/juju/dev_repos/books-v3/.build/Build/Intermediates.noindex/BooksTracker.build/Debug-iphonesimulator/BooksTracker-12e420f7efb496521556679497584161-VFS-iphonesimulator/all-product-headers.yaml

CreateBuildDirectory /Users/juju/dev_repos/books-v3/.build/Build/Products/Debug-iphonesimulator/PackageFrameworks
    cd /Users/juju/dev_repos/books-v3
    builtin-create-build-directory /Users/juju/dev_repos/books-v3/.build/Build/Products/Debug-iphonesimulator/PackageFrameworks

WriteAuxiliaryFile /Users/juju/dev_repos/books-v3/.build/Build/Intermediates.noindex/BooksTracker.build/Debug-iphonesimulator/BooksTrackerWidgetsExtension.build/Objects-normal/arm64/BooksTrackerWidgetsExtension.SwiftFileList (in target 'BooksTrackerWidgetsExtension' from project 'BooksTracker')
    cd /Users/juju/dev_repos/books-v3
    write-file /Users/juju/dev_repos/books-v3/.build/Build/Intermediates.noindex/BooksTracker.build/Debug-iphonesimulator/BooksTrackerWidgetsExtension.build/Objects-normal/arm64/BooksTrackerWidgetsExtension.SwiftFileList

WriteAuxiliaryFile /Users/juju/dev_repos/books-v3/.build/Build/Intermediates.noindex/BooksTracker.build/Debug-iphonesimulator/BooksTrackerWidgetsExtension.build/Objects-normal/x86_64/BooksTrackerWidgetsExtension.SwiftFileList (in target 'BooksTrackerWidgetsExtension' from project 'BooksTracker')
    cd /Users/juju/dev_repos/books-v3
    write-file /Users/juju/dev_repos/books-v3/.build/Build/Intermediates.noindex/BooksTracker.build/Debug-iphonesimulator/BooksTrackerWidgetsExtension.build/Objects-normal/x86_64/BooksTrackerWidgetsExtension.SwiftFileList

WriteAuxiliaryFile /Users/juju/dev_repos/books-v3/.build/Build/Intermediates.noindex/BooksTracker.build/Debug-iphonesimulator/BooksTrackerWidgetsExtension.build/Objects-normal/arm64/BooksTrackerWidgetsExtension_const_extract_protocols.json (in target 'BooksTrackerWidgetsExtension' from project 'BooksTracker')
    cd /Users/juju/dev_repos/books-v3
    write-file /Users/juju/dev_repos/books-v3/.build/Build/Intermediates.noindex/BooksTracker.build/Debug-iphonesimulator/BooksTrackerWidgetsExtension.build/Objects-normal/arm64/BooksTrackerWidgetsExtension_const_extract_protocols.json

WriteAuxiliaryFile /Users/juju/dev_repos/books-v3/.build/Build/Intermediates.noindex/BooksTracker.build/Debug-iphonesimulator/BooksTrackerWidgetsExtension.build/Objects-normal/x86_64/BooksTrackerWidgetsExtension-OutputFileMap.json (in target 'BooksTrackerWidgetsExtension' from project 'BooksTracker')
    cd /Users/juju/dev_repos/books-v3
    write-file /Users/juju/dev_repos/books-v3/.build/Build/Intermediates.noindex/BooksTracker.build/Debug-iphonesimulator/BooksTrackerWidgetsExtension.build/Objects-normal/x86_64/BooksTrackerWidgetsExtension-OutputFileMap.json

WriteAuxiliaryFile /Users/juju/dev_repos/books-v3/.build/Build/Intermediates.noindex/BooksTracker.build/Debug-iphonesimulator/BooksTrackerWidgetsExtension.build/Objects-normal/x86_64/BooksTrackerWidgetsExtension_const_extract_protocols.json (in target 'BooksTrackerWidgetsExtension' from project 'BooksTracker')
    cd /Users/juju/dev_repos/books-v3
    write-file /Users/juju/dev_repos/books-v3/.build/Build/Intermediates.noindex/BooksTracker.build/Debug-iphonesimulator/BooksTrackerWidgetsExtension.build/Objects-normal/x86_64/BooksTrackerWidgetsExtension_const_extract_protocols.json

WriteAuxiliaryFile /Users/juju/dev_repos/books-v3/.build/Build/Intermediates.noindex/BooksTracker.build/Debug-iphonesimulator/BooksTrackerWidgetsExtension.build/Objects-normal/x86_64/BooksTrackerWidgetsExtension.LinkFileList (in target 'BooksTrackerWidgetsExtension' from project 'BooksTracker')
    cd /Users/juju/dev_repos/books-v3
    write-file /Users/juju/dev_repos/books-v3/.build/Build/Intermediates.noindex/BooksTracker.build/Debug-iphonesimulator/BooksTrackerWidgetsExtension.build/Objects-normal/x86_64/BooksTrackerWidgetsExtension.LinkFileList

WriteAuxiliaryFile /Users/juju/dev_repos/books-v3/.build/Build/Intermediates.noindex/BooksTracker.build/Debug-iphonesimulator/BooksTrackerWidgetsExtension.build/Objects-normal/x86_64/BooksTrackerWidgetsExtension.SwiftConstValuesFileList (in target 'BooksTrackerWidgetsExtension' from project 'BooksTracker')
    cd /Users/juju/dev_repos/books-v3
    write-file /Users/juju/dev_repos/books-v3/.build/Build/Intermediates.noindex/BooksTracker.build/Debug-iphonesimulator/BooksTrackerWidgetsExtension.build/Objects-normal/x86_64/BooksTrackerWidgetsExtension.SwiftConstValuesFileList

WriteAuxiliaryFile /Users/juju/dev_repos/books-v3/.build/Build/Intermediates.noindex/BooksTracker.build/Debug-iphonesimulator/BooksTrackerWidgetsExtension.build/Objects-normal/arm64/BooksTrackerWidgetsExtension.SwiftConstValuesFileList (in target 'BooksTrackerWidgetsExtension' from project 'BooksTracker')
    cd /Users/juju/dev_repos/books-v3
    write-file /Users/juju/dev_repos/books-v3/.build/Build/Intermediates.noindex/BooksTracker.build/Debug-iphonesimulator/BooksTrackerWidgetsExtension.build/Objects-normal/arm64/BooksTrackerWidgetsExtension.SwiftConstValuesFileList

WriteAuxiliaryFile /Users/juju/dev_repos/books-v3/.build/Build/Intermediates.noindex/BooksTracker.build/Debug-iphonesimulator/BooksTrackerWidgetsExtension.build/Objects-normal/arm64/BooksTrackerWidgetsExtension.LinkFileList (in target 'BooksTrackerWidgetsExtension' from project 'BooksTracker')
    cd /Users/juju/dev_repos/books-v3
    write-file /Users/juju/dev_repos/books-v3/.build/Build/Intermediates.noindex/BooksTracker.build/Debug-iphonesimulator/BooksTrackerWidgetsExtension.build/Objects-normal/arm64/BooksTrackerWidgetsExtension.LinkFileList

WriteAuxiliaryFile /Users/juju/dev_repos/books-v3/.build/Build/Intermediates.noindex/BooksTracker.build/Debug-iphonesimulator/BooksTrackerWidgetsExtension.build/Objects-normal/arm64/BooksTrackerWidgetsExtension-OutputFileMap.json (in target 'BooksTrackerWidgetsExtension' from project 'BooksTracker')
    cd /Users/juju/dev_repos/books-v3
    write-file /Users/juju/dev_repos/books-v3/.build/Build/Intermediates.noindex/BooksTracker.build/Debug-iphonesimulator/BooksTrackerWidgetsExtension.build/Objects-normal/arm64/BooksTrackerWidgetsExtension-OutputFileMap.json

WriteAuxiliaryFile /Users/juju/dev_repos/books-v3/.build/Build/Intermediates.noindex/BooksTracker.build/Debug-iphonesimulator/BooksTrackerWidgetsExtension.build/BooksTrackerWidgetsExtension.hmap (in target 'BooksTrackerWidgetsExtension' from project 'BooksTracker')
    cd /Users/juju/dev_repos/books-v3
    write-file /Users/juju/dev_repos/books-v3/.build/Build/Intermediates.noindex/BooksTracker.build/Debug-iphonesimulator/BooksTrackerWidgetsExtension.build/BooksTrackerWidgetsExtension.hmap

WriteAuxiliaryFile /Users/juju/dev_repos/books-v3/.build/Build/Intermediates.noindex/BooksTracker.build/Debug-iphonesimulator/BooksTrackerWidgetsExtension.build/BooksTrackerWidgetsExtension.DependencyStaticMetadataFileList (in target 'BooksTrackerWidgetsExtension' from project 'BooksTracker')
    cd /Users/juju/dev_repos/books-v3
    write-file /Users/juju/dev_repos/books-v3/.build/Build/Intermediates.noindex/BooksTracker.build/Debug-iphonesimulator/BooksTrackerWidgetsExtension.build/BooksTrackerWidgetsExtension.DependencyStaticMetadataFileList

WriteAuxiliaryFile /Users/juju/dev_repos/books-v3/.build/Build/Intermediates.noindex/BooksTracker.build/Debug-iphonesimulator/BooksTrackerWidgetsExtension.build/DerivedSources/Entitlements-Simulated.plist (in target 'BooksTrackerWidgetsExtension' from project 'BooksTracker')
    cd /Users/juju/dev_repos/books-v3
    write-file /Users/juju/dev_repos/books-v3/.build/Build/Intermediates.noindex/BooksTracker.build/Debug-iphonesimulator/BooksTrackerWidgetsExtension.build/DerivedSources/Entitlements-Simulated.plist

WriteAuxiliaryFile /Users/juju/dev_repos/books-v3/.build/Build/Intermediates.noindex/BooksTracker.build/Debug-iphonesimulator/BooksTrackerWidgetsExtension.build/BooksTrackerWidgetsExtension.DependencyMetadataFileList (in target 'BooksTrackerWidgetsExtension' from project 'BooksTracker')
    cd /Users/juju/dev_repos/books-v3
    write-file /Users/juju/dev_repos/books-v3/.build/Build/Intermediates.noindex/BooksTracker.build/Debug-iphonesimulator/BooksTrackerWidgetsExtension.build/BooksTrackerWidgetsExtension.DependencyMetadataFileList

WriteAuxiliaryFile /Users/juju/dev_repos/books-v3/.build/Build/Intermediates.noindex/BooksTracker.build/Debug-iphonesimulator/BooksTrackerWidgetsExtension.build/BooksTrackerWidgetsExtension-project-headers.hmap (in target 'BooksTrackerWidgetsExtension' from project 'BooksTracker')
    cd /Users/juju/dev_repos/books-v3
    write-file /Users/juju/dev_repos/books-v3/.build/Build/Intermediates.noindex/BooksTracker.build/Debug-iphonesimulator/BooksTrackerWidgetsExtension.build/BooksTrackerWidgetsExtension-project-headers.hmap

WriteAuxiliaryFile /Users/juju/dev_repos/books-v3/.build/Build/Intermediates.noindex/BooksTracker.build/Debug-iphonesimulator/BooksTrackerWidgetsExtension.build/BooksTrackerWidgetsExtension-own-target-headers.hmap (in target 'BooksTrackerWidgetsExtension' from project 'BooksTracker')
    cd /Users/juju/dev_repos/books-v3
    write-file /Users/juju/dev_repos/books-v3/.build/Build/Intermediates.noindex/BooksTracker.build/Debug-iphonesimulator/BooksTrackerWidgetsExtension.build/BooksTrackerWidgetsExtension-own-target-headers.hmap

WriteAuxiliaryFile /Users/juju/dev_repos/books-v3/.build/Build/Intermediates.noindex/BooksTracker.build/Debug-iphonesimulator/BooksTrackerWidgetsExtension.build/BooksTrackerWidgetsExtension-generated-files.hmap (in target 'BooksTrackerWidgetsExtension' from project 'BooksTracker')
    cd /Users/juju/dev_repos/books-v3
    write-file /Users/juju/dev_repos/books-v3/.build/Build/Intermediates.noindex/BooksTracker.build/Debug-iphonesimulator/BooksTrackerWidgetsExtension.build/BooksTrackerWidgetsExtension-generated-files.hmap

WriteAuxiliaryFile /Users/juju/dev_repos/books-v3/.build/Build/Intermediates.noindex/BooksTracker.build/Debug-iphonesimulator/BooksTrackerWidgetsExtension.build/BooksTrackerWidgetsExtension-all-target-headers.hmap (in target 'BooksTrackerWidgetsExtension' from project 'BooksTracker')
    cd /Users/juju/dev_repos/books-v3
    write-file /Users/juju/dev_repos/books-v3/.build/Build/Intermediates.noindex/BooksTracker.build/Debug-iphonesimulator/BooksTrackerWidgetsExtension.build/BooksTrackerWidgetsExtension-all-target-headers.hmap

WriteAuxiliaryFile /Users/juju/dev_repos/books-v3/.build/Build/Intermediates.noindex/BooksTracker.build/Debug-iphonesimulator/BooksTrackerWidgetsExtension.build/BooksTrackerWidgetsExtension-all-non-framework-target-headers.hmap (in target 'BooksTrackerWidgetsExtension' from project 'BooksTracker')
    cd /Users/juju/dev_repos/books-v3
    write-file /Users/juju/dev_repos/books-v3/.build/Build/Intermediates.noindex/BooksTracker.build/Debug-iphonesimulator/BooksTrackerWidgetsExtension.build/BooksTrackerWidgetsExtension-all-non-framework-target-headers.hmap

WriteAuxiliaryFile /Users/juju/dev_repos/books-v3/.build/Build/Intermediates.noindex/BooksTracker.build/Debug-iphonesimulator/BooksTrackerWidgetsExtension.build/BooksTrackerWidgetsExtension-DebugEntryPoint-normal-x86_64.txt (in target 'BooksTrackerWidgetsExtension' from project 'BooksTracker')
    cd /Users/juju/dev_repos/books-v3
    write-file /Users/juju/dev_repos/books-v3/.build/Build/Intermediates.noindex/BooksTracker.build/Debug-iphonesimulator/BooksTrackerWidgetsExtension.build/BooksTrackerWidgetsExtension-DebugEntryPoint-normal-x86_64.txt

WriteAuxiliaryFile /Users/juju/dev_repos/books-v3/.build/Build/Intermediates.noindex/BooksTracker.build/Debug-iphonesimulator/BooksTrackerWidgetsExtension.build/BooksTrackerWidgetsExtension-DebugEntryPoint-normal-arm64.txt (in target 'BooksTrackerWidgetsExtension' from project 'BooksTracker')
    cd /Users/juju/dev_repos/books-v3
    write-file /Users/juju/dev_repos/books-v3/.build/Build/Intermediates.noindex/BooksTracker.build/Debug-iphonesimulator/BooksTrackerWidgetsExtension.build/BooksTrackerWidgetsExtension-DebugEntryPoint-normal-arm64.txt

WriteAuxiliaryFile /Users/juju/dev_repos/books-v3/.build/Build/Intermediates.noindex/BooksTracker.build/Debug-iphonesimulator/BooksTrackerWidgetsExtension.build/BooksTrackerWidgetsExtension-DebugDylibPath-normal-x86_64.txt (in target 'BooksTrackerWidgetsExtension' from project 'BooksTracker')
    cd /Users/juju/dev_repos/books-v3
    write-file /Users/juju/dev_repos/books-v3/.build/Build/Intermediates.noindex/BooksTracker.build/Debug-iphonesimulator/BooksTrackerWidgetsExtension.build/BooksTrackerWidgetsExtension-DebugDylibPath-normal-x86_64.txt

WriteAuxiliaryFile /Users/juju/dev_repos/books-v3/.build/Build/Intermediates.noindex/BooksTracker.build/Debug-iphonesimulator/BooksTrackerWidgetsExtension.build/BooksTrackerWidgetsExtension-DebugDylibPath-normal-arm64.txt (in target 'BooksTrackerWidgetsExtension' from project 'BooksTracker')
    cd /Users/juju/dev_repos/books-v3
    write-file /Users/juju/dev_repos/books-v3/.build/Build/Intermediates.noindex/BooksTracker.build/Debug-iphonesimulator/BooksTrackerWidgetsExtension.build/BooksTrackerWidgetsExtension-DebugDylibPath-normal-arm64.txt

WriteAuxiliaryFile /Users/juju/dev_repos/books-v3/.build/Build/Intermediates.noindex/BooksTracker.build/Debug-iphonesimulator/BooksTrackerWidgetsExtension.build/BooksTrackerWidgetsExtension-DebugDylibInstallName-normal-x86_64.txt (in target 'BooksTrackerWidgetsExtension' from project 'BooksTracker')
    cd /Users/juju/dev_repos/books-v3
    write-file /Users/juju/dev_repos/books-v3/.build/Build/Intermediates.noindex/BooksTracker.build/Debug-iphonesimulator/BooksTrackerWidgetsExtension.build/BooksTrackerWidgetsExtension-DebugDylibInstallName-normal-x86_64.txt

WriteAuxiliaryFile /Users/juju/dev_repos/books-v3/.build/Build/Intermediates.noindex/BooksTracker.build/Debug-iphonesimulator/BooksTrackerWidgetsExtension.build/BooksTrackerWidgetsExtension-DebugDylibInstallName-normal-arm64.txt (in target 'BooksTrackerWidgetsExtension' from project 'BooksTracker')
    cd /Users/juju/dev_repos/books-v3
    write-file /Users/juju/dev_repos/books-v3/.build/Build/Intermediates.noindex/BooksTracker.build/Debug-iphonesimulator/BooksTrackerWidgetsExtension.build/BooksTrackerWidgetsExtension-DebugDylibInstallName-normal-arm64.txt

WriteAuxiliaryFile /Users/juju/dev_repos/books-v3/.build/Build/Intermediates.noindex/BooksTrackerFeature.build/Debug-iphonesimulator/BooksTrackerFeature.build/Objects-normal/x86_64/BooksTrackerFeature_const_extract_protocols.json (in target 'BooksTrackerFeature' from project 'BooksTrackerFeature')
    cd /Users/juju/dev_repos/books-v3/BooksTrackerPackage
    write-file /Users/juju/dev_repos/books-v3/.build/Build/Intermediates.noindex/BooksTrackerFeature.build/Debug-iphonesimulator/BooksTrackerFeature.build/Objects-normal/x86_64/BooksTrackerFeature_const_extract_protocols.json

WriteAuxiliaryFile /Users/juju/dev_repos/books-v3/.build/Build/Intermediates.noindex/BooksTrackerFeature.build/Debug-iphonesimulator/BooksTrackerFeature.build/Objects-normal/x86_64/BooksTrackerFeature.SwiftFileList (in target 'BooksTrackerFeature' from project 'BooksTrackerFeature')
    cd /Users/juju/dev_repos/books-v3/BooksTrackerPackage
    write-file /Users/juju/dev_repos/books-v3/.build/Build/Intermediates.noindex/BooksTrackerFeature.build/Debug-iphonesimulator/BooksTrackerFeature.build/Objects-normal/x86_64/BooksTrackerFeature.SwiftFileList

WriteAuxiliaryFile /Users/juju/dev_repos/books-v3/.build/Build/Intermediates.noindex/BooksTrackerFeature.build/Debug-iphonesimulator/BooksTrackerFeature.build/Objects-normal/x86_64/BooksTrackerFeature.SwiftConstValuesFileList (in target 'BooksTrackerFeature' from project 'BooksTrackerFeature')
    cd /Users/juju/dev_repos/books-v3/BooksTrackerPackage
    write-file /Users/juju/dev_repos/books-v3/.build/Build/Intermediates.noindex/BooksTrackerFeature.build/Debug-iphonesimulator/BooksTrackerFeature.build/Objects-normal/x86_64/BooksTrackerFeature.SwiftConstValuesFileList

WriteAuxiliaryFile /Users/juju/dev_repos/books-v3/.build/Build/Intermediates.noindex/BooksTrackerFeature.build/Debug-iphonesimulator/BooksTrackerFeature.build/Objects-normal/x86_64/BooksTrackerFeature.LinkFileList (in target 'BooksTrackerFeature' from project 'BooksTrackerFeature')
    cd /Users/juju/dev_repos/books-v3/BooksTrackerPackage
    write-file /Users/juju/dev_repos/books-v3/.build/Build/Intermediates.noindex/BooksTrackerFeature.build/Debug-iphonesimulator/BooksTrackerFeature.build/Objects-normal/x86_64/BooksTrackerFeature.LinkFileList

WriteAuxiliaryFile /Users/juju/dev_repos/books-v3/.build/Build/Intermediates.noindex/BooksTrackerFeature.build/Debug-iphonesimulator/BooksTrackerFeature.build/Objects-normal/x86_64/BooksTrackerFeature-OutputFileMap.json (in target 'BooksTrackerFeature' from project 'BooksTrackerFeature')
    cd /Users/juju/dev_repos/books-v3/BooksTrackerPackage
    write-file /Users/juju/dev_repos/books-v3/.build/Build/Intermediates.noindex/BooksTrackerFeature.build/Debug-iphonesimulator/BooksTrackerFeature.build/Objects-normal/x86_64/BooksTrackerFeature-OutputFileMap.json

WriteAuxiliaryFile /Users/juju/dev_repos/books-v3/.build/Build/Intermediates.noindex/BooksTrackerFeature.build/Debug-iphonesimulator/BooksTrackerFeature.build/Objects-normal/arm64/BooksTrackerFeature_const_extract_protocols.json (in target 'BooksTrackerFeature' from project 'BooksTrackerFeature')
    cd /Users/juju/dev_repos/books-v3/BooksTrackerPackage
    write-file /Users/juju/dev_repos/books-v3/.build/Build/Intermediates.noindex/BooksTrackerFeature.build/Debug-iphonesimulator/BooksTrackerFeature.build/Objects-normal/arm64/BooksTrackerFeature_const_extract_protocols.json

WriteAuxiliaryFile /Users/juju/dev_repos/books-v3/.build/Build/Intermediates.noindex/BooksTrackerFeature.build/Debug-iphonesimulator/BooksTrackerFeature.build/Objects-normal/arm64/BooksTrackerFeature.SwiftFileList (in target 'BooksTrackerFeature' from project 'BooksTrackerFeature')
    cd /Users/juju/dev_repos/books-v3/BooksTrackerPackage
    write-file /Users/juju/dev_repos/books-v3/.build/Build/Intermediates.noindex/BooksTrackerFeature.build/Debug-iphonesimulator/BooksTrackerFeature.build/Objects-normal/arm64/BooksTrackerFeature.SwiftFileList

WriteAuxiliaryFile /Users/juju/dev_repos/books-v3/.build/Build/Intermediates.noindex/BooksTrackerFeature.build/Debug-iphonesimulator/BooksTrackerFeature.build/Objects-normal/arm64/BooksTrackerFeature.SwiftConstValuesFileList (in target 'BooksTrackerFeature' from project 'BooksTrackerFeature')
    cd /Users/juju/dev_repos/books-v3/BooksTrackerPackage
    write-file /Users/juju/dev_repos/books-v3/.build/Build/Intermediates.noindex/BooksTrackerFeature.build/Debug-iphonesimulator/BooksTrackerFeature.build/Objects-normal/arm64/BooksTrackerFeature.SwiftConstValuesFileList

WriteAuxiliaryFile /Users/juju/dev_repos/books-v3/.build/Build/Intermediates.noindex/BooksTrackerFeature.build/Debug-iphonesimulator/BooksTrackerFeature.build/Objects-normal/arm64/BooksTrackerFeature.LinkFileList (in target 'BooksTrackerFeature' from project 'BooksTrackerFeature')
    cd /Users/juju/dev_repos/books-v3/BooksTrackerPackage
    write-file /Users/juju/dev_repos/books-v3/.build/Build/Intermediates.noindex/BooksTrackerFeature.build/Debug-iphonesimulator/BooksTrackerFeature.build/Objects-normal/arm64/BooksTrackerFeature.LinkFileList

WriteAuxiliaryFile /Users/juju/dev_repos/books-v3/.build/Build/Intermediates.noindex/BooksTrackerFeature.build/Debug-iphonesimulator/BooksTrackerFeature.build/Objects-normal/arm64/BooksTrackerFeature-OutputFileMap.json (in target 'BooksTrackerFeature' from project 'BooksTrackerFeature')
    cd /Users/juju/dev_repos/books-v3/BooksTrackerPackage
    write-file /Users/juju/dev_repos/books-v3/.build/Build/Intermediates.noindex/BooksTrackerFeature.build/Debug-iphonesimulator/BooksTrackerFeature.build/Objects-normal/arm64/BooksTrackerFeature-OutputFileMap.json

WriteAuxiliaryFile /Users/juju/dev_repos/books-v3/.build/Build/Intermediates.noindex/BooksTrackerFeature.build/Debug-iphonesimulator/BooksTrackerFeature.build/BooksTrackerFeature.modulemap (in target 'BooksTrackerFeature' from project 'BooksTrackerFeature')
    cd /Users/juju/dev_repos/books-v3/BooksTrackerPackage
    write-file /Users/juju/dev_repos/books-v3/.build/Build/Intermediates.noindex/BooksTrackerFeature.build/Debug-iphonesimulator/BooksTrackerFeature.build/BooksTrackerFeature.modulemap

WriteAuxiliaryFile /Users/juju/dev_repos/books-v3/.build/Build/Intermediates.noindex/BooksTrackerFeature.build/Debug-iphonesimulator/BooksTrackerFeature.build/BooksTrackerFeature.DependencyStaticMetadataFileList (in target 'BooksTrackerFeature' from project 'BooksTrackerFeature')
    cd /Users/juju/dev_repos/books-v3/BooksTrackerPackage
    write-file /Users/juju/dev_repos/books-v3/.build/Build/Intermediates.noindex/BooksTrackerFeature.build/Debug-iphonesimulator/BooksTrackerFeature.build/BooksTrackerFeature.DependencyStaticMetadataFileList

WriteAuxiliaryFile /Users/juju/dev_repos/books-v3/.build/Build/Intermediates.noindex/BooksTrackerFeature.build/Debug-iphonesimulator/BooksTrackerFeature.build/BooksTrackerFeature.DependencyMetadataFileList (in target 'BooksTrackerFeature' from project 'BooksTrackerFeature')
    cd /Users/juju/dev_repos/books-v3/BooksTrackerPackage
    write-file /Users/juju/dev_repos/books-v3/.build/Build/Intermediates.noindex/BooksTrackerFeature.build/Debug-iphonesimulator/BooksTrackerFeature.build/BooksTrackerFeature.DependencyMetadataFileList

WriteAuxiliaryFile /Users/juju/dev_repos/books-v3/.build/Build/Intermediates.noindex/BooksTracker.build/Debug-iphonesimulator/BooksTracker.build/empty-BooksTracker.plist (in target 'BooksTracker' from project 'BooksTracker')
    cd /Users/juju/dev_repos/books-v3
    write-file /Users/juju/dev_repos/books-v3/.build/Build/Intermediates.noindex/BooksTracker.build/Debug-iphonesimulator/BooksTracker.build/empty-BooksTracker.plist

WriteAuxiliaryFile /Users/juju/dev_repos/books-v3/.build/Build/Intermediates.noindex/BooksTracker.build/Debug-iphonesimulator/BooksTracker.build/Objects-normal/x86_64/BooksTracker_const_extract_protocols.json (in target 'BooksTracker' from project 'BooksTracker')
    cd /Users/juju/dev_repos/books-v3
    write-file /Users/juju/dev_repos/books-v3/.build/Build/Intermediates.noindex/BooksTracker.build/Debug-iphonesimulator/BooksTracker.build/Objects-normal/x86_64/BooksTracker_const_extract_protocols.json

WriteAuxiliaryFile /Users/juju/dev_repos/books-v3/.build/Build/Intermediates.noindex/BooksTracker.build/Debug-iphonesimulator/BooksTracker.build/Objects-normal/x86_64/BooksTracker.SwiftFileList (in target 'BooksTracker' from project 'BooksTracker')
    cd /Users/juju/dev_repos/books-v3
    write-file /Users/juju/dev_repos/books-v3/.build/Build/Intermediates.noindex/BooksTracker.build/Debug-iphonesimulator/BooksTracker.build/Objects-normal/x86_64/BooksTracker.SwiftFileList

WriteAuxiliaryFile /Users/juju/dev_repos/books-v3/.build/Build/Intermediates.noindex/BooksTracker.build/Debug-iphonesimulator/BooksTracker.build/Objects-normal/x86_64/BooksTracker.SwiftConstValuesFileList (in target 'BooksTracker' from project 'BooksTracker')
    cd /Users/juju/dev_repos/books-v3
    write-file /Users/juju/dev_repos/books-v3/.build/Build/Intermediates.noindex/BooksTracker.build/Debug-iphonesimulator/BooksTracker.build/Objects-normal/x86_64/BooksTracker.SwiftConstValuesFileList

WriteAuxiliaryFile /Users/juju/dev_repos/books-v3/.build/Build/Intermediates.noindex/BooksTracker.build/Debug-iphonesimulator/BooksTracker.build/Objects-normal/x86_64/BooksTracker.LinkFileList (in target 'BooksTracker' from project 'BooksTracker')
    cd /Users/juju/dev_repos/books-v3
    write-file /Users/juju/dev_repos/books-v3/.build/Build/Intermediates.noindex/BooksTracker.build/Debug-iphonesimulator/BooksTracker.build/Objects-normal/x86_64/BooksTracker.LinkFileList

WriteAuxiliaryFile /Users/juju/dev_repos/books-v3/.build/Build/Intermediates.noindex/BooksTracker.build/Debug-iphonesimulator/BooksTracker.build/Objects-normal/x86_64/BooksTracker-OutputFileMap.json (in target 'BooksTracker' from project 'BooksTracker')
    cd /Users/juju/dev_repos/books-v3
    write-file /Users/juju/dev_repos/books-v3/.build/Build/Intermediates.noindex/BooksTracker.build/Debug-iphonesimulator/BooksTracker.build/Objects-normal/x86_64/BooksTracker-OutputFileMap.json

Copy /Users/juju/dev_repos/books-v3/.build/Build/Intermediates.noindex/GeneratedModuleMaps-iphonesimulator/BooksTrackerFeature.modulemap /Users/juju/dev_repos/books-v3/.build/Build/Intermediates.noindex/BooksTrackerFeature.build/Debug-iphonesimulator/BooksTrackerFeature.build/BooksTrackerFeature.modulemap (in target 'BooksTrackerFeature' from project 'BooksTrackerFeature')
    cd /Users/juju/dev_repos/books-v3/BooksTrackerPackage
    builtin-copy -exclude .DS_Store -exclude CVS -exclude .svn -exclude .git -exclude .hg -resolve-src-symlinks /Users/juju/dev_repos/books-v3/.build/Build/Intermediates.noindex/BooksTrackerFeature.build/Debug-iphonesimulator/BooksTrackerFeature.build/BooksTrackerFeature.modulemap /Users/juju/dev_repos/books-v3/.build/Build/Intermediates.noindex/GeneratedModuleMaps-iphonesimulator

WriteAuxiliaryFile /Users/juju/dev_repos/books-v3/.build/Build/Intermediates.noindex/BooksTracker.build/Debug-iphonesimulator/BooksTracker.build/Objects-normal/arm64/BooksTracker.SwiftFileList (in target 'BooksTracker' from project 'BooksTracker')
    cd /Users/juju/dev_repos/books-v3
    write-file /Users/juju/dev_repos/books-v3/.build/Build/Intermediates.noindex/BooksTracker.build/Debug-iphonesimulator/BooksTracker.build/Objects-normal/arm64/BooksTracker.SwiftFileList

WriteAuxiliaryFile /Users/juju/dev_repos/books-v3/.build/Build/Intermediates.noindex/BooksTracker.build/Debug-iphonesimulator/BooksTracker.build/Objects-normal/arm64/BooksTracker_const_extract_protocols.json (in target 'BooksTracker' from project 'BooksTracker')
    cd /Users/juju/dev_repos/books-v3
    write-file /Users/juju/dev_repos/books-v3/.build/Build/Intermediates.noindex/BooksTracker.build/Debug-iphonesimulator/BooksTracker.build/Objects-normal/arm64/BooksTracker_const_extract_protocols.json

WriteAuxiliaryFile /Users/juju/dev_repos/books-v3/.build/Build/Intermediates.noindex/BooksTracker.build/Debug-iphonesimulator/BooksTracker.build/Objects-normal/arm64/BooksTracker.SwiftConstValuesFileList (in target 'BooksTracker' from project 'BooksTracker')
    cd /Users/juju/dev_repos/books-v3
    write-file /Users/juju/dev_repos/books-v3/.build/Build/Intermediates.noindex/BooksTracker.build/Debug-iphonesimulator/BooksTracker.build/Objects-normal/arm64/BooksTracker.SwiftConstValuesFileList

WriteAuxiliaryFile /Users/juju/dev_repos/books-v3/.build/Build/Intermediates.noindex/BooksTracker.build/Debug-iphonesimulator/BooksTracker.build/Objects-normal/arm64/BooksTracker.LinkFileList (in target 'BooksTracker' from project 'BooksTracker')
    cd /Users/juju/dev_repos/books-v3
    write-file /Users/juju/dev_repos/books-v3/.build/Build/Intermediates.noindex/BooksTracker.build/Debug-iphonesimulator/BooksTracker.build/Objects-normal/arm64/BooksTracker.LinkFileList

WriteAuxiliaryFile /Users/juju/dev_repos/books-v3/.build/Build/Intermediates.noindex/BooksTracker.build/Debug-iphonesimulator/BooksTracker.build/Objects-normal/arm64/BooksTracker-OutputFileMap.json (in target 'BooksTracker' from project 'BooksTracker')
    cd /Users/juju/dev_repos/books-v3
    write-file /Users/juju/dev_repos/books-v3/.build/Build/Intermediates.noindex/BooksTracker.build/Debug-iphonesimulator/BooksTracker.build/Objects-normal/arm64/BooksTracker-OutputFileMap.json

WriteAuxiliaryFile /Users/juju/dev_repos/books-v3/.build/Build/Intermediates.noindex/BooksTracker.build/Debug-iphonesimulator/BooksTracker.build/DerivedSources/Entitlements-Simulated.plist (in target 'BooksTracker' from project 'BooksTracker')
    cd /Users/juju/dev_repos/books-v3
    write-file /Users/juju/dev_repos/books-v3/.build/Build/Intermediates.noindex/BooksTracker.build/Debug-iphonesimulator/BooksTracker.build/DerivedSources/Entitlements-Simulated.plist

WriteAuxiliaryFile /Users/juju/dev_repos/books-v3/.build/Build/Intermediates.noindex/BooksTracker.build/Debug-iphonesimulator/BooksTracker.build/BooksTracker.hmap (in target 'BooksTracker' from project 'BooksTracker')
    cd /Users/juju/dev_repos/books-v3
    write-file /Users/juju/dev_repos/books-v3/.build/Build/Intermediates.noindex/BooksTracker.build/Debug-iphonesimulator/BooksTracker.build/BooksTracker.hmap

WriteAuxiliaryFile /Users/juju/dev_repos/books-v3/.build/Build/Intermediates.noindex/BooksTracker.build/Debug-iphonesimulator/BooksTracker.build/BooksTracker.DependencyStaticMetadataFileList (in target 'BooksTracker' from project 'BooksTracker')
    cd /Users/juju/dev_repos/books-v3
    write-file /Users/juju/dev_repos/books-v3/.build/Build/Intermediates.noindex/BooksTracker.build/Debug-iphonesimulator/BooksTracker.build/BooksTracker.DependencyStaticMetadataFileList

WriteAuxiliaryFile /Users/juju/dev_repos/books-v3/.build/Build/Intermediates.noindex/BooksTracker.build/Debug-iphonesimulator/BooksTracker.build/BooksTracker.DependencyMetadataFileList (in target 'BooksTracker' from project 'BooksTracker')
    cd /Users/juju/dev_repos/books-v3
    write-file /Users/juju/dev_repos/books-v3/.build/Build/Intermediates.noindex/BooksTracker.build/Debug-iphonesimulator/BooksTracker.build/BooksTracker.DependencyMetadataFileList

WriteAuxiliaryFile /Users/juju/dev_repos/books-v3/.build/Build/Intermediates.noindex/BooksTracker.build/Debug-iphonesimulator/BooksTracker.build/BooksTracker-project-headers.hmap (in target 'BooksTracker' from project 'BooksTracker')
    cd /Users/juju/dev_repos/books-v3
    write-file /Users/juju/dev_repos/books-v3/.build/Build/Intermediates.noindex/BooksTracker.build/Debug-iphonesimulator/BooksTracker.build/BooksTracker-project-headers.hmap

WriteAuxiliaryFile /Users/juju/dev_repos/books-v3/.build/Build/Intermediates.noindex/BooksTracker.build/Debug-iphonesimulator/BooksTracker.build/BooksTracker-own-target-headers.hmap (in target 'BooksTracker' from project 'BooksTracker')
    cd /Users/juju/dev_repos/books-v3
    write-file /Users/juju/dev_repos/books-v3/.build/Build/Intermediates.noindex/BooksTracker.build/Debug-iphonesimulator/BooksTracker.build/BooksTracker-own-target-headers.hmap

WriteAuxiliaryFile /Users/juju/dev_repos/books-v3/.build/Build/Intermediates.noindex/BooksTracker.build/Debug-iphonesimulator/BooksTracker.build/BooksTracker-generated-files.hmap (in target 'BooksTracker' from project 'BooksTracker')
    cd /Users/juju/dev_repos/books-v3
    write-file /Users/juju/dev_repos/books-v3/.build/Build/Intermediates.noindex/BooksTracker.build/Debug-iphonesimulator/BooksTracker.build/BooksTracker-generated-files.hmap

WriteAuxiliaryFile /Users/juju/dev_repos/books-v3/.build/Build/Intermediates.noindex/BooksTracker.build/Debug-iphonesimulator/BooksTracker.build/BooksTracker-all-target-headers.hmap (in target 'BooksTracker' from project 'BooksTracker')
    cd /Users/juju/dev_repos/books-v3
    write-file /Users/juju/dev_repos/books-v3/.build/Build/Intermediates.noindex/BooksTracker.build/Debug-iphonesimulator/BooksTracker.build/BooksTracker-all-target-headers.hmap

WriteAuxiliaryFile /Users/juju/dev_repos/books-v3/.build/Build/Intermediates.noindex/BooksTracker.build/Debug-iphonesimulator/BooksTracker.build/BooksTracker-all-non-framework-target-headers.hmap (in target 'BooksTracker' from project 'BooksTracker')
    cd /Users/juju/dev_repos/books-v3
    write-file /Users/juju/dev_repos/books-v3/.build/Build/Intermediates.noindex/BooksTracker.build/Debug-iphonesimulator/BooksTracker.build/BooksTracker-all-non-framework-target-headers.hmap

WriteAuxiliaryFile /Users/juju/dev_repos/books-v3/.build/Build/Intermediates.noindex/BooksTracker.build/Debug-iphonesimulator/BooksTracker.build/BooksTracker-DebugDylibPath-normal-x86_64.txt (in target 'BooksTracker' from project 'BooksTracker')
    cd /Users/juju/dev_repos/books-v3
    write-file /Users/juju/dev_repos/books-v3/.build/Build/Intermediates.noindex/BooksTracker.build/Debug-iphonesimulator/BooksTracker.build/BooksTracker-DebugDylibPath-normal-x86_64.txt

WriteAuxiliaryFile /Users/juju/dev_repos/books-v3/.build/Build/Intermediates.noindex/BooksTracker.build/Debug-iphonesimulator/BooksTracker.build/BooksTracker-DebugDylibPath-normal-arm64.txt (in target 'BooksTracker' from project 'BooksTracker')
    cd /Users/juju/dev_repos/books-v3
    write-file /Users/juju/dev_repos/books-v3/.build/Build/Intermediates.noindex/BooksTracker.build/Debug-iphonesimulator/BooksTracker.build/BooksTracker-DebugDylibPath-normal-arm64.txt

WriteAuxiliaryFile /Users/juju/dev_repos/books-v3/.build/Build/Intermediates.noindex/BooksTracker.build/Debug-iphonesimulator/BooksTracker.build/BooksTracker-DebugDylibInstallName-normal-x86_64.txt (in target 'BooksTracker' from project 'BooksTracker')
    cd /Users/juju/dev_repos/books-v3
    write-file /Users/juju/dev_repos/books-v3/.build/Build/Intermediates.noindex/BooksTracker.build/Debug-iphonesimulator/BooksTracker.build/BooksTracker-DebugDylibInstallName-normal-x86_64.txt

WriteAuxiliaryFile /Users/juju/dev_repos/books-v3/.build/Build/Intermediates.noindex/BooksTracker.build/Debug-iphonesimulator/BooksTracker.build/BooksTracker-DebugDylibInstallName-normal-arm64.txt (in target 'BooksTracker' from project 'BooksTracker')
    cd /Users/juju/dev_repos/books-v3
    write-file /Users/juju/dev_repos/books-v3/.build/Build/Intermediates.noindex/BooksTracker.build/Debug-iphonesimulator/BooksTracker.build/BooksTracker-DebugDylibInstallName-normal-arm64.txt

MkDir /Users/juju/dev_repos/books-v3/.build/Build/Products/Debug-iphonesimulator/BooksTrackerWidgetsExtension.appex (in target 'BooksTrackerWidgetsExtension' from project 'BooksTracker')
    cd /Users/juju/dev_repos/books-v3
    /bin/mkdir -p /Users/juju/dev_repos/books-v3/.build/Build/Products/Debug-iphonesimulator/BooksTrackerWidgetsExtension.appex

MkDir /Users/juju/dev_repos/books-v3/.build/Build/Products/Debug-iphonesimulator/BooksTracker.app/PlugIns (in target 'BooksTracker' from project 'BooksTracker')
    cd /Users/juju/dev_repos/books-v3
    /bin/mkdir -p /Users/juju/dev_repos/books-v3/.build/Build/Products/Debug-iphonesimulator/BooksTracker.app/PlugIns

MkDir /Users/juju/dev_repos/books-v3/.build/Build/Products/Debug-iphonesimulator/BooksTracker.app (in target 'BooksTracker' from project 'BooksTracker')
    cd /Users/juju/dev_repos/books-v3
    /bin/mkdir -p /Users/juju/dev_repos/books-v3/.build/Build/Products/Debug-iphonesimulator/BooksTracker.app

SwiftDriver BooksTrackerFeature normal x86_64 com.apple.xcode.tools.swift.compiler (in target 'BooksTrackerFeature' from project 'BooksTrackerFeature')
    cd /Users/juju/dev_repos/books-v3
    builtin-SwiftDriver -- /Applications/Xcode-beta.app/Contents/Developer/Toolchains/XcodeDefault.xctoolchain/usr/bin/swiftc -module-name BooksTrackerFeature -Onone -enforce-exclusivity\=checked @/Users/juju/dev_repos/books-v3/.build/Build/Intermediates.noindex/BooksTrackerFeature.build/Debug-iphonesimulator/BooksTrackerFeature.build/Objects-normal/x86_64/BooksTrackerFeature.SwiftFileList -DSWIFT_PACKAGE -DDEBUG -DSWIFT_MODULE_RESOURCE_BUNDLE_UNAVAILABLE -DXcode -plugin-path /Applications/Xcode-beta.app/Contents/Developer/Toolchains/XcodeDefault.xctoolchain/usr/lib/swift/host/plugins/testing -enable-experimental-feature DebugDescriptionMacro -sdk /Applications/Xcode-beta.app/Contents/Developer/Platforms/iPhoneSimulator.platform/Developer/SDKs/iPhoneSimulator26.2.sdk -target x86_64-apple-ios26.0-simulator -g -module-cache-path /Users/juju/dev_repos/books-v3/.build/ModuleCache.noindex -Xfrontend -serialize-debugging-options -profile-coverage-mapping -profile-generate -enable-testing -index-store-path /Users/juju/dev_repos/books-v3/.build/Index.noindex/DataStore -Xcc -D_LIBCPP_HARDENING_MODE\=_LIBCPP_HARDENING_MODE_DEBUG -swift-version 6 -I /Users/juju/dev_repos/books-v3/.build/Build/Products/Debug-iphonesimulator -Isystem /Applications/Xcode-beta.app/Contents/Developer/Platforms/iPhoneSimulator.platform/Developer/usr/lib -F /Users/juju/dev_repos/books-v3/.build/Build/Products/Debug-iphonesimulator -F /Applications/Xcode-beta.app/Contents/Developer/Platforms/iPhoneSimulator.platform/Developer/Library/Frameworks -F /Applications/Xcode-beta.app/Contents/Developer/Platforms/iPhoneSimulator.platform/Developer/SDKs/iPhoneSimulator26.2.sdk/Developer/Library/Frameworks -c -j10 -enable-batch-mode -incremental -Xcc -ivfsstatcache -Xcc /Users/juju/dev_repos/books-v3/.build/SDKStatCaches.noindex/iphonesimulator26.2-23C5044a-c6bb09c85eeb1a59968f08cee6a58242.sdkstatcache -output-file-map /Users/juju/dev_repos/books-v3/.build/Build/Intermediates.noindex/BooksTrackerFeature.build/Debug-iphonesimulator/BooksTrackerFeature.build/Objects-normal/x86_64/BooksTrackerFeature-OutputFileMap.json -use-frontend-parseable-output -save-temps -no-color-diagnostics -explicit-module-build -module-cache-path /Users/juju/dev_repos/books-v3/.build/Build/Intermediates.noindex/SwiftExplicitPrecompiledModules -clang-scanner-module-cache-path /Users/juju/dev_repos/books-v3/.build/ModuleCache.noindex -sdk-module-cache-path /Users/juju/dev_repos/books-v3/.build/ModuleCache.noindex -serialize-diagnostics -emit-dependencies -emit-module -emit-module-path /Users/juju/dev_repos/books-v3/.build/Build/Intermediates.noindex/BooksTrackerFeature.build/Debug-iphonesimulator/BooksTrackerFeature.build/Objects-normal/x86_64/BooksTrackerFeature.swiftmodule -validate-clang-modules-once -clang-build-session-file /Users/juju/dev_repos/books-v3/.build/ModuleCache.noindex/Session.modulevalidation -package-name bookstrackerpackage -Xcc -I/Users/juju/dev_repos/books-v3/.build/Build/Intermediates.noindex/BooksTrackerFeature.build/Debug-iphonesimulator/BooksTrackerFeature.build/swift-overrides.hmap -emit-const-values -Xfrontend -const-gather-protocols-file -Xfrontend /Users/juju/dev_repos/books-v3/.build/Build/Intermediates.noindex/BooksTrackerFeature.build/Debug-iphonesimulator/BooksTrackerFeature.build/Objects-normal/x86_64/BooksTrackerFeature_const_extract_protocols.json -Xcc -I/Users/juju/dev_repos/books-v3/.build/Build/Products/Debug-iphonesimulator/include -Xcc -I/Users/juju/dev_repos/books-v3/.build/Build/Intermediates.noindex/BooksTrackerFeature.build/Debug-iphonesimulator/BooksTrackerFeature.build/DerivedSources-normal/x86_64 -Xcc -I/Users/juju/dev_repos/books-v3/.build/Build/Intermediates.noindex/BooksTrackerFeature.build/Debug-iphonesimulator/BooksTrackerFeature.build/DerivedSources/x86_64 -Xcc -I/Users/juju/dev_repos/books-v3/.build/Build/Intermediates.noindex/BooksTrackerFeature.build/Debug-iphonesimulator/BooksTrackerFeature.build/DerivedSources -Xcc -DSWIFT_PACKAGE -Xcc -DDEBUG\=1 -emit-objc-header -emit-objc-header-path /Users/juju/dev_repos/books-v3/.build/Build/Intermediates.noindex/BooksTrackerFeature.build/Debug-iphonesimulator/BooksTrackerFeature.build/Objects-normal/x86_64/BooksTrackerFeature-Swift.h -working-directory /Users/juju/dev_repos/books-v3 -experimental-emit-module-separately -disable-cmo

SwiftDriver BooksTrackerFeature normal arm64 com.apple.xcode.tools.swift.compiler (in target 'BooksTrackerFeature' from project 'BooksTrackerFeature')
    cd /Users/juju/dev_repos/books-v3
    builtin-SwiftDriver -- /Applications/Xcode-beta.app/Contents/Developer/Toolchains/XcodeDefault.xctoolchain/usr/bin/swiftc -module-name BooksTrackerFeature -Onone -enforce-exclusivity\=checked @/Users/juju/dev_repos/books-v3/.build/Build/Intermediates.noindex/BooksTrackerFeature.build/Debug-iphonesimulator/BooksTrackerFeature.build/Objects-normal/arm64/BooksTrackerFeature.SwiftFileList -DSWIFT_PACKAGE -DDEBUG -DSWIFT_MODULE_RESOURCE_BUNDLE_UNAVAILABLE -DXcode -plugin-path /Applications/Xcode-beta.app/Contents/Developer/Toolchains/XcodeDefault.xctoolchain/usr/lib/swift/host/plugins/testing -enable-experimental-feature DebugDescriptionMacro -sdk /Applications/Xcode-beta.app/Contents/Developer/Platforms/iPhoneSimulator.platform/Developer/SDKs/iPhoneSimulator26.2.sdk -target arm64-apple-ios26.0-simulator -g -module-cache-path /Users/juju/dev_repos/books-v3/.build/ModuleCache.noindex -Xfrontend -serialize-debugging-options -profile-coverage-mapping -profile-generate -enable-testing -index-store-path /Users/juju/dev_repos/books-v3/.build/Index.noindex/DataStore -Xcc -D_LIBCPP_HARDENING_MODE\=_LIBCPP_HARDENING_MODE_DEBUG -swift-version 6 -I /Users/juju/dev_repos/books-v3/.build/Build/Products/Debug-iphonesimulator -Isystem /Applications/Xcode-beta.app/Contents/Developer/Platforms/iPhoneSimulator.platform/Developer/usr/lib -F /Users/juju/dev_repos/books-v3/.build/Build/Products/Debug-iphonesimulator -F /Applications/Xcode-beta.app/Contents/Developer/Platforms/iPhoneSimulator.platform/Developer/Library/Frameworks -F /Applications/Xcode-beta.app/Contents/Developer/Platforms/iPhoneSimulator.platform/Developer/SDKs/iPhoneSimulator26.2.sdk/Developer/Library/Frameworks -c -j10 -enable-batch-mode -incremental -Xcc -ivfsstatcache -Xcc /Users/juju/dev_repos/books-v3/.build/SDKStatCaches.noindex/iphonesimulator26.2-23C5044a-c6bb09c85eeb1a59968f08cee6a58242.sdkstatcache -output-file-map /Users/juju/dev_repos/books-v3/.build/Build/Intermediates.noindex/BooksTrackerFeature.build/Debug-iphonesimulator/BooksTrackerFeature.build/Objects-normal/arm64/BooksTrackerFeature-OutputFileMap.json -use-frontend-parseable-output -save-temps -no-color-diagnostics -explicit-module-build -module-cache-path /Users/juju/dev_repos/books-v3/.build/Build/Intermediates.noindex/SwiftExplicitPrecompiledModules -clang-scanner-module-cache-path /Users/juju/dev_repos/books-v3/.build/ModuleCache.noindex -sdk-module-cache-path /Users/juju/dev_repos/books-v3/.build/ModuleCache.noindex -serialize-diagnostics -emit-dependencies -emit-module -emit-module-path /Users/juju/dev_repos/books-v3/.build/Build/Intermediates.noindex/BooksTrackerFeature.build/Debug-iphonesimulator/BooksTrackerFeature.build/Objects-normal/arm64/BooksTrackerFeature.swiftmodule -validate-clang-modules-once -clang-build-session-file /Users/juju/dev_repos/books-v3/.build/ModuleCache.noindex/Session.modulevalidation -package-name bookstrackerpackage -Xcc -I/Users/juju/dev_repos/books-v3/.build/Build/Intermediates.noindex/BooksTrackerFeature.build/Debug-iphonesimulator/BooksTrackerFeature.build/swift-overrides.hmap -emit-const-values -Xfrontend -const-gather-protocols-file -Xfrontend /Users/juju/dev_repos/books-v3/.build/Build/Intermediates.noindex/BooksTrackerFeature.build/Debug-iphonesimulator/BooksTrackerFeature.build/Objects-normal/arm64/BooksTrackerFeature_const_extract_protocols.json -Xcc -I/Users/juju/dev_repos/books-v3/.build/Build/Products/Debug-iphonesimulator/include -Xcc -I/Users/juju/dev_repos/books-v3/.build/Build/Intermediates.noindex/BooksTrackerFeature.build/Debug-iphonesimulator/BooksTrackerFeature.build/DerivedSources-normal/arm64 -Xcc -I/Users/juju/dev_repos/books-v3/.build/Build/Intermediates.noindex/BooksTrackerFeature.build/Debug-iphonesimulator/BooksTrackerFeature.build/DerivedSources/arm64 -Xcc -I/Users/juju/dev_repos/books-v3/.build/Build/Intermediates.noindex/BooksTrackerFeature.build/Debug-iphonesimulator/BooksTrackerFeature.build/DerivedSources -Xcc -DSWIFT_PACKAGE -Xcc -DDEBUG\=1 -emit-objc-header -emit-objc-header-path /Users/juju/dev_repos/books-v3/.build/Build/Intermediates.noindex/BooksTrackerFeature.build/Debug-iphonesimulator/BooksTrackerFeature.build/Objects-normal/arm64/BooksTrackerFeature-Swift.h -working-directory /Users/juju/dev_repos/books-v3 -experimental-emit-module-separately -disable-cmo

SwiftExplicitDependencyGeneratePcm arm64 /Users/juju/dev_repos/books-v3/.build/ModuleCache.noindex/_Builtin_stddef-5PI1F9DIS2TNOF86GRFJAMLUY.pcm

SwiftExplicitDependencyGeneratePcm arm64 /Users/juju/dev_repos/books-v3/.build/ModuleCache.noindex/_Builtin_stdarg-5VVKFKPEVG9NR12D8KAT6WCOV.pcm

SwiftExplicitDependencyGeneratePcm arm64 /Users/juju/dev_repos/books-v3/.build/ModuleCache.noindex/SwiftShims-C9LWX8K271F6ZPU04TVN287NE.pcm

SwiftExplicitDependencyGeneratePcm arm64 /Users/juju/dev_repos/books-v3/.build/ModuleCache.noindex/DeveloperToolsSupport-AKXEI7CCP61NXPOMZOSXPQ2XU.pcm

SwiftExplicitDependencyGeneratePcm arm64 /Users/juju/dev_repos/books-v3/.build/ModuleCache.noindex/ptrauth-5WJHVWXYO3U10CTK9QLG5YSM3.pcm

SwiftExplicitDependencyGeneratePcm arm64 /Users/juju/dev_repos/books-v3/.build/ModuleCache.noindex/_SwiftConcurrencyShims-E1709FKJ6YMWYT6UFYOOZ3PYN.pcm

SwiftExplicitDependencyGeneratePcm arm64 /Users/juju/dev_repos/books-v3/.build/ModuleCache.noindex/_Builtin_float-BQORJ5PD6S7J8HMH0665G92P4.pcm

SwiftExplicitDependencyGeneratePcm arm64 /Users/juju/dev_repos/books-v3/.build/ModuleCache.noindex/_Builtin_stdbool-1MADU07SNG5F15CG4UJQTTY1V.pcm

SwiftExplicitDependencyGeneratePcm arm64 /Users/juju/dev_repos/books-v3/.build/ModuleCache.noindex/_AvailabilityInternal-TR9PP9H6VRNE1ESLBCLDF0QQ.pcm

SwiftExplicitDependencyGeneratePcm arm64 /Users/juju/dev_repos/books-v3/.build/ModuleCache.noindex/ptrcheck-6W34HYQ00E6T1FGMW3RLIHJSF.pcm

SwiftExplicitDependencyGeneratePcm x86_64 /Users/juju/dev_repos/books-v3/.build/ModuleCache.noindex/ptrcheck-C8FAC0PWCF2DT399WW19D0XBI.pcm

SwiftExplicitDependencyGeneratePcm x86_64 /Users/juju/dev_repos/books-v3/.build/ModuleCache.noindex/_Builtin_stddef-3NAWXBR85RF3T23JT1YV5YO82.pcm

SwiftExplicitDependencyGeneratePcm x86_64 /Users/juju/dev_repos/books-v3/.build/ModuleCache.noindex/DeveloperToolsSupport-2TN76JAN5DD2HJA08LCFD7W9T.pcm

SwiftExplicitDependencyGeneratePcm x86_64 /Users/juju/dev_repos/books-v3/.build/ModuleCache.noindex/_SwiftConcurrencyShims-5QVTDLBHFCGJDGG79RQ630B5Z.pcm

SwiftExplicitDependencyGeneratePcm x86_64 /Users/juju/dev_repos/books-v3/.build/ModuleCache.noindex/ptrauth-53CR2J6E8N4OJ95ZNLLD6FYDW.pcm

SwiftExplicitDependencyGeneratePcm x86_64 /Users/juju/dev_repos/books-v3/.build/ModuleCache.noindex/_Builtin_float-YUQNB259057EA1R4G18D5WPG.pcm

SwiftExplicitDependencyGeneratePcm x86_64 /Users/juju/dev_repos/books-v3/.build/ModuleCache.noindex/_Builtin_stdarg-36FDKP639WD97KXPSGONLA901.pcm

SwiftExplicitDependencyGeneratePcm x86_64 /Users/juju/dev_repos/books-v3/.build/ModuleCache.noindex/_AvailabilityInternal-50B2WWEEL010KNCGA4LUN1PIA.pcm

SwiftExplicitDependencyGeneratePcm x86_64 /Users/juju/dev_repos/books-v3/.build/ModuleCache.noindex/SwiftShims-EB2DHAOUFHCQMSN3IMC8V1JZ7.pcm

SwiftExplicitDependencyGeneratePcm arm64 /Users/juju/dev_repos/books-v3/.build/ModuleCache.noindex/_DarwinFoundation1-8I7M5T2VXOCNRPJAS1BROOYSN.pcm

SwiftExplicitDependencyGeneratePcm x86_64 /Users/juju/dev_repos/books-v3/.build/ModuleCache.noindex/_Builtin_stdbool-7GU78R6Q1DJDJUHMXKFOVSLG2.pcm

SwiftExplicitDependencyGeneratePcm x86_64 /Users/juju/dev_repos/books-v3/.build/ModuleCache.noindex/_DarwinFoundation1-C3JNLEC0MMBCX6JAAUW36F5S2.pcm

SwiftExplicitDependencyGeneratePcm arm64 /Users/juju/dev_repos/books-v3/.build/ModuleCache.noindex/ExtensionFoundation-D73ES1KQGRPQHO0ANPXG0KP2.pcm

SwiftExplicitDependencyGeneratePcm arm64 /Users/juju/dev_repos/books-v3/.build/ModuleCache.noindex/_Builtin_limits-7YGTIQBNZ9FUOZI4QR7SZGQR0.pcm

SwiftExplicitDependencyGeneratePcm arm64 /Users/juju/dev_repos/books-v3/.build/ModuleCache.noindex/_DarwinFoundation2-40T7JGEST4FJPZY5DNI89Q21K.pcm

SwiftExplicitDependencyGeneratePcm x86_64 /Users/juju/dev_repos/books-v3/.build/ModuleCache.noindex/ExtensionFoundation-AIPERMPXXWAUI84KJPZ2WRT02.pcm

SwiftExplicitDependencyGeneratePcm x86_64 /Users/juju/dev_repos/books-v3/.build/ModuleCache.noindex/_Builtin_limits-1RIVISKI6G10GWY5YOMX2V9Z0.pcm

SwiftExplicitDependencyGeneratePcm x86_64 /Users/juju/dev_repos/books-v3/.build/ModuleCache.noindex/_DarwinFoundation2-739OWZY89GPX4808GHEYQJGPZ.pcm

SwiftExplicitDependencyGeneratePcm arm64 /Users/juju/dev_repos/books-v3/.build/ModuleCache.noindex/_Builtin_tgmath-7D1X29BXB4WYV8I78SCU7LEYP.pcm

SwiftExplicitDependencyGeneratePcm arm64 /Users/juju/dev_repos/books-v3/.build/ModuleCache.noindex/sys_types-DQV6KVUU6O8EBUIDQ4ML81YV.pcm

SwiftExplicitDependencyGeneratePcm arm64 /Users/juju/dev_repos/books-v3/.build/ModuleCache.noindex/_Builtin_stdint-25G4PJ0H297AWZ6LE5VN0YDFL.pcm

SwiftExplicitDependencyGeneratePcm x86_64 /Users/juju/dev_repos/books-v3/.build/ModuleCache.noindex/_Builtin_tgmath-8ZUPFRUOT3176TDZBWL5S18Y9.pcm

SwiftExplicitDependencyGeneratePcm x86_64 /Users/juju/dev_repos/books-v3/.build/ModuleCache.noindex/sys_types-ABSYM2BLQSTZW8W185GYL1SRN.pcm

SwiftExplicitDependencyGeneratePcm x86_64 /Users/juju/dev_repos/books-v3/.build/ModuleCache.noindex/_Builtin_stdint-EV0GRU50ZAR0RREAGWE5MTY6D.pcm

SwiftExplicitDependencyGeneratePcm arm64 /Users/juju/dev_repos/books-v3/.build/ModuleCache.noindex/_Builtin_intrinsics-351QANYI0K71N9B5KFA4XF2YZ.pcm

SwiftExplicitDependencyGeneratePcm arm64 /Users/juju/dev_repos/books-v3/.build/ModuleCache.noindex/_Builtin_stdatomic-B2275ROBP6QV1KV9BBR3KBAZT.pcm

SwiftExplicitDependencyGeneratePcm arm64 /Users/juju/dev_repos/books-v3/.build/ModuleCache.noindex/_DarwinFoundation3-ER1IGDK7KTDA58Q640DUZRUOJ.pcm

SwiftExplicitDependencyGeneratePcm x86_64 /Users/juju/dev_repos/books-v3/.build/ModuleCache.noindex/_DarwinFoundation3-9Y2B5T3B71X1NLK351WB5GO65.pcm

SwiftExplicitDependencyGeneratePcm x86_64 /Users/juju/dev_repos/books-v3/.build/ModuleCache.noindex/_Builtin_stdatomic-570GMY84PFWXAA8XHS1EI8Y6Q.pcm

SwiftExplicitDependencyGeneratePcm arm64 /Users/juju/dev_repos/books-v3/.build/ModuleCache.noindex/_Builtin_inttypes-8LBZNWCVCGRHET29L2R3JOGP8.pcm

SwiftExplicitDependencyGeneratePcm x86_64 /Users/juju/dev_repos/books-v3/.build/ModuleCache.noindex/_Builtin_inttypes-2RGWS2P99JGJS4F2MOW5R2K1T.pcm

SwiftExplicitDependencyGeneratePcm x86_64 /Users/juju/dev_repos/books-v3/.build/ModuleCache.noindex/_Builtin_intrinsics-3MHMQIH5GUJKYRL159H41S9YC.pcm

SwiftExplicitDependencyGeneratePcm arm64 /Users/juju/dev_repos/books-v3/.build/ModuleCache.noindex/Darwin-888VB78B1SMTA23EN31U94XO0.pcm

SwiftExplicitDependencyGeneratePcm x86_64 /Users/juju/dev_repos/books-v3/.build/ModuleCache.noindex/Darwin-16PCNHIW29ZOOOHGZNCEOESXR.pcm

SwiftExplicitDependencyGeneratePcm arm64 /Users/juju/dev_repos/books-v3/.build/ModuleCache.noindex/simd-2V4DUSFR9IDOQMQ6E8LQB1BU1.pcm

SwiftExplicitDependencyGeneratePcm arm64 /Users/juju/dev_repos/books-v3/.build/ModuleCache.noindex/ObjectiveC-373WOWGJEZBFT5ZQP0SFLEWWE.pcm

SwiftExplicitDependencyGeneratePcm arm64 /Users/juju/dev_repos/books-v3/.build/ModuleCache.noindex/MachO-83SYK80DSXEH40VI0YBBMBYV7.pcm

SwiftExplicitDependencyGeneratePcm x86_64 /Users/juju/dev_repos/books-v3/.build/ModuleCache.noindex/MachO-D8N5B0YHOEMUD6B9Q5FHG0Z4U.pcm

SwiftExplicitDependencyGeneratePcm x86_64 /Users/juju/dev_repos/books-v3/.build/ModuleCache.noindex/ObjectiveC-6ENPHAVVS22PJ5JCKZ41SG2OA.pcm

SwiftExplicitDependencyGeneratePcm x86_64 /Users/juju/dev_repos/books-v3/.build/ModuleCache.noindex/simd-4AWMUETJ5C2PC5RTH1Y018KL.pcm

SwiftExplicitDependencyGeneratePcm x86_64 /Users/juju/dev_repos/books-v3/.build/ModuleCache.noindex/os_object-EJ0K4JZWQY3V1967ROFIJC1OG.pcm

SwiftExplicitDependencyGeneratePcm arm64 /Users/juju/dev_repos/books-v3/.build/ModuleCache.noindex/os_object-8H1JXQ8UAHB4JBYPWCN85S1L3.pcm

SwiftExplicitDependencyGeneratePcm x86_64 /Users/juju/dev_repos/books-v3/.build/ModuleCache.noindex/os_workgroup-BURRTG1QSPVF8JUTSMPOGSH5V.pcm

SwiftExplicitDependencyGeneratePcm arm64 /Users/juju/dev_repos/books-v3/.build/ModuleCache.noindex/os_workgroup-77UZ4Y56C4LNW1ABOSRFSWMIY.pcm

SwiftExplicitDependencyGeneratePcm x86_64 /Users/juju/dev_repos/books-v3/.build/ModuleCache.noindex/Dispatch-B08FCV9XQRVDDBTT0NGPI3N54.pcm

SwiftExplicitDependencyGeneratePcm arm64 /Users/juju/dev_repos/books-v3/.build/ModuleCache.noindex/Spatial-2D1QG5F1V8CU9EEFK3YVRPXL1.pcm

SwiftExplicitDependencyGeneratePcm arm64 /Users/juju/dev_repos/books-v3/.build/ModuleCache.noindex/Dispatch-78YMG57AMCBD0AD112071QXE5.pcm

SwiftExplicitDependencyGeneratePcm x86_64 /Users/juju/dev_repos/books-v3/.build/ModuleCache.noindex/dnssd-MPS5Q7PZSB2H4GMZZZXWPRTK.pcm

SwiftExplicitDependencyGeneratePcm x86_64 /Users/juju/dev_repos/books-v3/.build/ModuleCache.noindex/CoreFoundation-41S85ST7VPSL79QNAE854UIIK.pcm

SwiftExplicitDependencyGeneratePcm x86_64 /Users/juju/dev_repos/books-v3/.build/ModuleCache.noindex/XPC-8SNFB9DQ3Z4UJOMDWXRBPPTWA.pcm

SwiftExplicitDependencyGeneratePcm arm64 /Users/juju/dev_repos/books-v3/.build/ModuleCache.noindex/CoreFoundation-B0E2E5W02TW9EGPKW818Q93BJ.pcm

SwiftExplicitDependencyGeneratePcm arm64 /Users/juju/dev_repos/books-v3/.build/ModuleCache.noindex/dnssd-1WZNWLZLFNNXZ0NMMZJIW0X2I.pcm

SwiftExplicitDependencyGeneratePcm arm64 /Users/juju/dev_repos/books-v3/.build/ModuleCache.noindex/XPC-6XXVCNCUHM81NUJHDT3BZIXF8.pcm

SwiftExplicitDependencyGeneratePcm arm64 /Users/juju/dev_repos/books-v3/.build/ModuleCache.noindex/os-B7HQ1Z99IQLL3IRO2F73R9BAA.pcm

SwiftExplicitDependencyGeneratePcm x86_64 /Users/juju/dev_repos/books-v3/.build/ModuleCache.noindex/os-400GLTWXGWXBZK727MK550LG7.pcm

SwiftExplicitDependencyGeneratePcm x86_64 /Users/juju/dev_repos/books-v3/.build/ModuleCache.noindex/Security-D7UY6S3U3LS20IF27KSGJZ3U7.pcm

SwiftExplicitDependencyGeneratePcm x86_64 /Users/juju/dev_repos/books-v3/.build/ModuleCache.noindex/CoreGraphics-AGL6LHT0N24HDH3UUTH9QRUZQ.pcm

SwiftExplicitDependencyGeneratePcm x86_64 /Users/juju/dev_repos/books-v3/.build/ModuleCache.noindex/CoreAudioTypes-CH3JXUDNCFDGJ692O2CK6YO99.pcm

SwiftExplicitDependencyGeneratePcm x86_64 /Users/juju/dev_repos/books-v3/.build/ModuleCache.noindex/CFNetwork-E0NTVW2WDN3NXJT6R6U8B6W2O.pcm

SwiftExplicitDependencyGeneratePcm arm64 /Users/juju/dev_repos/books-v3/.build/ModuleCache.noindex/Security-9EYLI8S65QDJCBVLPALBH3ZGD.pcm

SwiftExplicitDependencyGeneratePcm arm64 /Users/juju/dev_repos/books-v3/.build/ModuleCache.noindex/CoreAudioTypes-1IFXBUUHER5AKY3TT9X0HNGML.pcm

SwiftExplicitDependencyGeneratePcm arm64 /Users/juju/dev_repos/books-v3/.build/ModuleCache.noindex/CFNetwork-CHA19120IURL8LW5KIJQMXXCS.pcm

SwiftExplicitDependencyGeneratePcm arm64 /Users/juju/dev_repos/books-v3/.build/ModuleCache.noindex/CoreGraphics-9QA1ZP1KOSD2FOX3YRB6MZT63.pcm

SwiftExplicitDependencyGeneratePcm x86_64 /Users/juju/dev_repos/books-v3/.build/ModuleCache.noindex/CoreAudio-AJT5PVA1TOSHB0AEUJY99I9IW.pcm

SwiftExplicitDependencyGeneratePcm x86_64 /Users/juju/dev_repos/books-v3/.build/ModuleCache.noindex/Spatial-CBEDIP9U7HSOCXTP7V7NE8GC.pcm

SwiftExplicitDependencyGeneratePcm arm64 /Users/juju/dev_repos/books-v3/.build/ModuleCache.noindex/CoreAudio-8RKDNAENF40LG2M8P59N1EVZN.pcm

SwiftExplicitDependencyGeneratePcm x86_64 /Users/juju/dev_repos/books-v3/.build/ModuleCache.noindex/Foundation-57C5D3EGA5EAGNENHOO09KP89.pcm

SwiftExplicitDependencyGeneratePcm x86_64 /Users/juju/dev_repos/books-v3/.build/ModuleCache.noindex/ImageIO-DQP6UL8VHGQR4SKM99YJZU044.pcm

SwiftExplicitDependencyGeneratePcm x86_64 /Users/juju/dev_repos/books-v3/.build/ModuleCache.noindex/CoreText-4P0LKGXXSJN0FICH4OW7E91W9.pcm

SwiftExplicitDependencyGeneratePcm arm64 /Users/juju/dev_repos/books-v3/.build/ModuleCache.noindex/Foundation-1HE1WFPJ8354POTLPC03LRH7G.pcm

SwiftExplicitDependencyGeneratePcm arm64 /Users/juju/dev_repos/books-v3/.build/ModuleCache.noindex/ImageIO-3DUZJOF67L6IF61W7D7DV18KE.pcm

SwiftExplicitDependencyGeneratePcm arm64 /Users/juju/dev_repos/books-v3/.build/ModuleCache.noindex/CoreText-F3L7ACUVT9EWR7PFZITHQ4PLG.pcm

SwiftExplicitDependencyGeneratePcm x86_64 /Users/juju/dev_repos/books-v3/.build/ModuleCache.noindex/UserNotifications-6NSJPJBZ1RQH21U3HQCS1XMP9.pcm

SwiftExplicitDependencyGeneratePcm x86_64 /Users/juju/dev_repos/books-v3/.build/ModuleCache.noindex/UniformTypeIdentifiers-51W4ALR5VUCSG4HPNZ2W94VIP.pcm

SwiftExplicitDependencyGeneratePcm x86_64 /Users/juju/dev_repos/books-v3/.build/ModuleCache.noindex/CoreMIDI-1I61DTPNJDFN8TCNS45PCD6V7.pcm

SwiftExplicitDependencyGeneratePcm x86_64 /Users/juju/dev_repos/books-v3/.build/ModuleCache.noindex/OpenGLES-5NIPBF165DCYVLMK4I5IDLFIK.pcm

SwiftExplicitDependencyGeneratePcm x86_64 /Users/juju/dev_repos/books-v3/.build/ModuleCache.noindex/UIUtilities-CJTEY34LYE8QU2BR0BAI6EDR1.pcm

SwiftExplicitDependencyGeneratePcm x86_64 /Users/juju/dev_repos/books-v3/.build/ModuleCache.noindex/Network-8I6B7N837CS001DYGT28KR4NO.pcm

SwiftExplicitDependencyGeneratePcm x86_64 /Users/juju/dev_repos/books-v3/.build/ModuleCache.noindex/Symbols-A817MV4B8ZW00N1M6GKJR9I75.pcm

SwiftExplicitDependencyGeneratePcm x86_64 /Users/juju/dev_repos/books-v3/.build/ModuleCache.noindex/Accessibility-B8DY35VE5698GZV1ESLFMEOTA.pcm

SwiftExplicitDependencyGeneratePcm x86_64 /Users/juju/dev_repos/books-v3/.build/ModuleCache.noindex/_LocationEssentials-9K6VN9CQI2DL53E8Z90BHB46J.pcm

SwiftExplicitDependencyGeneratePcm x86_64 /Users/juju/dev_repos/books-v3/.build/ModuleCache.noindex/OSLog-DVIZBG7DF3NMOMRBDEQUSZRP6.pcm

SwiftExplicitDependencyGeneratePcm arm64 /Users/juju/dev_repos/books-v3/.build/ModuleCache.noindex/UserNotifications-WP7XH8HLJN5ZGA41AQCBFE7J.pcm

SwiftExplicitDependencyGeneratePcm arm64 /Users/juju/dev_repos/books-v3/.build/ModuleCache.noindex/UIUtilities-CVUH4XVVLX8EP7T413B0WHP84.pcm

SwiftExplicitDependencyGeneratePcm arm64 /Users/juju/dev_repos/books-v3/.build/ModuleCache.noindex/FileProvider-1Y85JJJ015QK8MAUSVWZ7C8TW.pcm

SwiftExplicitDependencyGeneratePcm arm64 /Users/juju/dev_repos/books-v3/.build/ModuleCache.noindex/IOSurface-A33F4X18CW09RJFFFPU7VT3QD.pcm

SwiftExplicitDependencyGeneratePcm arm64 /Users/juju/dev_repos/books-v3/.build/ModuleCache.noindex/OpenGLES-2LCVIZ96GVB0NBZRWOAVJ1FZ5.pcm

SwiftExplicitDependencyGeneratePcm arm64 /Users/juju/dev_repos/books-v3/.build/ModuleCache.noindex/Network-EIVUOKLHLPD6FZUN40AZDFW25.pcm

SwiftExplicitDependencyGeneratePcm x86_64 /Users/juju/dev_repos/books-v3/.build/ModuleCache.noindex/CoreTransferable-36BY2BZBDKHG58XHKMAZ92Z9P.pcm

SwiftExplicitDependencyGeneratePcm x86_64 /Users/juju/dev_repos/books-v3/.build/ModuleCache.noindex/CoreLocation-AYCQRWDEIZ4FIWVAZLQ100YYG.pcm

SwiftExplicitDependencyGeneratePcm x86_64 /Users/juju/dev_repos/books-v3/.build/ModuleCache.noindex/FileProvider-75CHRVGUSDH4GCDRD0DRRDL2Q.pcm

SwiftExplicitDependencyGeneratePcm x86_64 /Users/juju/dev_repos/books-v3/.build/ModuleCache.noindex/AVRouting-AB6LAC98ZAG2Z0HC5HJTQN3TY.pcm

SwiftExplicitDependencyGeneratePcm arm64 /Users/juju/dev_repos/books-v3/.build/ModuleCache.noindex/UniformTypeIdentifiers-A5TNNPHTLRZTBONTQXLTZPETA.pcm

SwiftExplicitDependencyGeneratePcm arm64 /Users/juju/dev_repos/books-v3/.build/ModuleCache.noindex/OSLog-6IMV9DXC237HSM0555LBSWMEL.pcm

SwiftExplicitDependencyGeneratePcm arm64 /Users/juju/dev_repos/books-v3/.build/ModuleCache.noindex/Metal-2R2SXCZW3VJ7TVY8QN0H12IGR.pcm

SwiftExplicitDependencyGeneratePcm x86_64 /Users/juju/dev_repos/books-v3/.build/ModuleCache.noindex/DataDetection-6DC9U0HAERQNCH90RZ9CI13XC.pcm

SwiftExplicitDependencyGeneratePcm arm64 /Users/juju/dev_repos/books-v3/.build/ModuleCache.noindex/DataDetection-E13YFY5R2RND79U7X4IB9X3AQ.pcm

SwiftExplicitDependencyGeneratePcm arm64 /Users/juju/dev_repos/books-v3/.build/ModuleCache.noindex/_LocationEssentials-8VECMXEO14D16WPDRULYGH0RD.pcm

SwiftExplicitDependencyGeneratePcm arm64 /Users/juju/dev_repos/books-v3/.build/ModuleCache.noindex/CoreMIDI-80AI5I4WMOCZUWWCIYE56O4CX.pcm

SwiftExplicitDependencyGeneratePcm x86_64 /Users/juju/dev_repos/books-v3/.build/ModuleCache.noindex/IOSurface-AL3Y2M1Y2B6SKC6LI9PM5VUDT.pcm

SwiftExplicitDependencyGeneratePcm x86_64 /Users/juju/dev_repos/books-v3/.build/ModuleCache.noindex/AudioToolbox-5ND84TLDG0RLGQUF4O0WQHOA1.pcm

SwiftExplicitDependencyGeneratePcm x86_64 /Users/juju/dev_repos/books-v3/.build/ModuleCache.noindex/CoreData-5F2ET69CVC3W4IPMPPDQ44ELO.pcm

SwiftExplicitDependencyGeneratePcm arm64 /Users/juju/dev_repos/books-v3/.build/ModuleCache.noindex/Accessibility-7L41NRLOT78GJ3G2IZI3HZ3K5.pcm

SwiftExplicitDependencyGeneratePcm arm64 /Users/juju/dev_repos/books-v3/.build/ModuleCache.noindex/AVRouting-31JA89BED85II5V7BCMZ03ESS.pcm

SwiftExplicitDependencyGeneratePcm arm64 /Users/juju/dev_repos/books-v3/.build/ModuleCache.noindex/CoreTransferable-DSJXJNY1AOJ028JBWO7X13RS0.pcm

SwiftExplicitDependencyGeneratePcm arm64 /Users/juju/dev_repos/books-v3/.build/ModuleCache.noindex/Symbols-7PLJLF8BNEGTBG6L4X6BG0H4.pcm

SwiftExplicitDependencyGeneratePcm arm64 /Users/juju/dev_repos/books-v3/.build/ModuleCache.noindex/CoreData-92KBHVJLVRFKZJ9S9STGR02EW.pcm

SwiftExplicitDependencyGeneratePcm arm64 /Users/juju/dev_repos/books-v3/.build/ModuleCache.noindex/CoreLocation-C1OSMR2NAOCRNX24H7TLHVVQJ.pcm

SwiftExplicitDependencyGeneratePcm x86_64 /Users/juju/dev_repos/books-v3/.build/ModuleCache.noindex/Metal-AFX4JCUDMB8BAV1N7EZHH7KPN.pcm

SwiftExplicitDependencyGeneratePcm arm64 /Users/juju/dev_repos/books-v3/.build/ModuleCache.noindex/AudioToolbox-DXRMADWBTH32RXCZ48YA9RO0O.pcm

SwiftExplicitDependencyGeneratePcm arm64 /Users/juju/dev_repos/books-v3/.build/ModuleCache.noindex/CoreVideo-E3M3K12LEE9EK86Y7AMKUXKA2.pcm

SwiftExplicitDependencyGeneratePcm x86_64 /Users/juju/dev_repos/books-v3/.build/ModuleCache.noindex/CoreVideo-6JUA9NKW7MXO9USXY36ZS3EY0.pcm

SwiftExplicitDependencyGeneratePcm arm64 /Users/juju/dev_repos/books-v3/.build/ModuleCache.noindex/QuartzCore-CTGIKFCDVRKD1SCKW3TE4V6TI.pcm

SwiftExplicitDependencyGeneratePcm arm64 /Users/juju/dev_repos/books-v3/.build/ModuleCache.noindex/CoreML-B1TBNPLT4G8X3EK1M1BFGJPMR.pcm

SwiftExplicitDependencyGeneratePcm arm64 /Users/juju/dev_repos/books-v3/.build/ModuleCache.noindex/Accelerate-CNRJGM6G25NPM6HQ53T8YSBW1.pcm

SwiftExplicitDependencyGeneratePcm arm64 /Users/juju/dev_repos/books-v3/.build/ModuleCache.noindex/CoreImage-3JN21V6131CDI1497Y2MU3PTW.pcm

SwiftExplicitDependencyGeneratePcm arm64 /Users/juju/dev_repos/books-v3/.build/ModuleCache.noindex/CoreMedia-2NVDICP1PTM2Q6AVYY0KA87VA.pcm

SwiftExplicitDependencyGeneratePcm x86_64 /Users/juju/dev_repos/books-v3/.build/ModuleCache.noindex/QuartzCore-1KX551C50RCLLY4U2MJ2YWALJ.pcm

SwiftExplicitDependencyGeneratePcm x86_64 /Users/juju/dev_repos/books-v3/.build/ModuleCache.noindex/Accelerate-BQ32USIAH19GRSEGZ6U9M3V9T.pcm

SwiftExplicitDependencyGeneratePcm x86_64 /Users/juju/dev_repos/books-v3/.build/ModuleCache.noindex/CoreImage-ETONXO92TW3CD0KWKOMHZJM4H.pcm

SwiftExplicitDependencyGeneratePcm x86_64 /Users/juju/dev_repos/books-v3/.build/ModuleCache.noindex/CoreML-7QRK2G8VAV7PRRHIJROQX9KR6.pcm

SwiftExplicitDependencyGeneratePcm x86_64 /Users/juju/dev_repos/books-v3/.build/ModuleCache.noindex/CoreMedia-A4PJKGFTOAWZPCNJV714BTKFT.pcm

SwiftExplicitDependencyGeneratePcm arm64 /Users/juju/dev_repos/books-v3/.build/ModuleCache.noindex/SwiftUICore-53K2T3ES4U00U3LUFFHWZ4IO9.pcm

SwiftExplicitDependencyGeneratePcm arm64 /Users/juju/dev_repos/books-v3/.build/ModuleCache.noindex/Vision-29G8EPCG3EDF13NWVDAWO6B7K.pcm

SwiftExplicitDependencyGeneratePcm arm64 /Users/juju/dev_repos/books-v3/.build/ModuleCache.noindex/MediaToolbox-GCII51KYYO680RL2219ET14O.pcm

SwiftExplicitDependencyGeneratePcm arm64 /Users/juju/dev_repos/books-v3/.build/ModuleCache.noindex/AVFAudio-7KFIDOW9G1HUMV1S9U316QS70.pcm

SwiftExplicitDependencyGeneratePcm arm64 /Users/juju/dev_repos/books-v3/.build/ModuleCache.noindex/UIKit-BATL5RTKRBQ101KURVHYZWD5Y.pcm

SwiftExplicitDependencyGeneratePcm x86_64 /Users/juju/dev_repos/books-v3/.build/ModuleCache.noindex/SwiftUICore-27IUGVQTWUXOYGTL9ZDN593E.pcm

SwiftExplicitDependencyGeneratePcm x86_64 /Users/juju/dev_repos/books-v3/.build/ModuleCache.noindex/Vision-AS2M5JIBYU2TO04DQG6T3JEF0.pcm

SwiftExplicitDependencyGeneratePcm x86_64 /Users/juju/dev_repos/books-v3/.build/ModuleCache.noindex/MediaToolbox-C37SRP2WWBYVOOS7LX6RCH55T.pcm

SwiftExplicitDependencyGeneratePcm x86_64 /Users/juju/dev_repos/books-v3/.build/ModuleCache.noindex/AVFAudio-C85W86P8VVSY1B7JK8IQBDNOT.pcm

SwiftExplicitDependencyGeneratePcm x86_64 /Users/juju/dev_repos/books-v3/.build/ModuleCache.noindex/UIKit-QWLDF8WA04KHXZ5SKK3LUNI2.pcm

SwiftExplicitDependencyGeneratePcm arm64 /Users/juju/dev_repos/books-v3/.build/ModuleCache.noindex/AVFoundation-9S9CV2MV53HWUMC28EYUNKAPS.pcm

SwiftExplicitDependencyGeneratePcm x86_64 /Users/juju/dev_repos/books-v3/.build/ModuleCache.noindex/AVFoundation-6DTXL0T4XYO9HRJ09C4K56F4E.pcm

SwiftExplicitDependencyGeneratePcm arm64 /Users/juju/dev_repos/books-v3/.build/ModuleCache.noindex/Photos-9FJXER8UHK7HCX9BUK1JGNTW0.pcm

SwiftExplicitDependencyGeneratePcm x86_64 /Users/juju/dev_repos/books-v3/.build/ModuleCache.noindex/Photos-79CJI2UI63SLCTU5GLJWXAE2N.pcm

SwiftExplicitDependencyGeneratePcm arm64 /Users/juju/dev_repos/books-v3/.build/ModuleCache.noindex/PhotosUI-3Q3QIUAZK5K34VD7XQGXB5I7F.pcm

SwiftExplicitDependencyGeneratePcm arm64 /Users/juju/dev_repos/books-v3/.build/ModuleCache.noindex/SwiftUI-8UHKT8IMGSO76A40EI4VVZIZ1.pcm

SwiftExplicitDependencyGeneratePcm arm64 /Users/juju/dev_repos/books-v3/.build/ModuleCache.noindex/VisionKit-DQ6QJOME6TH5DM3YGSHU7ME7D.pcm

SwiftExplicitDependencyGeneratePcm x86_64 /Users/juju/dev_repos/books-v3/.build/ModuleCache.noindex/PhotosUI-17Q1E32KHFVL47UZA69NDWF2A.pcm

SwiftExplicitDependencyGeneratePcm x86_64 /Users/juju/dev_repos/books-v3/.build/ModuleCache.noindex/VisionKit-13OBSDHSZPZ7OZPW4TZXTXZ40.pcm

SwiftExplicitDependencyGeneratePcm x86_64 /Users/juju/dev_repos/books-v3/.build/ModuleCache.noindex/SwiftUI-HDI83O8ZPY1HSQRM1NR2577F.pcm

SwiftEmitModule normal arm64 Emitting\ module\ for\ BooksTrackerFeature (in target 'BooksTrackerFeature' from project 'BooksTrackerFeature')
EmitSwiftModule normal arm64 (in target 'BooksTrackerFeature' from project 'BooksTrackerFeature')
    cd /Users/juju/dev_repos/books-v3
    

SwiftCompile normal arm64 Compiling\ BookshelfCameraPreview.swift,\ BookshelfCameraSessionManager.swift,\ BookshelfCameraView.swift,\ BookshelfCameraViewModel.swift,\ CombinedImportView.swift,\ ConfidenceThresholds.swift,\ DetectedBook.swift,\ EnrichmentStatusView.swift,\ BatchScanModels.swift,\ ProgressStrategy.swift,\ ScanAnalyticsEvent.swift,\ PrivacyDisclosureBanner.swift,\ ScanResultsView.swift,\ ScanStatisticsView.swift,\ ScanningTipsView.swift,\ BatchWebSocketHandler.swift,\ BookshelfAIService+Polling.swift,\ BookshelfAIService.swift,\ ScanProgressModels.swift,\ SuggestionGenerator.swift,\ VisionProcessingActor.swift /Users/juju/dev_repos/books-v3/BooksTrackerPackage/Sources/BooksTrackerFeature/BookshelfScanning/Camera/BookshelfCameraPreview.swift /Users/juju/dev_repos/books-v3/BooksTrackerPackage/Sources/BooksTrackerFeature/BookshelfScanning/Camera/BookshelfCameraSessionManager.swift /Users/juju/dev_repos/books-v3/BooksTrackerPackage/Sources/BooksTrackerFeature/BookshelfScanning/Camera/BookshelfCameraView.swift /Users/juju/dev_repos/books-v3/BooksTrackerPackage/Sources/BooksTrackerFeature/BookshelfScanning/Camera/BookshelfCameraViewModel.swift /Users/juju/dev_repos/books-v3/BooksTrackerPackage/Sources/BooksTrackerFeature/BookshelfScanning/CombinedImportView.swift /Users/juju/dev_repos/books-v3/BooksTrackerPackage/Sources/BooksTrackerFeature/BookshelfScanning/ConfidenceThresholds.swift /Users/juju/dev_repos/books-v3/BooksTrackerPackage/Sources/BooksTrackerFeature/BookshelfScanning/DetectedBook.swift /Users/juju/dev_repos/books-v3/BooksTrackerPackage/Sources/BooksTrackerFeature/BookshelfScanning/EnrichmentStatusView.swift /Users/juju/dev_repos/books-v3/BooksTrackerPackage/Sources/BooksTrackerFeature/BookshelfScanning/Models/BatchScanModels.swift /Users/juju/dev_repos/books-v3/BooksTrackerPackage/Sources/BooksTrackerFeature/BookshelfScanning/Models/ProgressStrategy.swift /Users/juju/dev_repos/books-v3/BooksTrackerPackage/Sources/BooksTrackerFeature/BookshelfScanning/Models/ScanAnalyticsEvent.swift /Users/juju/dev_repos/books-v3/BooksTrackerPackage/Sources/BooksTrackerFeature/BookshelfScanning/PrivacyDisclosureBanner.swift /Users/juju/dev_repos/books-v3/BooksTrackerPackage/Sources/BooksTrackerFeature/BookshelfScanning/ScanResultsView.swift /Users/juju/dev_repos/books-v3/BooksTrackerPackage/Sources/BooksTrackerFeature/BookshelfScanning/ScanStatisticsView.swift /Users/juju/dev_repos/books-v3/BooksTrackerPackage/Sources/BooksTrackerFeature/BookshelfScanning/ScanningTipsView.swift /Users/juju/dev_repos/books-v3/BooksTrackerPackage/Sources/BooksTrackerFeature/BookshelfScanning/Services/BatchWebSocketHandler.swift /Users/juju/dev_repos/books-v3/BooksTrackerPackage/Sources/BooksTrackerFeature/BookshelfScanning/Services/BookshelfAIService+Polling.swift /Users/juju/dev_repos/books-v3/BooksTrackerPackage/Sources/BooksTrackerFeature/BookshelfScanning/Services/BookshelfAIService.swift /Users/juju/dev_repos/books-v3/BooksTrackerPackage/Sources/BooksTrackerFeature/BookshelfScanning/Services/ScanProgressModels.swift /Users/juju/dev_repos/books-v3/BooksTrackerPackage/Sources/BooksTrackerFeature/BookshelfScanning/SuggestionGenerator.swift /Users/juju/dev_repos/books-v3/BooksTrackerPackage/Sources/BooksTrackerFeature/BookshelfScanning/VisionProcessingActor.swift (in target 'BooksTrackerFeature' from project 'BooksTrackerFeature')
SwiftCompile normal arm64 /Users/juju/dev_repos/books-v3/BooksTrackerPackage/Sources/BooksTrackerFeature/BookshelfScanning/Camera/BookshelfCameraPreview.swift (in target 'BooksTrackerFeature' from project 'BooksTrackerFeature')
    cd /Users/juju/dev_repos/books-v3
    

SwiftCompile normal arm64 /Users/juju/dev_repos/books-v3/BooksTrackerPackage/Sources/BooksTrackerFeature/BookshelfScanning/Camera/BookshelfCameraSessionManager.swift (in target 'BooksTrackerFeature' from project 'BooksTrackerFeature')
    cd /Users/juju/dev_repos/books-v3
    

SwiftCompile normal arm64 /Users/juju/dev_repos/books-v3/BooksTrackerPackage/Sources/BooksTrackerFeature/BookshelfScanning/Camera/BookshelfCameraView.swift (in target 'BooksTrackerFeature' from project 'BooksTrackerFeature')
    cd /Users/juju/dev_repos/books-v3
    

SwiftCompile normal arm64 /Users/juju/dev_repos/books-v3/BooksTrackerPackage/Sources/BooksTrackerFeature/BookshelfScanning/Camera/BookshelfCameraViewModel.swift (in target 'BooksTrackerFeature' from project 'BooksTrackerFeature')
    cd /Users/juju/dev_repos/books-v3
    

SwiftCompile normal arm64 /Users/juju/dev_repos/books-v3/BooksTrackerPackage/Sources/BooksTrackerFeature/BookshelfScanning/CombinedImportView.swift (in target 'BooksTrackerFeature' from project 'BooksTrackerFeature')
    cd /Users/juju/dev_repos/books-v3
    

SwiftCompile normal arm64 /Users/juju/dev_repos/books-v3/BooksTrackerPackage/Sources/BooksTrackerFeature/BookshelfScanning/ConfidenceThresholds.swift (in target 'BooksTrackerFeature' from project 'BooksTrackerFeature')
    cd /Users/juju/dev_repos/books-v3
    

SwiftCompile normal arm64 /Users/juju/dev_repos/books-v3/BooksTrackerPackage/Sources/BooksTrackerFeature/BookshelfScanning/DetectedBook.swift (in target 'BooksTrackerFeature' from project 'BooksTrackerFeature')
    cd /Users/juju/dev_repos/books-v3
    

SwiftCompile normal arm64 /Users/juju/dev_repos/books-v3/BooksTrackerPackage/Sources/BooksTrackerFeature/BookshelfScanning/EnrichmentStatusView.swift (in target 'BooksTrackerFeature' from project 'BooksTrackerFeature')
    cd /Users/juju/dev_repos/books-v3
    

SwiftCompile normal arm64 /Users/juju/dev_repos/books-v3/BooksTrackerPackage/Sources/BooksTrackerFeature/BookshelfScanning/Models/BatchScanModels.swift (in target 'BooksTrackerFeature' from project 'BooksTrackerFeature')
    cd /Users/juju/dev_repos/books-v3
    

SwiftCompile normal arm64 /Users/juju/dev_repos/books-v3/BooksTrackerPackage/Sources/BooksTrackerFeature/BookshelfScanning/Models/ProgressStrategy.swift (in target 'BooksTrackerFeature' from project 'BooksTrackerFeature')
    cd /Users/juju/dev_repos/books-v3
    

SwiftCompile normal arm64 /Users/juju/dev_repos/books-v3/BooksTrackerPackage/Sources/BooksTrackerFeature/BookshelfScanning/Models/ScanAnalyticsEvent.swift (in target 'BooksTrackerFeature' from project 'BooksTrackerFeature')
    cd /Users/juju/dev_repos/books-v3
    

SwiftCompile normal arm64 /Users/juju/dev_repos/books-v3/BooksTrackerPackage/Sources/BooksTrackerFeature/BookshelfScanning/PrivacyDisclosureBanner.swift (in target 'BooksTrackerFeature' from project 'BooksTrackerFeature')
    cd /Users/juju/dev_repos/books-v3
    

SwiftCompile normal arm64 /Users/juju/dev_repos/books-v3/BooksTrackerPackage/Sources/BooksTrackerFeature/BookshelfScanning/ScanResultsView.swift (in target 'BooksTrackerFeature' from project 'BooksTrackerFeature')
    cd /Users/juju/dev_repos/books-v3
    

SwiftCompile normal arm64 /Users/juju/dev_repos/books-v3/BooksTrackerPackage/Sources/BooksTrackerFeature/BookshelfScanning/ScanStatisticsView.swift (in target 'BooksTrackerFeature' from project 'BooksTrackerFeature')
    cd /Users/juju/dev_repos/books-v3
    

SwiftCompile normal arm64 /Users/juju/dev_repos/books-v3/BooksTrackerPackage/Sources/BooksTrackerFeature/BookshelfScanning/ScanningTipsView.swift (in target 'BooksTrackerFeature' from project 'BooksTrackerFeature')
    cd /Users/juju/dev_repos/books-v3
    

SwiftCompile normal arm64 /Users/juju/dev_repos/books-v3/BooksTrackerPackage/Sources/BooksTrackerFeature/BookshelfScanning/Services/BatchWebSocketHandler.swift (in target 'BooksTrackerFeature' from project 'BooksTrackerFeature')
    cd /Users/juju/dev_repos/books-v3
    

SwiftCompile normal arm64 /Users/juju/dev_repos/books-v3/BooksTrackerPackage/Sources/BooksTrackerFeature/BookshelfScanning/Services/BookshelfAIService+Polling.swift (in target 'BooksTrackerFeature' from project 'BooksTrackerFeature')
    cd /Users/juju/dev_repos/books-v3
    

SwiftCompile normal arm64 /Users/juju/dev_repos/books-v3/BooksTrackerPackage/Sources/BooksTrackerFeature/BookshelfScanning/Services/BookshelfAIService.swift (in target 'BooksTrackerFeature' from project 'BooksTrackerFeature')
    cd /Users/juju/dev_repos/books-v3
    

SwiftCompile normal arm64 /Users/juju/dev_repos/books-v3/BooksTrackerPackage/Sources/BooksTrackerFeature/BookshelfScanning/Services/ScanProgressModels.swift (in target 'BooksTrackerFeature' from project 'BooksTrackerFeature')
    cd /Users/juju/dev_repos/books-v3
    

SwiftCompile normal arm64 /Users/juju/dev_repos/books-v3/BooksTrackerPackage/Sources/BooksTrackerFeature/BookshelfScanning/SuggestionGenerator.swift (in target 'BooksTrackerFeature' from project 'BooksTrackerFeature')
    cd /Users/juju/dev_repos/books-v3
    

SwiftCompile normal arm64 /Users/juju/dev_repos/books-v3/BooksTrackerPackage/Sources/BooksTrackerFeature/BookshelfScanning/VisionProcessingActor.swift (in target 'BooksTrackerFeature' from project 'BooksTrackerFeature')
    cd /Users/juju/dev_repos/books-v3
    

SwiftCompile normal arm64 Compiling\ DiversityStatsService.swift,\ DuplicateDetectionService.swift,\ ImageCleanupService.swift,\ ImageCompressionService.swift,\ ImagePrefetcher.swift,\ ImportService.swift,\ LaunchMetrics.swift,\ LibraryFilterService.swift,\ NotificationCoordinator.swift,\ ReadingSessionService.swift,\ SampleDataGenerator.swift,\ SessionAnalyticsService.swift,\ WeeklyRecommendationsCache.swift,\ WeeklyRecommendationsService.swift,\ WorkflowImportService.swift,\ EnrichmentQueueDetailsView.swift,\ EnrichmentQueueRow.swift,\ SettingsView.swift,\ TabCoordinator.swift,\ ThemeSelectionView.swift,\ EnrichmentBanner.swift /Users/juju/dev_repos/books-v3/BooksTrackerPackage/Sources/BooksTrackerFeature/Services/DiversityStatsService.swift /Users/juju/dev_repos/books-v3/BooksTrackerPackage/Sources/BooksTrackerFeature/Services/DuplicateDetectionService.swift /Users/juju/dev_repos/books-v3/BooksTrackerPackage/Sources/BooksTrackerFeature/Services/ImageCleanupService.swift /Users/juju/dev_repos/books-v3/BooksTrackerPackage/Sources/BooksTrackerFeature/Services/ImageCompressionService.swift /Users/juju/dev_repos/books-v3/BooksTrackerPackage/Sources/BooksTrackerFeature/Services/ImagePrefetcher.swift /Users/juju/dev_repos/books-v3/BooksTrackerPackage/Sources/BooksTrackerFeature/Services/ImportService.swift /Users/juju/dev_repos/books-v3/BooksTrackerPackage/Sources/BooksTrackerFeature/Services/LaunchMetrics.swift /Users/juju/dev_repos/books-v3/BooksTrackerPackage/Sources/BooksTrackerFeature/Services/LibraryFilterService.swift /Users/juju/dev_repos/books-v3/BooksTrackerPackage/Sources/BooksTrackerFeature/Services/NotificationCoordinator.swift /Users/juju/dev_repos/books-v3/BooksTrackerPackage/Sources/BooksTrackerFeature/Services/ReadingSessionService.swift /Users/juju/dev_repos/books-v3/BooksTrackerPackage/Sources/BooksTrackerFeature/Services/SampleDataGenerator.swift /Users/juju/dev_repos/books-v3/BooksTrackerPackage/Sources/BooksTrackerFeature/Services/SessionAnalyticsService.swift /Users/juju/dev_repos/books-v3/BooksTrackerPackage/Sources/BooksTrackerFeature/Services/WeeklyRecommendationsCache.swift /Users/juju/dev_repos/books-v3/BooksTrackerPackage/Sources/BooksTrackerFeature/Services/WeeklyRecommendationsService.swift /Users/juju/dev_repos/books-v3/BooksTrackerPackage/Sources/BooksTrackerFeature/Services/WorkflowImportService.swift /Users/juju/dev_repos/books-v3/BooksTrackerPackage/Sources/BooksTrackerFeature/Settings/EnrichmentQueueDetailsView.swift /Users/juju/dev_repos/books-v3/BooksTrackerPackage/Sources/BooksTrackerFeature/Settings/EnrichmentQueueRow.swift /Users/juju/dev_repos/books-v3/BooksTrackerPackage/Sources/BooksTrackerFeature/SettingsView.swift /Users/juju/dev_repos/books-v3/BooksTrackerPackage/Sources/BooksTrackerFeature/TabCoordinator.swift /Users/juju/dev_repos/books-v3/BooksTrackerPackage/Sources/BooksTrackerFeature/ThemeSelectionView.swift /Users/juju/dev_repos/books-v3/BooksTrackerPackage/Sources/BooksTrackerFeature/UI/EnrichmentBanner.swift (in target 'BooksTrackerFeature' from project 'BooksTrackerFeature')
Failed frontend command:
/Applications/Xcode-beta.app/Contents/Developer/Toolchains/XcodeDefault.xctoolchain/usr/bin/swift-frontend -frontend -c -filelist /Users/juju/dev_repos/books-v3/.build/Build/Intermediates.noindex/BooksTrackerFeature.build/Debug-iphonesimulator/BooksTrackerFeature.build/Objects-normal/arm64/sources-2 -primary-file /Users/juju/dev_repos/books-v3/BooksTrackerPackage/Sources/BooksTrackerFeature/Services/DiversityStatsService.swift -primary-file /Users/juju/dev_repos/books-v3/BooksTrackerPackage/Sources/BooksTrackerFeature/Services/DuplicateDetectionService.swift -primary-file /Users/juju/dev_repos/books-v3/BooksTrackerPackage/Sources/BooksTrackerFeature/Services/ImageCleanupService.swift -primary-file /Users/juju/dev_repos/books-v3/BooksTrackerPackage/Sources/BooksTrackerFeature/Services/ImageCompressionService.swift -primary-file /Users/juju/dev_repos/books-v3/BooksTrackerPackage/Sources/BooksTrackerFeature/Services/ImagePrefetcher.swift -primary-file /Users/juju/dev_repos/books-v3/BooksTrackerPackage/Sources/BooksTrackerFeature/Services/ImportService.swift -primary-file /Users/juju/dev_repos/books-v3/BooksTrackerPackage/Sources/BooksTrackerFeature/Services/LaunchMetrics.swift -primary-file /Users/juju/dev_repos/books-v3/BooksTrackerPackage/Sources/BooksTrackerFeature/Services/LibraryFilterService.swift -primary-file /Users/juju/dev_repos/books-v3/BooksTrackerPackage/Sources/BooksTrackerFeature/Services/NotificationCoordinator.swift -primary-file /Users/juju/dev_repos/books-v3/BooksTrackerPackage/Sources/BooksTrackerFeature/Services/ReadingSessionService.swift -primary-file /Users/juju/dev_repos/books-v3/BooksTrackerPackage/Sources/BooksTrackerFeature/Services/SampleDataGenerator.swift -primary-file /Users/juju/dev_repos/books-v3/BooksTrackerPackage/Sources/BooksTrackerFeature/Services/SessionAnalyticsService.swift -primary-file /Users/juju/dev_repos/books-v3/BooksTrackerPackage/Sources/BooksTrackerFeature/Services/WeeklyRecommendationsCache.swift -primary-file /Users/juju/dev_repos/books-v3/BooksTrackerPackage/Sources/BooksTrackerFeature/Services/WeeklyRecommendationsService.swift -primary-file /Users/juju/dev_repos/books-v3/BooksTrackerPackage/Sources/BooksTrackerFeature/Services/WorkflowImportService.swift -primary-file /Users/juju/dev_repos/books-v3/BooksTrackerPackage/Sources/BooksTrackerFeature/Settings/EnrichmentQueueDetailsView.swift -primary-file /Users/juju/dev_repos/books-v3/BooksTrackerPackage/Sources/BooksTrackerFeature/Settings/EnrichmentQueueRow.swift -primary-file /Users/juju/dev_repos/books-v3/BooksTrackerPackage/Sources/BooksTrackerFeature/SettingsView.swift -primary-file /Users/juju/dev_repos/books-v3/BooksTrackerPackage/Sources/BooksTrackerFeature/TabCoordinator.swift -primary-file /Users/juju/dev_repos/books-v3/BooksTrackerPackage/Sources/BooksTrackerFeature/ThemeSelectionView.swift -primary-file /Users/juju/dev_repos/books-v3/BooksTrackerPackage/Sources/BooksTrackerFeature/UI/EnrichmentBanner.swift -supplementary-output-file-map /Users/juju/dev_repos/books-v3/.build/Build/Intermediates.noindex/BooksTrackerFeature.build/Debug-iphonesimulator/BooksTrackerFeature.build/Objects-normal/arm64/supplementaryOutputs-18 -target arm64-apple-ios26.0-simulator -module-can-import-version AVFoundation 2395.6.1.1 2.0.0 -module-can-import-version PhotosUI 822.0.130 822.0.130 -module-can-import-version UIKit 9126.2.4.1 9126.2.4 -module-can-import-version Vision 9.3.1 9.3.1 -disable-cross-import-overlay-search -swift-module-cross-import PhotosUI /Applications/Xcode-beta.app/Contents/Developer/Platforms/iPhoneSimulator.platform/Developer/SDKs/iPhoneSimulator.sdk/System/Library/Frameworks/PhotosUI.framework/Modules/PhotosUI.swiftcrossimport/SwiftUI.swiftoverlay -swift-module-cross-import PhotosUI /Applications/Xcode-beta.app/Contents/Developer/Platforms/iPhoneSimulator.platform/Developer/SDKs/iPhoneSimulator.sdk/System/Library/Frameworks/PhotosUI.framework/Modules/PhotosUI.swiftcrossimport/WidgetKit.swiftoverlay -swift-module-cross-import PhotosUI /Applications/Xcode-beta.app/Contents/Developer/Platforms/iPhoneSimulator.platform/Developer/SDKs/iPhoneSimulator26.2.sdk/System/Library/Frameworks/PhotosUI.framework/Modules/PhotosUI.swiftcrossimport/SwiftUI.swiftoverlay -swift-module-cross-import PhotosUI /Applications/Xcode-beta.app/Contents/Developer/Platforms/iPhoneSimulator.platform/Developer/SDKs/iPhoneSimulator26.2.sdk/System/Library/Frameworks/PhotosUI.framework/Modules/PhotosUI.swiftcrossimport/WidgetKit.swiftoverlay -swift-module-cross-import SwiftData /Applications/Xcode-beta.app/Contents/Developer/Platforms/iPhoneSimulator.platform/Developer/SDKs/iPhoneSimulator26.2.sdk/System/Library/Frameworks/SwiftData.framework/Modules/SwiftData.swiftcrossimport/CoreData.swiftoverlay -swift-module-cross-import SwiftData /Applications/Xcode-beta.app/Contents/Developer/Platforms/iPhoneSimulator.platform/Developer/SDKs/iPhoneSimulator26.2.sdk/System/Library/Frameworks/SwiftData.framework/Modules/SwiftData.swiftcrossimport/SwiftUI.swiftoverlay -load-resolved-plugin /Applications/Xcode-beta.app/Contents/Developer/Platforms/iPhoneOS.platform/Developer/usr/lib/swift/host/plugins/libFoundationMacros.dylib\#/Applications/Xcode-beta.app/Contents/Developer/Platforms/iPhoneOS.platform/Developer/usr/bin/swift-plugin-server\#FoundationMacros -load-resolved-plugin /Applications/Xcode-beta.app/Contents/Developer/Platforms/iPhoneOS.platform/Developer/usr/lib/swift/host/plugins/libObservationMacros.dylib\#/Applications/Xcode-beta.app/Contents/Developer/Platforms/iPhoneOS.platform/Developer/usr/bin/swift-plugin-server\#ObservationMacros -load-resolved-plugin /Applications/Xcode-beta.app/Contents/Developer/Platforms/iPhoneOS.platform/Developer/usr/lib/swift/host/plugins/libPreviewsMacros.dylib\#/Applications/Xcode-beta.app/Contents/Developer/Platforms/iPhoneOS.platform/Developer/usr/bin/swift-plugin-server\#PreviewsMacros -load-resolved-plugin /Applications/Xcode-beta.app/Contents/Developer/Platforms/iPhoneOS.platform/Developer/usr/lib/swift/host/plugins/libSwiftDataMacros.dylib\#/Applications/Xcode-beta.app/Contents/Developer/Platforms/iPhoneOS.platform/Developer/usr/bin/swift-plugin-server\#SwiftDataMacros -load-resolved-plugin /Applications/Xcode-beta.app/Contents/Developer/Platforms/iPhoneOS.platform/Developer/usr/lib/swift/host/plugins/libSwiftMacros.dylib\#/Applications/Xcode-beta.app/Contents/Developer/Platforms/iPhoneOS.platform/Developer/usr/bin/swift-plugin-server\#SwiftMacros -load-resolved-plugin /Applications/Xcode-beta.app/Contents/Developer/Platforms/iPhoneOS.platform/Developer/usr/lib/swift/host/plugins/libSwiftUIMacros.dylib\#/Applications/Xcode-beta.app/Contents/Developer/Platforms/iPhoneOS.platform/Developer/usr/bin/swift-plugin-server\#SwiftUIMacros -disable-implicit-swift-modules -Xcc -fno-implicit-modules -Xcc -fno-implicit-module-maps -explicit-swift-module-map-file /Users/juju/dev_repos/books-v3/.build/Build/Intermediates.noindex/BooksTrackerFeature.build/Debug-iphonesimulator/BooksTrackerFeature.build/Objects-normal/arm64/BooksTrackerFeature-dependencies-2.json -Xllvm -aarch64-use-tbi -enable-objc-interop -sdk /Applications/Xcode-beta.app/Contents/Developer/Platforms/iPhoneSimulator.platform/Developer/SDKs/iPhoneSimulator26.2.sdk -I /Users/juju/dev_repos/books-v3/.build/Build/Products/Debug-iphonesimulator -Isystem /Applications/Xcode-beta.app/Contents/Developer/Platforms/iPhoneSimulator.platform/Developer/usr/lib -F /Users/juju/dev_repos/books-v3/.build/Build/Products/Debug-iphonesimulator -F /Applications/Xcode-beta.app/Contents/Developer/Platforms/iPhoneSimulator.platform/Developer/Library/Frameworks -F /Applications/Xcode-beta.app/Contents/Developer/Platforms/iPhoneSimulator.platform/Developer/SDKs/iPhoneSimulator26.2.sdk/Developer/Library/Frameworks -no-color-diagnostics -Xcc -fno-color-diagnostics -enable-testing -g -debug-info-format\=dwarf -dwarf-version\=5 -module-cache-path /Users/juju/dev_repos/books-v3/.build/Build/Intermediates.noindex/SwiftExplicitPrecompiledModules -profile-generate -profile-coverage-mapping -swift-version 6 -enforce-exclusivity\=checked -Onone -D SWIFT_PACKAGE -D DEBUG -D SWIFT_MODULE_RESOURCE_BUNDLE_UNAVAILABLE -D Xcode -serialize-debugging-options -const-gather-protocols-file /Users/juju/dev_repos/books-v3/.build/Build/Intermediates.noindex/BooksTrackerFeature.build/Debug-iphonesimulator/BooksTrackerFeature.build/Objects-normal/arm64/BooksTrackerFeature_const_extract_protocols.json -enable-experimental-feature DebugDescriptionMacro -empty-abi-descriptor -validate-clang-modules-once -clang-build-session-file /Users/juju/dev_repos/books-v3/.build/ModuleCache.noindex/Session.modulevalidation -Xcc -working-directory -Xcc /Users/juju/dev_repos/books-v3 -enable-anonymous-context-mangled-names -file-compilation-dir /Users/juju/dev_repos/books-v3 -Xcc -D_LIBCPP_HARDENING_MODE\=_LIBCPP_HARDENING_MODE_DEBUG -Xcc -ivfsstatcache -Xcc /Users/juju/dev_repos/books-v3/.build/SDKStatCaches.noindex/iphonesimulator26.2-23C5044a-c6bb09c85eeb1a59968f08cee6a58242.sdkstatcache -Xcc -I/Users/juju/dev_repos/books-v3/.build/Build/Intermediates.noindex/BooksTrackerFeature.build/Debug-iphonesimulator/BooksTrackerFeature.build/swift-overrides.hmap -Xcc -I/Users/juju/dev_repos/books-v3/.build/Build/Products/Debug-iphonesimulator/include -Xcc -I/Users/juju/dev_repos/books-v3/.build/Build/Intermediates.noindex/BooksTrackerFeature.build/Debug-iphonesimulator/BooksTrackerFeature.build/DerivedSources-normal/arm64 -Xcc -I/Users/juju/dev_repos/books-v3/.build/Build/Intermediates.noindex/BooksTrackerFeature.build/Debug-iphonesimulator/BooksTrackerFeature.build/DerivedSources/arm64 -Xcc -I/Users/juju/dev_repos/books-v3/.build/Build/Intermediates.noindex/BooksTrackerFeature.build/Debug-iphonesimulator/BooksTrackerFeature.build/DerivedSources -Xcc -DSWIFT_PACKAGE -Xcc -DDEBUG\=1 -no-auto-bridging-header-chaining -module-name BooksTrackerFeature -package-name bookstrackerpackage -frontend-parseable-output -disable-clang-spi -target-sdk-version 26.2 -target-sdk-name iphonesimulator26.2 -clang-target arm64-apple-ios26.2-simulator -in-process-plugin-server-path /Applications/Xcode-beta.app/Contents/Developer/Toolchains/XcodeDefault.xctoolchain/usr/lib/swift/host/libSwiftInProcPluginServer.dylib -o /Users/juju/dev_repos/books-v3/.build/Build/Intermediates.noindex/BooksTrackerFeature.build/Debug-iphonesimulator/BooksTrackerFeature.build/Objects-normal/arm64/DiversityStatsService.o -o /Users/juju/dev_repos/books-v3/.build/Build/Intermediates.noindex/BooksTrackerFeature.build/Debug-iphonesimulator/BooksTrackerFeature.build/Objects-normal/arm64/DuplicateDetectionService.o -o /Users/juju/dev_repos/books-v3/.build/Build/Intermediates.noindex/BooksTrackerFeature.build/Debug-iphonesimulator/BooksTrackerFeature.build/Objects-normal/arm64/ImageCleanupService.o -o /Users/juju/dev_repos/books-v3/.build/Build/Intermediates.noindex/BooksTrackerFeature.build/Debug-iphonesimulator/BooksTrackerFeature.build/Objects-normal/arm64/ImageCompressionService.o -o /Users/juju/dev_repos/books-v3/.build/Build/Intermediates.noindex/BooksTrackerFeature.build/Debug-iphonesimulator/BooksTrackerFeature.build/Objects-normal/arm64/ImagePrefetcher.o -o /Users/juju/dev_repos/books-v3/.build/Build/Intermediates.noindex/BooksTrackerFeature.build/Debug-iphonesimulator/BooksTrackerFeature.build/Objects-normal/arm64/ImportService.o -o /Users/juju/dev_repos/books-v3/.build/Build/Intermediates.noindex/BooksTrackerFeature.build/Debug-iphonesimulator/BooksTrackerFeature.build/Objects-normal/arm64/LaunchMetrics.o -o /Users/juju/dev_repos/books-v3/.build/Build/Intermediates.noindex/BooksTrackerFeature.build/Debug-iphonesimulator/BooksTrackerFeature.build/Objects-normal/arm64/LibraryFilterService.o -o /Users/juju/dev_repos/books-v3/.build/Build/Intermediates.noindex/BooksTrackerFeature.build/Debug-iphonesimulator/BooksTrackerFeature.build/Objects-normal/arm64/NotificationCoordinator.o -o /Users/juju/dev_repos/books-v3/.build/Build/Intermediates.noindex/BooksTrackerFeature.build/Debug-iphonesimulator/BooksTrackerFeature.build/Objects-normal/arm64/ReadingSessionService.o -o /Users/juju/dev_repos/books-v3/.build/Build/Intermediates.noindex/BooksTrackerFeature.build/Debug-iphonesimulator/BooksTrackerFeature.build/Objects-normal/arm64/SampleDataGenerator.o -o /Users/juju/dev_repos/books-v3/.build/Build/Intermediates.noindex/BooksTrackerFeature.build/Debug-iphonesimulator/BooksTrackerFeature.build/Objects-normal/arm64/SessionAnalyticsService.o -o /Users/juju/dev_repos/books-v3/.build/Build/Intermediates.noindex/BooksTrackerFeature.build/Debug-iphonesimulator/BooksTrackerFeature.build/Objects-normal/arm64/WeeklyRecommendationsCache.o -o /Users/juju/dev_repos/books-v3/.build/Build/Intermediates.noindex/BooksTrackerFeature.build/Debug-iphonesimulator/BooksTrackerFeature.build/Objects-normal/arm64/WeeklyRecommendationsService.o -o /Users/juju/dev_repos/books-v3/.build/Build/Intermediates.noindex/BooksTrackerFeature.build/Debug-iphonesimulator/BooksTrackerFeature.build/Objects-normal/arm64/WorkflowImportService.o -o /Users/juju/dev_repos/books-v3/.build/Build/Intermediates.noindex/BooksTrackerFeature.build/Debug-iphonesimulator/BooksTrackerFeature.build/Objects-normal/arm64/EnrichmentQueueDetailsView.o -o /Users/juju/dev_repos/books-v3/.build/Build/Intermediates.noindex/BooksTrackerFeature.build/Debug-iphonesimulator/BooksTrackerFeature.build/Objects-normal/arm64/EnrichmentQueueRow.o -o /Users/juju/dev_repos/books-v3/.build/Build/Intermediates.noindex/BooksTrackerFeature.build/Debug-iphonesimulator/BooksTrackerFeature.build/Objects-normal/arm64/SettingsView.o -o /Users/juju/dev_repos/books-v3/.build/Build/Intermediates.noindex/BooksTrackerFeature.build/Debug-iphonesimulator/BooksTrackerFeature.build/Objects-normal/arm64/TabCoordinator.o -o /Users/juju/dev_repos/books-v3/.build/Build/Intermediates.noindex/BooksTrackerFeature.build/Debug-iphonesimulator/BooksTrackerFeature.build/Objects-normal/arm64/ThemeSelectionView.o -o /Users/juju/dev_repos/books-v3/.build/Build/Intermediates.noindex/BooksTrackerFeature.build/Debug-iphonesimulator/BooksTrackerFeature.build/Objects-normal/arm64/EnrichmentBanner.o -index-unit-output-path /BooksTrackerFeature.build/Debug-iphonesimulator/BooksTrackerFeature.build/Objects-normal/arm64/DiversityStatsService.o -index-unit-output-path /BooksTrackerFeature.build/Debug-iphonesimulator/BooksTrackerFeature.build/Objects-normal/arm64/DuplicateDetectionService.o -index-unit-output-path /BooksTrackerFeature.build/Debug-iphonesimulator/BooksTrackerFeature.build/Objects-normal/arm64/ImageCleanupService.o -index-unit-output-path /BooksTrackerFeature.build/Debug-iphonesimulator/BooksTrackerFeature.build/Objects-normal/arm64/ImageCompressionService.o -index-unit-output-path /BooksTrackerFeature.build/Debug-iphonesimulator/BooksTrackerFeature.build/Objects-normal/arm64/ImagePrefetcher.o -index-unit-output-path /BooksTrackerFeature.build/Debug-iphonesimulator/BooksTrackerFeature.build/Objects-normal/arm64/ImportService.o -index-unit-output-path /BooksTrackerFeature.build/Debug-iphonesimulator/BooksTrackerFeature.build/Objects-normal/arm64/LaunchMetrics.o -index-unit-output-path /BooksTrackerFeature.build/Debug-iphonesimulator/BooksTrackerFeature.build/Objects-normal/arm64/LibraryFilterService.o -index-unit-output-path /BooksTrackerFeature.build/Debug-iphonesimulator/BooksTrackerFeature.build/Objects-normal/arm64/NotificationCoordinator.o -index-unit-output-path /BooksTrackerFeature.build/Debug-iphonesimulator/BooksTrackerFeature.build/Objects-normal/arm64/ReadingSessionService.o -index-unit-output-path /BooksTrackerFeature.build/Debug-iphonesimulator/BooksTrackerFeature.build/Objects-normal/arm64/SampleDataGenerator.o -index-unit-output-path /BooksTrackerFeature.build/Debug-iphonesimulator/BooksTrackerFeature.build/Objects-normal/arm64/SessionAnalyticsService.o -index-unit-output-path /BooksTrackerFeature.build/Debug-iphonesimulator/BooksTrackerFeature.build/Objects-normal/arm64/WeeklyRecommendationsCache.o -index-unit-output-path /BooksTrackerFeature.build/Debug-iphonesimulator/BooksTrackerFeature.build/Objects-normal/arm64/WeeklyRecommendationsService.o -index-unit-output-path /BooksTrackerFeature.build/Debug-iphonesimulator/BooksTrackerFeature.build/Objects-normal/arm64/WorkflowImportService.o -index-unit-output-path /BooksTrackerFeature.build/Debug-iphonesimulator/BooksTrackerFeature.build/Objects-normal/arm64/EnrichmentQueueDetailsView.o -index-unit-output-path /BooksTrackerFeature.build/Debug-iphonesimulator/BooksTrackerFeature.build/Objects-normal/arm64/EnrichmentQueueRow.o -index-unit-output-path /BooksTrackerFeature.build/Debug-iphonesimulator/BooksTrackerFeature.build/Objects-normal/arm64/SettingsView.o -index-unit-output-path /BooksTrackerFeature.build/Debug-iphonesimulator/BooksTrackerFeature.build/Objects-normal/arm64/TabCoordinator.o -index-unit-output-path /BooksTrackerFeature.build/Debug-iphonesimulator/BooksTrackerFeature.build/Objects-normal/arm64/ThemeSelectionView.o -index-unit-output-path /BooksTrackerFeature.build/Debug-iphonesimulator/BooksTrackerFeature.build/Objects-normal/arm64/EnrichmentBanner.o -index-store-path /Users/juju/dev_repos/books-v3/.build/Index.noindex/DataStore -index-system-modules

SwiftCompile normal arm64 /Users/juju/dev_repos/books-v3/BooksTrackerPackage/Sources/BooksTrackerFeature/Services/DiversityStatsService.swift (in target 'BooksTrackerFeature' from project 'BooksTrackerFeature')
    cd /Users/juju/dev_repos/books-v3
    

SwiftCompile normal arm64 /Users/juju/dev_repos/books-v3/BooksTrackerPackage/Sources/BooksTrackerFeature/Services/DuplicateDetectionService.swift (in target 'BooksTrackerFeature' from project 'BooksTrackerFeature')
    cd /Users/juju/dev_repos/books-v3
    

SwiftCompile normal arm64 /Users/juju/dev_repos/books-v3/BooksTrackerPackage/Sources/BooksTrackerFeature/Services/ImageCleanupService.swift (in target 'BooksTrackerFeature' from project 'BooksTrackerFeature')
    cd /Users/juju/dev_repos/books-v3
    

SwiftCompile normal arm64 /Users/juju/dev_repos/books-v3/BooksTrackerPackage/Sources/BooksTrackerFeature/Services/ImageCompressionService.swift (in target 'BooksTrackerFeature' from project 'BooksTrackerFeature')
    cd /Users/juju/dev_repos/books-v3
    

SwiftCompile normal arm64 /Users/juju/dev_repos/books-v3/BooksTrackerPackage/Sources/BooksTrackerFeature/Services/ImagePrefetcher.swift (in target 'BooksTrackerFeature' from project 'BooksTrackerFeature')
    cd /Users/juju/dev_repos/books-v3
    

SwiftCompile normal arm64 /Users/juju/dev_repos/books-v3/BooksTrackerPackage/Sources/BooksTrackerFeature/Services/ImportService.swift (in target 'BooksTrackerFeature' from project 'BooksTrackerFeature')
    cd /Users/juju/dev_repos/books-v3
    
/Users/juju/dev_repos/books-v3/BooksTrackerPackage/Sources/BooksTrackerFeature/Services/ImportService.swift:132:42: error: value of type 'GeminiCSVImportJob.ParsedBook' has no member 'author'
                    let newAuthor = book.author.lowercased()
                                    ~~~~ ^~~~~~
/Users/juju/dev_repos/books-v3/BooksTrackerPackage/Sources/BooksTrackerFeature/Services/ImportService.swift:142:48: error: value of type 'GeminiCSVImportJob.ParsedBook' has no member 'author'
                let author = Author(name: book.author)
                                          ~~~~ ^~~~~~
/Users/juju/dev_repos/books-v3/BooksTrackerPackage/Sources/BooksTrackerFeature/Services/ImportService.swift:149:48: error: value of type 'GeminiCSVImportJob.ParsedBook' has no member 'publicationYear'
                    firstPublicationYear: book.publicationYear
                                          ~~~~ ^~~~~~~~~~~~~~~
/Users/juju/dev_repos/books-v3/BooksTrackerPackage/Sources/BooksTrackerFeature/Services/ImportService.swift:164:47: error: value of type 'GeminiCSVImportJob.ParsedBook' has no member 'publicationYear'
                        publicationDate: book.publicationYear.map { "\($0)" },
                                         ~~~~ ^~~~~~~~~~~~~~~

SwiftCompile normal arm64 /Users/juju/dev_repos/books-v3/BooksTrackerPackage/Sources/BooksTrackerFeature/Services/LaunchMetrics.swift (in target 'BooksTrackerFeature' from project 'BooksTrackerFeature')
    cd /Users/juju/dev_repos/books-v3
    

SwiftCompile normal arm64 /Users/juju/dev_repos/books-v3/BooksTrackerPackage/Sources/BooksTrackerFeature/Services/LibraryFilterService.swift (in target 'BooksTrackerFeature' from project 'BooksTrackerFeature')
    cd /Users/juju/dev_repos/books-v3
    

SwiftCompile normal arm64 /Users/juju/dev_repos/books-v3/BooksTrackerPackage/Sources/BooksTrackerFeature/Services/NotificationCoordinator.swift (in target 'BooksTrackerFeature' from project 'BooksTrackerFeature')
    cd /Users/juju/dev_repos/books-v3
    

SwiftCompile normal arm64 /Users/juju/dev_repos/books-v3/BooksTrackerPackage/Sources/BooksTrackerFeature/Services/ReadingSessionService.swift (in target 'BooksTrackerFeature' from project 'BooksTrackerFeature')
    cd /Users/juju/dev_repos/books-v3
    

SwiftCompile normal arm64 /Users/juju/dev_repos/books-v3/BooksTrackerPackage/Sources/BooksTrackerFeature/Services/SampleDataGenerator.swift (in target 'BooksTrackerFeature' from project 'BooksTrackerFeature')
    cd /Users/juju/dev_repos/books-v3
    

SwiftCompile normal arm64 /Users/juju/dev_repos/books-v3/BooksTrackerPackage/Sources/BooksTrackerFeature/Services/SessionAnalyticsService.swift (in target 'BooksTrackerFeature' from project 'BooksTrackerFeature')
    cd /Users/juju/dev_repos/books-v3
    

SwiftCompile normal arm64 /Users/juju/dev_repos/books-v3/BooksTrackerPackage/Sources/BooksTrackerFeature/Services/WeeklyRecommendationsCache.swift (in target 'BooksTrackerFeature' from project 'BooksTrackerFeature')
    cd /Users/juju/dev_repos/books-v3
    

SwiftCompile normal arm64 /Users/juju/dev_repos/books-v3/BooksTrackerPackage/Sources/BooksTrackerFeature/Services/WeeklyRecommendationsService.swift (in target 'BooksTrackerFeature' from project 'BooksTrackerFeature')
    cd /Users/juju/dev_repos/books-v3
    

SwiftCompile normal arm64 /Users/juju/dev_repos/books-v3/BooksTrackerPackage/Sources/BooksTrackerFeature/Services/WorkflowImportService.swift (in target 'BooksTrackerFeature' from project 'BooksTrackerFeature')
    cd /Users/juju/dev_repos/books-v3
    

SwiftCompile normal arm64 /Users/juju/dev_repos/books-v3/BooksTrackerPackage/Sources/BooksTrackerFeature/Settings/EnrichmentQueueDetailsView.swift (in target 'BooksTrackerFeature' from project 'BooksTrackerFeature')
    cd /Users/juju/dev_repos/books-v3
    

SwiftCompile normal arm64 /Users/juju/dev_repos/books-v3/BooksTrackerPackage/Sources/BooksTrackerFeature/Settings/EnrichmentQueueRow.swift (in target 'BooksTrackerFeature' from project 'BooksTrackerFeature')
    cd /Users/juju/dev_repos/books-v3
    

SwiftCompile normal arm64 /Users/juju/dev_repos/books-v3/BooksTrackerPackage/Sources/BooksTrackerFeature/SettingsView.swift (in target 'BooksTrackerFeature' from project 'BooksTrackerFeature')
    cd /Users/juju/dev_repos/books-v3
    

SwiftCompile normal arm64 /Users/juju/dev_repos/books-v3/BooksTrackerPackage/Sources/BooksTrackerFeature/TabCoordinator.swift (in target 'BooksTrackerFeature' from project 'BooksTrackerFeature')
    cd /Users/juju/dev_repos/books-v3
    

SwiftCompile normal arm64 /Users/juju/dev_repos/books-v3/BooksTrackerPackage/Sources/BooksTrackerFeature/ThemeSelectionView.swift (in target 'BooksTrackerFeature' from project 'BooksTrackerFeature')
    cd /Users/juju/dev_repos/books-v3
    

SwiftCompile normal arm64 /Users/juju/dev_repos/books-v3/BooksTrackerPackage/Sources/BooksTrackerFeature/UI/EnrichmentBanner.swift (in target 'BooksTrackerFeature' from project 'BooksTrackerFeature')
    cd /Users/juju/dev_repos/books-v3
    

SwiftCompile normal arm64 Compiling\ CacheHealthDebugView.swift,\ CachedAsyncImage.swift,\ CloudKitHelpView.swift,\ AIProvider.swift,\ EnrichmentAPIClient.swift,\ EnrichmentConfig.swift,\ EnrichmentResultsClient.swift,\ GenericWebSocketHandler.swift,\ JobModels.swift,\ KeychainHelper.swift,\ LoadingState.swift,\ SyncCoordinator.swift,\ WebSocketHelpers.swift,\ WebSocketProgressManager.swift,\ AuroraGradient.swift,\ BookCardAccessibility.swift,\ BookCardActions.swift,\ BookCardBadges.swift,\ BookCardMenus.swift,\ BookCardSkeleton.swift,\ BookMetadataRow.swift /Users/juju/dev_repos/books-v3/BooksTrackerPackage/Sources/BooksTrackerFeature/CacheHealthDebugView.swift /Users/juju/dev_repos/books-v3/BooksTrackerPackage/Sources/BooksTrackerFeature/CachedAsyncImage.swift /Users/juju/dev_repos/books-v3/BooksTrackerPackage/Sources/BooksTrackerFeature/CloudKitHelpView.swift /Users/juju/dev_repos/books-v3/BooksTrackerPackage/Sources/BooksTrackerFeature/Common/AIProvider.swift /Users/juju/dev_repos/books-v3/BooksTrackerPackage/Sources/BooksTrackerFeature/Common/EnrichmentAPIClient.swift /Users/juju/dev_repos/books-v3/BooksTrackerPackage/Sources/BooksTrackerFeature/Common/EnrichmentConfig.swift /Users/juju/dev_repos/books-v3/BooksTrackerPackage/Sources/BooksTrackerFeature/Common/EnrichmentResultsClient.swift /Users/juju/dev_repos/books-v3/BooksTrackerPackage/Sources/BooksTrackerFeature/Common/GenericWebSocketHandler.swift /Users/juju/dev_repos/books-v3/BooksTrackerPackage/Sources/BooksTrackerFeature/Common/JobModels.swift /Users/juju/dev_repos/books-v3/BooksTrackerPackage/Sources/BooksTrackerFeature/Common/KeychainHelper.swift /Users/juju/dev_repos/books-v3/BooksTrackerPackage/Sources/BooksTrackerFeature/Common/LoadingState.swift /Users/juju/dev_repos/books-v3/BooksTrackerPackage/Sources/BooksTrackerFeature/Common/SyncCoordinator.swift /Users/juju/dev_repos/books-v3/BooksTrackerPackage/Sources/BooksTrackerFeature/Common/WebSocketHelpers.swift /Users/juju/dev_repos/books-v3/BooksTrackerPackage/Sources/BooksTrackerFeature/Common/WebSocketProgressManager.swift /Users/juju/dev_repos/books-v3/BooksTrackerPackage/Sources/BooksTrackerFeature/Components/AuroraGradient.swift /Users/juju/dev_repos/books-v3/BooksTrackerPackage/Sources/BooksTrackerFeature/Components/BookCardAccessibility.swift /Users/juju/dev_repos/books-v3/BooksTrackerPackage/Sources/BooksTrackerFeature/Components/BookCardActions.swift /Users/juju/dev_repos/books-v3/BooksTrackerPackage/Sources/BooksTrackerFeature/Components/BookCardBadges.swift /Users/juju/dev_repos/books-v3/BooksTrackerPackage/Sources/BooksTrackerFeature/Components/BookCardMenus.swift /Users/juju/dev_repos/books-v3/BooksTrackerPackage/Sources/BooksTrackerFeature/Components/BookCardSkeleton.swift /Users/juju/dev_repos/books-v3/BooksTrackerPackage/Sources/BooksTrackerFeature/Components/BookMetadataRow.swift (in target 'BooksTrackerFeature' from project 'BooksTrackerFeature')

SwiftCompile normal arm64 /Users/juju/dev_repos/books-v3/BooksTrackerPackage/Sources/BooksTrackerFeature/CacheHealthDebugView.swift (in target 'BooksTrackerFeature' from project 'BooksTrackerFeature')
    cd /Users/juju/dev_repos/books-v3
    

SwiftCompile normal arm64 /Users/juju/dev_repos/books-v3/BooksTrackerPackage/Sources/BooksTrackerFeature/CachedAsyncImage.swift (in target 'BooksTrackerFeature' from project 'BooksTrackerFeature')
    cd /Users/juju/dev_repos/books-v3
    

SwiftCompile normal arm64 /Users/juju/dev_repos/books-v3/BooksTrackerPackage/Sources/BooksTrackerFeature/CloudKitHelpView.swift (in target 'BooksTrackerFeature' from project 'BooksTrackerFeature')
    cd /Users/juju/dev_repos/books-v3
    

SwiftCompile normal arm64 /Users/juju/dev_repos/books-v3/BooksTrackerPackage/Sources/BooksTrackerFeature/Common/AIProvider.swift (in target 'BooksTrackerFeature' from project 'BooksTrackerFeature')
    cd /Users/juju/dev_repos/books-v3
    

SwiftCompile normal arm64 /Users/juju/dev_repos/books-v3/BooksTrackerPackage/Sources/BooksTrackerFeature/Common/EnrichmentAPIClient.swift (in target 'BooksTrackerFeature' from project 'BooksTrackerFeature')
    cd /Users/juju/dev_repos/books-v3
    

SwiftCompile normal arm64 /Users/juju/dev_repos/books-v3/BooksTrackerPackage/Sources/BooksTrackerFeature/Common/EnrichmentConfig.swift (in target 'BooksTrackerFeature' from project 'BooksTrackerFeature')
    cd /Users/juju/dev_repos/books-v3
    

SwiftCompile normal arm64 /Users/juju/dev_repos/books-v3/BooksTrackerPackage/Sources/BooksTrackerFeature/Common/EnrichmentResultsClient.swift (in target 'BooksTrackerFeature' from project 'BooksTrackerFeature')
    cd /Users/juju/dev_repos/books-v3
    

SwiftCompile normal arm64 /Users/juju/dev_repos/books-v3/BooksTrackerPackage/Sources/BooksTrackerFeature/Common/GenericWebSocketHandler.swift (in target 'BooksTrackerFeature' from project 'BooksTrackerFeature')
    cd /Users/juju/dev_repos/books-v3
    

SwiftCompile normal arm64 /Users/juju/dev_repos/books-v3/BooksTrackerPackage/Sources/BooksTrackerFeature/Common/JobModels.swift (in target 'BooksTrackerFeature' from project 'BooksTrackerFeature')
    cd /Users/juju/dev_repos/books-v3
    

SwiftCompile normal arm64 /Users/juju/dev_repos/books-v3/BooksTrackerPackage/Sources/BooksTrackerFeature/Common/KeychainHelper.swift (in target 'BooksTrackerFeature' from project 'BooksTrackerFeature')
    cd /Users/juju/dev_repos/books-v3
    

SwiftCompile normal arm64 /Users/juju/dev_repos/books-v3/BooksTrackerPackage/Sources/BooksTrackerFeature/Common/LoadingState.swift (in target 'BooksTrackerFeature' from project 'BooksTrackerFeature')
    cd /Users/juju/dev_repos/books-v3
    

SwiftCompile normal arm64 /Users/juju/dev_repos/books-v3/BooksTrackerPackage/Sources/BooksTrackerFeature/Common/SyncCoordinator.swift (in target 'BooksTrackerFeature' from project 'BooksTrackerFeature')
    cd /Users/juju/dev_repos/books-v3
    

SwiftCompile normal arm64 /Users/juju/dev_repos/books-v3/BooksTrackerPackage/Sources/BooksTrackerFeature/Common/WebSocketHelpers.swift (in target 'BooksTrackerFeature' from project 'BooksTrackerFeature')
    cd /Users/juju/dev_repos/books-v3
    

SwiftCompile normal arm64 /Users/juju/dev_repos/books-v3/BooksTrackerPackage/Sources/BooksTrackerFeature/Common/WebSocketProgressManager.swift (in target 'BooksTrackerFeature' from project 'BooksTrackerFeature')
    cd /Users/juju/dev_repos/books-v3
    

SwiftCompile normal arm64 /Users/juju/dev_repos/books-v3/BooksTrackerPackage/Sources/BooksTrackerFeature/Components/AuroraGradient.swift (in target 'BooksTrackerFeature' from project 'BooksTrackerFeature')
    cd /Users/juju/dev_repos/books-v3
    

SwiftCompile normal arm64 /Users/juju/dev_repos/books-v3/BooksTrackerPackage/Sources/BooksTrackerFeature/Components/BookCardAccessibility.swift (in target 'BooksTrackerFeature' from project 'BooksTrackerFeature')
    cd /Users/juju/dev_repos/books-v3
    

SwiftCompile normal arm64 /Users/juju/dev_repos/books-v3/BooksTrackerPackage/Sources/BooksTrackerFeature/Components/BookCardActions.swift (in target 'BooksTrackerFeature' from project 'BooksTrackerFeature')
    cd /Users/juju/dev_repos/books-v3
    

SwiftCompile normal arm64 /Users/juju/dev_repos/books-v3/BooksTrackerPackage/Sources/BooksTrackerFeature/Components/BookCardBadges.swift (in target 'BooksTrackerFeature' from project 'BooksTrackerFeature')
    cd /Users/juju/dev_repos/books-v3
    

SwiftCompile normal arm64 /Users/juju/dev_repos/books-v3/BooksTrackerPackage/Sources/BooksTrackerFeature/Components/BookCardMenus.swift (in target 'BooksTrackerFeature' from project 'BooksTrackerFeature')
    cd /Users/juju/dev_repos/books-v3
    

SwiftCompile normal arm64 /Users/juju/dev_repos/books-v3/BooksTrackerPackage/Sources/BooksTrackerFeature/Components/BookCardSkeleton.swift (in target 'BooksTrackerFeature' from project 'BooksTrackerFeature')
    cd /Users/juju/dev_repos/books-v3
    

SwiftCompile normal arm64 /Users/juju/dev_repos/books-v3/BooksTrackerPackage/Sources/BooksTrackerFeature/Components/BookMetadataRow.swift (in target 'BooksTrackerFeature' from project 'BooksTrackerFeature')
    cd /Users/juju/dev_repos/books-v3
    

SwiftCompile normal arm64 Compiling\ ReadingSession.swift,\ ReadingStats.swift,\ ReviewStatus.swift,\ SearchCoordinator.swift,\ SearchResultDTO.swift,\ SimilarBooksCache.swift,\ StreakData.swift,\ TrendingActivity.swift,\ UserSettings.swift,\ WeeklyRecommendation.swift,\ WorkOverride.swift,\ ProgressComponents.swift,\ ReadingHabitsModule.swift,\ ReadingHabitsViewModel.swift,\ ReadingProgressModule.swift,\ ReadingStatusParser.swift,\ BookRepository.swift,\ CorrectionView.swift,\ ManualMatchView.swift,\ ReviewQueueModel.swift,\ ReviewQueueView.swift /Users/juju/dev_repos/books-v3/BooksTrackerPackage/Sources/BooksTrackerFeature/Models/ReadingSession.swift /Users/juju/dev_repos/books-v3/BooksTrackerPackage/Sources/BooksTrackerFeature/Models/ReadingStats.swift /Users/juju/dev_repos/books-v3/BooksTrackerPackage/Sources/BooksTrackerFeature/Models/ReviewStatus.swift /Users/juju/dev_repos/books-v3/BooksTrackerPackage/Sources/BooksTrackerFeature/Models/SearchCoordinator.swift /Users/juju/dev_repos/books-v3/BooksTrackerPackage/Sources/BooksTrackerFeature/Models/SearchResultDTO.swift /Users/juju/dev_repos/books-v3/BooksTrackerPackage/Sources/BooksTrackerFeature/Models/SimilarBooksCache.swift /Users/juju/dev_repos/books-v3/BooksTrackerPackage/Sources/BooksTrackerFeature/Models/StreakData.swift /Users/juju/dev_repos/books-v3/BooksTrackerPackage/Sources/BooksTrackerFeature/Models/TrendingActivity.swift /Users/juju/dev_repos/books-v3/BooksTrackerPackage/Sources/BooksTrackerFeature/Models/UserSettings.swift /Users/juju/dev_repos/books-v3/BooksTrackerPackage/Sources/BooksTrackerFeature/Models/WeeklyRecommendation.swift /Users/juju/dev_repos/books-v3/BooksTrackerPackage/Sources/BooksTrackerFeature/Models/WorkOverride.swift /Users/juju/dev_repos/books-v3/BooksTrackerPackage/Sources/BooksTrackerFeature/ProgressViews/ProgressComponents.swift /Users/juju/dev_repos/books-v3/BooksTrackerPackage/Sources/BooksTrackerFeature/ReadingHabitsModule.swift /Users/juju/dev_repos/books-v3/BooksTrackerPackage/Sources/BooksTrackerFeature/ReadingHabitsViewModel.swift /Users/juju/dev_repos/books-v3/BooksTrackerPackage/Sources/BooksTrackerFeature/ReadingProgressModule.swift /Users/juju/dev_repos/books-v3/BooksTrackerPackage/Sources/BooksTrackerFeature/ReadingStatusParser.swift /Users/juju/dev_repos/books-v3/BooksTrackerPackage/Sources/BooksTrackerFeature/Repositories/BookRepository.swift /Users/juju/dev_repos/books-v3/BooksTrackerPackage/Sources/BooksTrackerFeature/ReviewQueue/CorrectionView.swift /Users/juju/dev_repos/books-v3/BooksTrackerPackage/Sources/BooksTrackerFeature/ReviewQueue/ManualMatchView.swift /Users/juju/dev_repos/books-v3/BooksTrackerPackage/Sources/BooksTrackerFeature/ReviewQueue/ReviewQueueModel.swift /Users/juju/dev_repos/books-v3/BooksTrackerPackage/Sources/BooksTrackerFeature/ReviewQueue/ReviewQueueView.swift (in target 'BooksTrackerFeature' from project 'BooksTrackerFeature')

SwiftCompile normal arm64 /Users/juju/dev_repos/books-v3/BooksTrackerPackage/Sources/BooksTrackerFeature/Models/ReadingSession.swift (in target 'BooksTrackerFeature' from project 'BooksTrackerFeature')
    cd /Users/juju/dev_repos/books-v3
    

SwiftCompile normal arm64 /Users/juju/dev_repos/books-v3/BooksTrackerPackage/Sources/BooksTrackerFeature/Models/ReadingStats.swift (in target 'BooksTrackerFeature' from project 'BooksTrackerFeature')
    cd /Users/juju/dev_repos/books-v3
    

SwiftCompile normal arm64 /Users/juju/dev_repos/books-v3/BooksTrackerPackage/Sources/BooksTrackerFeature/Models/ReviewStatus.swift (in target 'BooksTrackerFeature' from project 'BooksTrackerFeature')
    cd /Users/juju/dev_repos/books-v3
    

SwiftCompile normal arm64 /Users/juju/dev_repos/books-v3/BooksTrackerPackage/Sources/BooksTrackerFeature/Models/SearchCoordinator.swift (in target 'BooksTrackerFeature' from project 'BooksTrackerFeature')
    cd /Users/juju/dev_repos/books-v3
    

SwiftCompile normal arm64 /Users/juju/dev_repos/books-v3/BooksTrackerPackage/Sources/BooksTrackerFeature/Models/SearchResultDTO.swift (in target 'BooksTrackerFeature' from project 'BooksTrackerFeature')
    cd /Users/juju/dev_repos/books-v3
    

SwiftCompile normal arm64 /Users/juju/dev_repos/books-v3/BooksTrackerPackage/Sources/BooksTrackerFeature/Models/SimilarBooksCache.swift (in target 'BooksTrackerFeature' from project 'BooksTrackerFeature')
    cd /Users/juju/dev_repos/books-v3
    

SwiftCompile normal arm64 /Users/juju/dev_repos/books-v3/BooksTrackerPackage/Sources/BooksTrackerFeature/Models/StreakData.swift (in target 'BooksTrackerFeature' from project 'BooksTrackerFeature')
    cd /Users/juju/dev_repos/books-v3
    

SwiftCompile normal arm64 /Users/juju/dev_repos/books-v3/BooksTrackerPackage/Sources/BooksTrackerFeature/Models/TrendingActivity.swift (in target 'BooksTrackerFeature' from project 'BooksTrackerFeature')
    cd /Users/juju/dev_repos/books-v3
    

SwiftCompile normal arm64 /Users/juju/dev_repos/books-v3/BooksTrackerPackage/Sources/BooksTrackerFeature/Models/UserSettings.swift (in target 'BooksTrackerFeature' from project 'BooksTrackerFeature')
    cd /Users/juju/dev_repos/books-v3
    

SwiftCompile normal arm64 /Users/juju/dev_repos/books-v3/BooksTrackerPackage/Sources/BooksTrackerFeature/Models/WeeklyRecommendation.swift (in target 'BooksTrackerFeature' from project 'BooksTrackerFeature')
    cd /Users/juju/dev_repos/books-v3
    

SwiftCompile normal arm64 /Users/juju/dev_repos/books-v3/BooksTrackerPackage/Sources/BooksTrackerFeature/Models/WorkOverride.swift (in target 'BooksTrackerFeature' from project 'BooksTrackerFeature')
    cd /Users/juju/dev_repos/books-v3
    

SwiftCompile normal arm64 /Users/juju/dev_repos/books-v3/BooksTrackerPackage/Sources/BooksTrackerFeature/ProgressViews/ProgressComponents.swift (in target 'BooksTrackerFeature' from project 'BooksTrackerFeature')
    cd /Users/juju/dev_repos/books-v3
    

SwiftCompile normal arm64 /Users/juju/dev_repos/books-v3/BooksTrackerPackage/Sources/BooksTrackerFeature/ReadingHabitsModule.swift (in target 'BooksTrackerFeature' from project 'BooksTrackerFeature')
    cd /Users/juju/dev_repos/books-v3
    

SwiftCompile normal arm64 /Users/juju/dev_repos/books-v3/BooksTrackerPackage/Sources/BooksTrackerFeature/ReadingHabitsViewModel.swift (in target 'BooksTrackerFeature' from project 'BooksTrackerFeature')
    cd /Users/juju/dev_repos/books-v3
    

SwiftCompile normal arm64 /Users/juju/dev_repos/books-v3/BooksTrackerPackage/Sources/BooksTrackerFeature/ReadingProgressModule.swift (in target 'BooksTrackerFeature' from project 'BooksTrackerFeature')
    cd /Users/juju/dev_repos/books-v3
    

SwiftCompile normal arm64 /Users/juju/dev_repos/books-v3/BooksTrackerPackage/Sources/BooksTrackerFeature/ReadingStatusParser.swift (in target 'BooksTrackerFeature' from project 'BooksTrackerFeature')
    cd /Users/juju/dev_repos/books-v3
    

SwiftCompile normal arm64 /Users/juju/dev_repos/books-v3/BooksTrackerPackage/Sources/BooksTrackerFeature/Repositories/BookRepository.swift (in target 'BooksTrackerFeature' from project 'BooksTrackerFeature')
    cd /Users/juju/dev_repos/books-v3
    

SwiftCompile normal arm64 /Users/juju/dev_repos/books-v3/BooksTrackerPackage/Sources/BooksTrackerFeature/ReviewQueue/CorrectionView.swift (in target 'BooksTrackerFeature' from project 'BooksTrackerFeature')
    cd /Users/juju/dev_repos/books-v3
    

SwiftCompile normal arm64 /Users/juju/dev_repos/books-v3/BooksTrackerPackage/Sources/BooksTrackerFeature/ReviewQueue/ManualMatchView.swift (in target 'BooksTrackerFeature' from project 'BooksTrackerFeature')
    cd /Users/juju/dev_repos/books-v3
    

SwiftCompile normal arm64 /Users/juju/dev_repos/books-v3/BooksTrackerPackage/Sources/BooksTrackerFeature/ReviewQueue/ReviewQueueModel.swift (in target 'BooksTrackerFeature' from project 'BooksTrackerFeature')
    cd /Users/juju/dev_repos/books-v3
    

SwiftCompile normal arm64 /Users/juju/dev_repos/books-v3/BooksTrackerPackage/Sources/BooksTrackerFeature/ReviewQueue/ReviewQueueView.swift (in target 'BooksTrackerFeature' from project 'BooksTrackerFeature')
    cd /Users/juju/dev_repos/books-v3
    

SwiftCompile normal arm64 Compiling\ ResponseEnvelope.swift,\ SearchLinksDTO.swift,\ WebSocketMessages.swift,\ WorkDTO.swift,\ WorkflowDTOs.swift,\ DiversityPreviewModule.swift,\ Edition.swift,\ EditionComparisonSheet.swift,\ EditionSelectionStrategy.swift,\ EnrichmentQueue.swift,\ EnrichmentService.swift,\ EnrichmentWebSocketHandler.swift,\ Data+toString.swift,\ String+TitleNormalization.swift,\ FeatureFlags.swift,\ FloatingPillsView.swift,\ CSVValidator.swift,\ GeminiCSVImportService.swift,\ GeminiCSVImportView.swift,\ ISBNScannerView.swift,\ ISBNValidator.swift /Users/juju/dev_repos/books-v3/BooksTrackerPackage/Sources/BooksTrackerFeature/DTOs/ResponseEnvelope.swift /Users/juju/dev_repos/books-v3/BooksTrackerPackage/Sources/BooksTrackerFeature/DTOs/SearchLinksDTO.swift /Users/juju/dev_repos/books-v3/BooksTrackerPackage/Sources/BooksTrackerFeature/DTOs/WebSocketMessages.swift /Users/juju/dev_repos/books-v3/BooksTrackerPackage/Sources/BooksTrackerFeature/DTOs/WorkDTO.swift /Users/juju/dev_repos/books-v3/BooksTrackerPackage/Sources/BooksTrackerFeature/DTOs/WorkflowDTOs.swift /Users/juju/dev_repos/books-v3/BooksTrackerPackage/Sources/BooksTrackerFeature/DiversityPreviewModule.swift /Users/juju/dev_repos/books-v3/BooksTrackerPackage/Sources/BooksTrackerFeature/Edition.swift /Users/juju/dev_repos/books-v3/BooksTrackerPackage/Sources/BooksTrackerFeature/EditionComparisonSheet.swift /Users/juju/dev_repos/books-v3/BooksTrackerPackage/Sources/BooksTrackerFeature/EditionSelectionStrategy.swift /Users/juju/dev_repos/books-v3/BooksTrackerPackage/Sources/BooksTrackerFeature/Enrichment/EnrichmentQueue.swift /Users/juju/dev_repos/books-v3/BooksTrackerPackage/Sources/BooksTrackerFeature/Enrichment/EnrichmentService.swift /Users/juju/dev_repos/books-v3/BooksTrackerPackage/Sources/BooksTrackerFeature/Enrichment/EnrichmentWebSocketHandler.swift /Users/juju/dev_repos/books-v3/BooksTrackerPackage/Sources/BooksTrackerFeature/Extensions/Data+toString.swift /Users/juju/dev_repos/books-v3/BooksTrackerPackage/Sources/BooksTrackerFeature/Extensions/String+TitleNormalization.swift /Users/juju/dev_repos/books-v3/BooksTrackerPackage/Sources/BooksTrackerFeature/FeatureFlags.swift /Users/juju/dev_repos/books-v3/BooksTrackerPackage/Sources/BooksTrackerFeature/FloatingPillsView.swift /Users/juju/dev_repos/books-v3/BooksTrackerPackage/Sources/BooksTrackerFeature/GeminiCSVImport/CSVValidator.swift /Users/juju/dev_repos/books-v3/BooksTrackerPackage/Sources/BooksTrackerFeature/GeminiCSVImport/GeminiCSVImportService.swift /Users/juju/dev_repos/books-v3/BooksTrackerPackage/Sources/BooksTrackerFeature/GeminiCSVImport/GeminiCSVImportView.swift /Users/juju/dev_repos/books-v3/BooksTrackerPackage/Sources/BooksTrackerFeature/ISBNScannerView.swift /Users/juju/dev_repos/books-v3/BooksTrackerPackage/Sources/BooksTrackerFeature/ISBNValidator.swift (in target 'BooksTrackerFeature' from project 'BooksTrackerFeature')
SwiftCompile normal arm64 /Users/juju/dev_repos/books-v3/BooksTrackerPackage/Sources/BooksTrackerFeature/DTOs/ResponseEnvelope.swift (in target 'BooksTrackerFeature' from project 'BooksTrackerFeature')
    cd /Users/juju/dev_repos/books-v3
    

SwiftCompile normal arm64 /Users/juju/dev_repos/books-v3/BooksTrackerPackage/Sources/BooksTrackerFeature/DTOs/SearchLinksDTO.swift (in target 'BooksTrackerFeature' from project 'BooksTrackerFeature')
    cd /Users/juju/dev_repos/books-v3
    

SwiftCompile normal arm64 /Users/juju/dev_repos/books-v3/BooksTrackerPackage/Sources/BooksTrackerFeature/DTOs/WebSocketMessages.swift (in target 'BooksTrackerFeature' from project 'BooksTrackerFeature')
    cd /Users/juju/dev_repos/books-v3
    

SwiftCompile normal arm64 /Users/juju/dev_repos/books-v3/BooksTrackerPackage/Sources/BooksTrackerFeature/DTOs/WorkDTO.swift (in target 'BooksTrackerFeature' from project 'BooksTrackerFeature')
    cd /Users/juju/dev_repos/books-v3
    

SwiftCompile normal arm64 /Users/juju/dev_repos/books-v3/BooksTrackerPackage/Sources/BooksTrackerFeature/DTOs/WorkflowDTOs.swift (in target 'BooksTrackerFeature' from project 'BooksTrackerFeature')
    cd /Users/juju/dev_repos/books-v3
    

SwiftCompile normal arm64 /Users/juju/dev_repos/books-v3/BooksTrackerPackage/Sources/BooksTrackerFeature/DiversityPreviewModule.swift (in target 'BooksTrackerFeature' from project 'BooksTrackerFeature')
    cd /Users/juju/dev_repos/books-v3
    

SwiftCompile normal arm64 /Users/juju/dev_repos/books-v3/BooksTrackerPackage/Sources/BooksTrackerFeature/Edition.swift (in target 'BooksTrackerFeature' from project 'BooksTrackerFeature')
    cd /Users/juju/dev_repos/books-v3
    

SwiftCompile normal arm64 /Users/juju/dev_repos/books-v3/BooksTrackerPackage/Sources/BooksTrackerFeature/EditionComparisonSheet.swift (in target 'BooksTrackerFeature' from project 'BooksTrackerFeature')
    cd /Users/juju/dev_repos/books-v3
    

SwiftCompile normal arm64 /Users/juju/dev_repos/books-v3/BooksTrackerPackage/Sources/BooksTrackerFeature/EditionSelectionStrategy.swift (in target 'BooksTrackerFeature' from project 'BooksTrackerFeature')
    cd /Users/juju/dev_repos/books-v3
    

SwiftCompile normal arm64 /Users/juju/dev_repos/books-v3/BooksTrackerPackage/Sources/BooksTrackerFeature/Enrichment/EnrichmentQueue.swift (in target 'BooksTrackerFeature' from project 'BooksTrackerFeature')
    cd /Users/juju/dev_repos/books-v3
    

SwiftCompile normal arm64 /Users/juju/dev_repos/books-v3/BooksTrackerPackage/Sources/BooksTrackerFeature/Enrichment/EnrichmentService.swift (in target 'BooksTrackerFeature' from project 'BooksTrackerFeature')
    cd /Users/juju/dev_repos/books-v3
    

SwiftCompile normal arm64 /Users/juju/dev_repos/books-v3/BooksTrackerPackage/Sources/BooksTrackerFeature/Enrichment/EnrichmentWebSocketHandler.swift (in target 'BooksTrackerFeature' from project 'BooksTrackerFeature')
    cd /Users/juju/dev_repos/books-v3
    

SwiftCompile normal arm64 /Users/juju/dev_repos/books-v3/BooksTrackerPackage/Sources/BooksTrackerFeature/Extensions/Data+toString.swift (in target 'BooksTrackerFeature' from project 'BooksTrackerFeature')
    cd /Users/juju/dev_repos/books-v3
    

SwiftCompile normal arm64 /Users/juju/dev_repos/books-v3/BooksTrackerPackage/Sources/BooksTrackerFeature/Extensions/String+TitleNormalization.swift (in target 'BooksTrackerFeature' from project 'BooksTrackerFeature')
    cd /Users/juju/dev_repos/books-v3
    

SwiftCompile normal arm64 /Users/juju/dev_repos/books-v3/BooksTrackerPackage/Sources/BooksTrackerFeature/FeatureFlags.swift (in target 'BooksTrackerFeature' from project 'BooksTrackerFeature')
    cd /Users/juju/dev_repos/books-v3
    

SwiftCompile normal arm64 /Users/juju/dev_repos/books-v3/BooksTrackerPackage/Sources/BooksTrackerFeature/FloatingPillsView.swift (in target 'BooksTrackerFeature' from project 'BooksTrackerFeature')
    cd /Users/juju/dev_repos/books-v3
    

SwiftCompile normal arm64 /Users/juju/dev_repos/books-v3/BooksTrackerPackage/Sources/BooksTrackerFeature/GeminiCSVImport/CSVValidator.swift (in target 'BooksTrackerFeature' from project 'BooksTrackerFeature')
    cd /Users/juju/dev_repos/books-v3
    

SwiftCompile normal arm64 /Users/juju/dev_repos/books-v3/BooksTrackerPackage/Sources/BooksTrackerFeature/GeminiCSVImport/GeminiCSVImportService.swift (in target 'BooksTrackerFeature' from project 'BooksTrackerFeature')
    cd /Users/juju/dev_repos/books-v3
    

SwiftCompile normal arm64 /Users/juju/dev_repos/books-v3/BooksTrackerPackage/Sources/BooksTrackerFeature/GeminiCSVImport/GeminiCSVImportView.swift (in target 'BooksTrackerFeature' from project 'BooksTrackerFeature')
    cd /Users/juju/dev_repos/books-v3
    

SwiftCompile normal arm64 /Users/juju/dev_repos/books-v3/BooksTrackerPackage/Sources/BooksTrackerFeature/ISBNScannerView.swift (in target 'BooksTrackerFeature' from project 'BooksTrackerFeature')
    cd /Users/juju/dev_repos/books-v3
    

SwiftCompile normal arm64 /Users/juju/dev_repos/books-v3/BooksTrackerPackage/Sources/BooksTrackerFeature/ISBNValidator.swift (in target 'BooksTrackerFeature' from project 'BooksTrackerFeature')
    cd /Users/juju/dev_repos/books-v3
    

SwiftCompile normal arm64 Compiling\ UserLibraryEntry.swift,\ CelebrationView.swift,\ ConfidenceBadge.swift,\ DiversityCompletionWidget.swift,\ HorizontalBookCarousel.swift,\ AlphabeticalIndexView.swift,\ ProgressiveProfilingSheet.swift,\ RepresentationRadarChart.swift,\ StreakVisualizationView.swift,\ WeeklyPicksView.swift,\ WorkflowProgressView.swift,\ Work.swift,\ WorkDetailView.swift,\ WorkDiscoveryView.swift,\ iOS26AdaptiveBookCard.swift,\ iOS26FloatingBookCard.swift,\ iOS26FluidGridSystem.swift,\ iOS26GlassModifiers.swift,\ iOS26LiquidLibraryView.swift,\ iOS26LiquidListRow.swift,\ iOS26ThemeSystem.swift /Users/juju/dev_repos/books-v3/BooksTrackerPackage/Sources/BooksTrackerFeature/UserLibraryEntry.swift /Users/juju/dev_repos/books-v3/BooksTrackerPackage/Sources/BooksTrackerFeature/Views/Components/CelebrationView.swift /Users/juju/dev_repos/books-v3/BooksTrackerPackage/Sources/BooksTrackerFeature/Views/Components/ConfidenceBadge.swift /Users/juju/dev_repos/books-v3/BooksTrackerPackage/Sources/BooksTrackerFeature/Views/DiversityCompletionWidget.swift /Users/juju/dev_repos/books-v3/BooksTrackerPackage/Sources/BooksTrackerFeature/Views/HorizontalBookCarousel.swift /Users/juju/dev_repos/books-v3/BooksTrackerPackage/Sources/BooksTrackerFeature/Views/Library/AlphabeticalIndexView.swift /Users/juju/dev_repos/books-v3/BooksTrackerPackage/Sources/BooksTrackerFeature/Views/ProgressiveProfilingSheet.swift /Users/juju/dev_repos/books-v3/BooksTrackerPackage/Sources/BooksTrackerFeature/Views/RepresentationRadarChart.swift /Users/juju/dev_repos/books-v3/BooksTrackerPackage/Sources/BooksTrackerFeature/Views/StreakVisualizationView.swift /Users/juju/dev_repos/books-v3/BooksTrackerPackage/Sources/BooksTrackerFeature/Views/WeeklyPicksView.swift /Users/juju/dev_repos/books-v3/BooksTrackerPackage/Sources/BooksTrackerFeature/Views/WorkflowProgressView.swift /Users/juju/dev_repos/books-v3/BooksTrackerPackage/Sources/BooksTrackerFeature/Work.swift /Users/juju/dev_repos/books-v3/BooksTrackerPackage/Sources/BooksTrackerFeature/WorkDetailView.swift /Users/juju/dev_repos/books-v3/BooksTrackerPackage/Sources/BooksTrackerFeature/WorkDiscoveryView.swift /Users/juju/dev_repos/books-v3/BooksTrackerPackage/Sources/BooksTrackerFeature/iOS26AdaptiveBookCard.swift /Users/juju/dev_repos/books-v3/BooksTrackerPackage/Sources/BooksTrackerFeature/iOS26FloatingBookCard.swift /Users/juju/dev_repos/books-v3/BooksTrackerPackage/Sources/BooksTrackerFeature/iOS26FluidGridSystem.swift /Users/juju/dev_repos/books-v3/BooksTrackerPackage/Sources/BooksTrackerFeature/iOS26GlassModifiers.swift /Users/juju/dev_repos/books-v3/BooksTrackerPackage/Sources/BooksTrackerFeature/iOS26LiquidLibraryView.swift /Users/juju/dev_repos/books-v3/BooksTrackerPackage/Sources/BooksTrackerFeature/iOS26LiquidListRow.swift /Users/juju/dev_repos/books-v3/BooksTrackerPackage/Sources/BooksTrackerFeature/iOS26ThemeSystem.swift (in target 'BooksTrackerFeature' from project 'BooksTrackerFeature')

SwiftCompile normal arm64 /Users/juju/dev_repos/books-v3/BooksTrackerPackage/Sources/BooksTrackerFeature/UserLibraryEntry.swift (in target 'BooksTrackerFeature' from project 'BooksTrackerFeature')
    cd /Users/juju/dev_repos/books-v3
    

SwiftCompile normal arm64 /Users/juju/dev_repos/books-v3/BooksTrackerPackage/Sources/BooksTrackerFeature/Views/Components/CelebrationView.swift (in target 'BooksTrackerFeature' from project 'BooksTrackerFeature')
    cd /Users/juju/dev_repos/books-v3
    

SwiftCompile normal arm64 /Users/juju/dev_repos/books-v3/BooksTrackerPackage/Sources/BooksTrackerFeature/Views/Components/ConfidenceBadge.swift (in target 'BooksTrackerFeature' from project 'BooksTrackerFeature')
    cd /Users/juju/dev_repos/books-v3
    

SwiftCompile normal arm64 /Users/juju/dev_repos/books-v3/BooksTrackerPackage/Sources/BooksTrackerFeature/Views/DiversityCompletionWidget.swift (in target 'BooksTrackerFeature' from project 'BooksTrackerFeature')
    cd /Users/juju/dev_repos/books-v3
    

SwiftCompile normal arm64 /Users/juju/dev_repos/books-v3/BooksTrackerPackage/Sources/BooksTrackerFeature/Views/HorizontalBookCarousel.swift (in target 'BooksTrackerFeature' from project 'BooksTrackerFeature')
    cd /Users/juju/dev_repos/books-v3
    

SwiftCompile normal arm64 /Users/juju/dev_repos/books-v3/BooksTrackerPackage/Sources/BooksTrackerFeature/Views/Library/AlphabeticalIndexView.swift (in target 'BooksTrackerFeature' from project 'BooksTrackerFeature')
    cd /Users/juju/dev_repos/books-v3
    

SwiftCompile normal arm64 /Users/juju/dev_repos/books-v3/BooksTrackerPackage/Sources/BooksTrackerFeature/Views/ProgressiveProfilingSheet.swift (in target 'BooksTrackerFeature' from project 'BooksTrackerFeature')
    cd /Users/juju/dev_repos/books-v3
    

SwiftCompile normal arm64 /Users/juju/dev_repos/books-v3/BooksTrackerPackage/Sources/BooksTrackerFeature/Views/RepresentationRadarChart.swift (in target 'BooksTrackerFeature' from project 'BooksTrackerFeature')
    cd /Users/juju/dev_repos/books-v3
    

SwiftCompile normal arm64 /Users/juju/dev_repos/books-v3/BooksTrackerPackage/Sources/BooksTrackerFeature/Views/StreakVisualizationView.swift (in target 'BooksTrackerFeature' from project 'BooksTrackerFeature')
    cd /Users/juju/dev_repos/books-v3
    

SwiftCompile normal arm64 /Users/juju/dev_repos/books-v3/BooksTrackerPackage/Sources/BooksTrackerFeature/Views/WeeklyPicksView.swift (in target 'BooksTrackerFeature' from project 'BooksTrackerFeature')
    cd /Users/juju/dev_repos/books-v3
    

SwiftCompile normal arm64 /Users/juju/dev_repos/books-v3/BooksTrackerPackage/Sources/BooksTrackerFeature/Views/WorkflowProgressView.swift (in target 'BooksTrackerFeature' from project 'BooksTrackerFeature')
    cd /Users/juju/dev_repos/books-v3
    

SwiftCompile normal arm64 /Users/juju/dev_repos/books-v3/BooksTrackerPackage/Sources/BooksTrackerFeature/Work.swift (in target 'BooksTrackerFeature' from project 'BooksTrackerFeature')
    cd /Users/juju/dev_repos/books-v3
    

SwiftCompile normal arm64 /Users/juju/dev_repos/books-v3/BooksTrackerPackage/Sources/BooksTrackerFeature/WorkDetailView.swift (in target 'BooksTrackerFeature' from project 'BooksTrackerFeature')
    cd /Users/juju/dev_repos/books-v3
    

SwiftCompile normal arm64 /Users/juju/dev_repos/books-v3/BooksTrackerPackage/Sources/BooksTrackerFeature/WorkDiscoveryView.swift (in target 'BooksTrackerFeature' from project 'BooksTrackerFeature')
    cd /Users/juju/dev_repos/books-v3
    

SwiftCompile normal arm64 /Users/juju/dev_repos/books-v3/BooksTrackerPackage/Sources/BooksTrackerFeature/iOS26AdaptiveBookCard.swift (in target 'BooksTrackerFeature' from project 'BooksTrackerFeature')
    cd /Users/juju/dev_repos/books-v3
    

SwiftCompile normal arm64 /Users/juju/dev_repos/books-v3/BooksTrackerPackage/Sources/BooksTrackerFeature/iOS26FloatingBookCard.swift (in target 'BooksTrackerFeature' from project 'BooksTrackerFeature')
    cd /Users/juju/dev_repos/books-v3
    

SwiftCompile normal arm64 /Users/juju/dev_repos/books-v3/BooksTrackerPackage/Sources/BooksTrackerFeature/iOS26FluidGridSystem.swift (in target 'BooksTrackerFeature' from project 'BooksTrackerFeature')
    cd /Users/juju/dev_repos/books-v3
    

SwiftCompile normal arm64 /Users/juju/dev_repos/books-v3/BooksTrackerPackage/Sources/BooksTrackerFeature/iOS26GlassModifiers.swift (in target 'BooksTrackerFeature' from project 'BooksTrackerFeature')
    cd /Users/juju/dev_repos/books-v3
    

SwiftCompile normal arm64 /Users/juju/dev_repos/books-v3/BooksTrackerPackage/Sources/BooksTrackerFeature/iOS26LiquidLibraryView.swift (in target 'BooksTrackerFeature' from project 'BooksTrackerFeature')
    cd /Users/juju/dev_repos/books-v3
    

SwiftCompile normal arm64 /Users/juju/dev_repos/books-v3/BooksTrackerPackage/Sources/BooksTrackerFeature/iOS26LiquidListRow.swift (in target 'BooksTrackerFeature' from project 'BooksTrackerFeature')
    cd /Users/juju/dev_repos/books-v3
    

SwiftCompile normal arm64 /Users/juju/dev_repos/books-v3/BooksTrackerPackage/Sources/BooksTrackerFeature/iOS26ThemeSystem.swift (in target 'BooksTrackerFeature' from project 'BooksTrackerFeature')
    cd /Users/juju/dev_repos/books-v3
    

SwiftCompile normal arm64 Compiling\ ImmersiveHeaderView.swift,\ CulturalRegionsChart.swift,\ GenderDonutChart.swift,\ HeroStatsCard.swift,\ LanguageTagCloud.swift,\ RadarChartView.swift,\ ReadingStatsSection.swift,\ DiversityInsightsTab.swift,\ InsightsView.swift,\ FlowLayout.swift,\ LibraryRepository.swift,\ ModelTypes.swift,\ APICapabilities.swift,\ AuthorMetadata.swift,\ BookEnrichment.swift,\ DiversityMetric.swift,\ DiversityScore.swift,\ DiversityStats.swift,\ DiversityStatsMigrationPlan.swift,\ EnhancedDiversityStats.swift,\ NotificationPayloads.swift /Users/juju/dev_repos/books-v3/BooksTrackerPackage/Sources/BooksTrackerFeature/ImmersiveHeaderView.swift /Users/juju/dev_repos/books-v3/BooksTrackerPackage/Sources/BooksTrackerFeature/Insights/Components/CulturalRegionsChart.swift /Users/juju/dev_repos/books-v3/BooksTrackerPackage/Sources/BooksTrackerFeature/Insights/Components/GenderDonutChart.swift /Users/juju/dev_repos/books-v3/BooksTrackerPackage/Sources/BooksTrackerFeature/Insights/Components/HeroStatsCard.swift /Users/juju/dev_repos/books-v3/BooksTrackerPackage/Sources/BooksTrackerFeature/Insights/Components/LanguageTagCloud.swift /Users/juju/dev_repos/books-v3/BooksTrackerPackage/Sources/BooksTrackerFeature/Insights/Components/RadarChartView.swift /Users/juju/dev_repos/books-v3/BooksTrackerPackage/Sources/BooksTrackerFeature/Insights/Components/ReadingStatsSection.swift /Users/juju/dev_repos/books-v3/BooksTrackerPackage/Sources/BooksTrackerFeature/Insights/DiversityInsightsTab.swift /Users/juju/dev_repos/books-v3/BooksTrackerPackage/Sources/BooksTrackerFeature/Insights/InsightsView.swift /Users/juju/dev_repos/books-v3/BooksTrackerPackage/Sources/BooksTrackerFeature/Insights/Utilities/FlowLayout.swift /Users/juju/dev_repos/books-v3/BooksTrackerPackage/Sources/BooksTrackerFeature/LibraryRepository.swift /Users/juju/dev_repos/books-v3/BooksTrackerPackage/Sources/BooksTrackerFeature/ModelTypes.swift /Users/juju/dev_repos/books-v3/BooksTrackerPackage/Sources/BooksTrackerFeature/Models/APICapabilities.swift /Users/juju/dev_repos/books-v3/BooksTrackerPackage/Sources/BooksTrackerFeature/Models/AuthorMetadata.swift /Users/juju/dev_repos/books-v3/BooksTrackerPackage/Sources/BooksTrackerFeature/Models/BookEnrichment.swift /Users/juju/dev_repos/books-v3/BooksTrackerPackage/Sources/BooksTrackerFeature/Models/DiversityMetric.swift /Users/juju/dev_repos/books-v3/BooksTrackerPackage/Sources/BooksTrackerFeature/Models/DiversityScore.swift /Users/juju/dev_repos/books-v3/BooksTrackerPackage/Sources/BooksTrackerFeature/Models/DiversityStats.swift /Users/juju/dev_repos/books-v3/BooksTrackerPackage/Sources/BooksTrackerFeature/Models/DiversityStatsMigrationPlan.swift /Users/juju/dev_repos/books-v3/BooksTrackerPackage/Sources/BooksTrackerFeature/Models/EnhancedDiversityStats.swift /Users/juju/dev_repos/books-v3/BooksTrackerPackage/Sources/BooksTrackerFeature/Models/NotificationPayloads.swift (in target 'BooksTrackerFeature' from project 'BooksTrackerFeature')

SwiftCompile normal arm64 /Users/juju/dev_repos/books-v3/BooksTrackerPackage/Sources/BooksTrackerFeature/ImmersiveHeaderView.swift (in target 'BooksTrackerFeature' from project 'BooksTrackerFeature')
    cd /Users/juju/dev_repos/books-v3
    

SwiftCompile normal arm64 /Users/juju/dev_repos/books-v3/BooksTrackerPackage/Sources/BooksTrackerFeature/Insights/Components/CulturalRegionsChart.swift (in target 'BooksTrackerFeature' from project 'BooksTrackerFeature')
    cd /Users/juju/dev_repos/books-v3
    

SwiftCompile normal arm64 /Users/juju/dev_repos/books-v3/BooksTrackerPackage/Sources/BooksTrackerFeature/Insights/Components/GenderDonutChart.swift (in target 'BooksTrackerFeature' from project 'BooksTrackerFeature')
    cd /Users/juju/dev_repos/books-v3
    

SwiftCompile normal arm64 /Users/juju/dev_repos/books-v3/BooksTrackerPackage/Sources/BooksTrackerFeature/Insights/Components/HeroStatsCard.swift (in target 'BooksTrackerFeature' from project 'BooksTrackerFeature')
    cd /Users/juju/dev_repos/books-v3
    

SwiftCompile normal arm64 /Users/juju/dev_repos/books-v3/BooksTrackerPackage/Sources/BooksTrackerFeature/Insights/Components/LanguageTagCloud.swift (in target 'BooksTrackerFeature' from project 'BooksTrackerFeature')
    cd /Users/juju/dev_repos/books-v3
    

SwiftCompile normal arm64 /Users/juju/dev_repos/books-v3/BooksTrackerPackage/Sources/BooksTrackerFeature/Insights/Components/RadarChartView.swift (in target 'BooksTrackerFeature' from project 'BooksTrackerFeature')
    cd /Users/juju/dev_repos/books-v3
    

SwiftCompile normal arm64 /Users/juju/dev_repos/books-v3/BooksTrackerPackage/Sources/BooksTrackerFeature/Insights/Components/ReadingStatsSection.swift (in target 'BooksTrackerFeature' from project 'BooksTrackerFeature')
    cd /Users/juju/dev_repos/books-v3
    

SwiftCompile normal arm64 /Users/juju/dev_repos/books-v3/BooksTrackerPackage/Sources/BooksTrackerFeature/Insights/DiversityInsightsTab.swift (in target 'BooksTrackerFeature' from project 'BooksTrackerFeature')
    cd /Users/juju/dev_repos/books-v3
    

SwiftCompile normal arm64 /Users/juju/dev_repos/books-v3/BooksTrackerPackage/Sources/BooksTrackerFeature/Insights/InsightsView.swift (in target 'BooksTrackerFeature' from project 'BooksTrackerFeature')
    cd /Users/juju/dev_repos/books-v3
    

SwiftCompile normal arm64 /Users/juju/dev_repos/books-v3/BooksTrackerPackage/Sources/BooksTrackerFeature/Insights/Utilities/FlowLayout.swift (in target 'BooksTrackerFeature' from project 'BooksTrackerFeature')
    cd /Users/juju/dev_repos/books-v3
    

SwiftCompile normal arm64 /Users/juju/dev_repos/books-v3/BooksTrackerPackage/Sources/BooksTrackerFeature/LibraryRepository.swift (in target 'BooksTrackerFeature' from project 'BooksTrackerFeature')
    cd /Users/juju/dev_repos/books-v3
    

SwiftCompile normal arm64 /Users/juju/dev_repos/books-v3/BooksTrackerPackage/Sources/BooksTrackerFeature/ModelTypes.swift (in target 'BooksTrackerFeature' from project 'BooksTrackerFeature')
    cd /Users/juju/dev_repos/books-v3
    

SwiftCompile normal arm64 /Users/juju/dev_repos/books-v3/BooksTrackerPackage/Sources/BooksTrackerFeature/Models/APICapabilities.swift (in target 'BooksTrackerFeature' from project 'BooksTrackerFeature')
    cd /Users/juju/dev_repos/books-v3
    

SwiftCompile normal arm64 /Users/juju/dev_repos/books-v3/BooksTrackerPackage/Sources/BooksTrackerFeature/Models/AuthorMetadata.swift (in target 'BooksTrackerFeature' from project 'BooksTrackerFeature')
    cd /Users/juju/dev_repos/books-v3
    

SwiftCompile normal arm64 /Users/juju/dev_repos/books-v3/BooksTrackerPackage/Sources/BooksTrackerFeature/Models/BookEnrichment.swift (in target 'BooksTrackerFeature' from project 'BooksTrackerFeature')
    cd /Users/juju/dev_repos/books-v3
    

SwiftCompile normal arm64 /Users/juju/dev_repos/books-v3/BooksTrackerPackage/Sources/BooksTrackerFeature/Models/DiversityMetric.swift (in target 'BooksTrackerFeature' from project 'BooksTrackerFeature')
    cd /Users/juju/dev_repos/books-v3
    

SwiftCompile normal arm64 /Users/juju/dev_repos/books-v3/BooksTrackerPackage/Sources/BooksTrackerFeature/Models/DiversityScore.swift (in target 'BooksTrackerFeature' from project 'BooksTrackerFeature')
    cd /Users/juju/dev_repos/books-v3
    

SwiftCompile normal arm64 /Users/juju/dev_repos/books-v3/BooksTrackerPackage/Sources/BooksTrackerFeature/Models/DiversityStats.swift (in target 'BooksTrackerFeature' from project 'BooksTrackerFeature')
    cd /Users/juju/dev_repos/books-v3
    

SwiftCompile normal arm64 /Users/juju/dev_repos/books-v3/BooksTrackerPackage/Sources/BooksTrackerFeature/Models/DiversityStatsMigrationPlan.swift (in target 'BooksTrackerFeature' from project 'BooksTrackerFeature')
    cd /Users/juju/dev_repos/books-v3
    

SwiftCompile normal arm64 /Users/juju/dev_repos/books-v3/BooksTrackerPackage/Sources/BooksTrackerFeature/Models/EnhancedDiversityStats.swift (in target 'BooksTrackerFeature' from project 'BooksTrackerFeature')
    cd /Users/juju/dev_repos/books-v3
    

SwiftCompile normal arm64 /Users/juju/dev_repos/books-v3/BooksTrackerPackage/Sources/BooksTrackerFeature/Models/NotificationPayloads.swift (in target 'BooksTrackerFeature' from project 'BooksTrackerFeature')
    cd /Users/juju/dev_repos/books-v3
    

SwiftCompile normal arm64 Compiling\ APIError.swift,\ AuthTokenProvider.swift,\ BooksTrackAPI+Enrichment.swift,\ BooksTrackAPI+Import.swift,\ BooksTrackAPI+Search.swift,\ BooksTrackAPI.swift,\ DTOs.swift,\ PollingUtility.swift,\ SSEClient.swift,\ SSEModels.swift,\ SSEResponseHandler.swift,\ AboutMakerView.swift,\ AcknowledgementsView.swift,\ AdvancedSearchView.swift,\ AnnotationsModule.swift,\ Author.swift,\ BentoGridView.swift,\ BookActionsModule.swift,\ BatchCaptureView.swift,\ BookshelfScannerView.swift,\ BoundingBoxOverlayView.swift /Users/juju/dev_repos/books-v3/BooksTrackerPackage/Sources/BooksTrackerFeature/API/APIError.swift /Users/juju/dev_repos/books-v3/BooksTrackerPackage/Sources/BooksTrackerFeature/API/AuthTokenProvider.swift /Users/juju/dev_repos/books-v3/BooksTrackerPackage/Sources/BooksTrackerFeature/API/BooksTrackAPI+Enrichment.swift /Users/juju/dev_repos/books-v3/BooksTrackerPackage/Sources/BooksTrackerFeature/API/BooksTrackAPI+Import.swift /Users/juju/dev_repos/books-v3/BooksTrackerPackage/Sources/BooksTrackerFeature/API/BooksTrackAPI+Search.swift /Users/juju/dev_repos/books-v3/BooksTrackerPackage/Sources/BooksTrackerFeature/API/BooksTrackAPI.swift /Users/juju/dev_repos/books-v3/BooksTrackerPackage/Sources/BooksTrackerFeature/API/DTOs.swift /Users/juju/dev_repos/books-v3/BooksTrackerPackage/Sources/BooksTrackerFeature/API/PollingUtility.swift /Users/juju/dev_repos/books-v3/BooksTrackerPackage/Sources/BooksTrackerFeature/API/SSEClient.swift /Users/juju/dev_repos/books-v3/BooksTrackerPackage/Sources/BooksTrackerFeature/API/SSEModels.swift /Users/juju/dev_repos/books-v3/BooksTrackerPackage/Sources/BooksTrackerFeature/API/SSEResponseHandler.swift /Users/juju/dev_repos/books-v3/BooksTrackerPackage/Sources/BooksTrackerFeature/AboutMakerView.swift /Users/juju/dev_repos/books-v3/BooksTrackerPackage/Sources/BooksTrackerFeature/AcknowledgementsView.swift /Users/juju/dev_repos/books-v3/BooksTrackerPackage/Sources/BooksTrackerFeature/AdvancedSearchView.swift /Users/juju/dev_repos/books-v3/BooksTrackerPackage/Sources/BooksTrackerFeature/AnnotationsModule.swift /Users/juju/dev_repos/books-v3/BooksTrackerPackage/Sources/BooksTrackerFeature/Author.swift /Users/juju/dev_repos/books-v3/BooksTrackerPackage/Sources/BooksTrackerFeature/BentoGridView.swift /Users/juju/dev_repos/books-v3/BooksTrackerPackage/Sources/BooksTrackerFeature/BookActionsModule.swift /Users/juju/dev_repos/books-v3/BooksTrackerPackage/Sources/BooksTrackerFeature/BookshelfScanning/BatchCaptureView.swift /Users/juju/dev_repos/books-v3/BooksTrackerPackage/Sources/BooksTrackerFeature/BookshelfScanning/BookshelfScannerView.swift /Users/juju/dev_repos/books-v3/BooksTrackerPackage/Sources/BooksTrackerFeature/BookshelfScanning/BoundingBoxOverlayView.swift (in target 'BooksTrackerFeature' from project 'BooksTrackerFeature')

SwiftCompile normal arm64 /Users/juju/dev_repos/books-v3/BooksTrackerPackage/Sources/BooksTrackerFeature/API/APIError.swift (in target 'BooksTrackerFeature' from project 'BooksTrackerFeature')
    cd /Users/juju/dev_repos/books-v3
    

SwiftCompile normal arm64 /Users/juju/dev_repos/books-v3/BooksTrackerPackage/Sources/BooksTrackerFeature/API/AuthTokenProvider.swift (in target 'BooksTrackerFeature' from project 'BooksTrackerFeature')
    cd /Users/juju/dev_repos/books-v3
    

SwiftCompile normal arm64 /Users/juju/dev_repos/books-v3/BooksTrackerPackage/Sources/BooksTrackerFeature/API/BooksTrackAPI+Enrichment.swift (in target 'BooksTrackerFeature' from project 'BooksTrackerFeature')
    cd /Users/juju/dev_repos/books-v3
    

SwiftCompile normal arm64 /Users/juju/dev_repos/books-v3/BooksTrackerPackage/Sources/BooksTrackerFeature/API/BooksTrackAPI+Import.swift (in target 'BooksTrackerFeature' from project 'BooksTrackerFeature')
    cd /Users/juju/dev_repos/books-v3
    

SwiftCompile normal arm64 /Users/juju/dev_repos/books-v3/BooksTrackerPackage/Sources/BooksTrackerFeature/API/BooksTrackAPI+Search.swift (in target 'BooksTrackerFeature' from project 'BooksTrackerFeature')
    cd /Users/juju/dev_repos/books-v3
    

SwiftCompile normal arm64 /Users/juju/dev_repos/books-v3/BooksTrackerPackage/Sources/BooksTrackerFeature/API/BooksTrackAPI.swift (in target 'BooksTrackerFeature' from project 'BooksTrackerFeature')
    cd /Users/juju/dev_repos/books-v3
    

SwiftCompile normal arm64 /Users/juju/dev_repos/books-v3/BooksTrackerPackage/Sources/BooksTrackerFeature/API/DTOs.swift (in target 'BooksTrackerFeature' from project 'BooksTrackerFeature')
    cd /Users/juju/dev_repos/books-v3
    

SwiftCompile normal arm64 /Users/juju/dev_repos/books-v3/BooksTrackerPackage/Sources/BooksTrackerFeature/API/PollingUtility.swift (in target 'BooksTrackerFeature' from project 'BooksTrackerFeature')
    cd /Users/juju/dev_repos/books-v3
    

SwiftCompile normal arm64 /Users/juju/dev_repos/books-v3/BooksTrackerPackage/Sources/BooksTrackerFeature/API/SSEClient.swift (in target 'BooksTrackerFeature' from project 'BooksTrackerFeature')
    cd /Users/juju/dev_repos/books-v3
    

SwiftCompile normal arm64 /Users/juju/dev_repos/books-v3/BooksTrackerPackage/Sources/BooksTrackerFeature/API/SSEModels.swift (in target 'BooksTrackerFeature' from project 'BooksTrackerFeature')
    cd /Users/juju/dev_repos/books-v3
    

SwiftCompile normal arm64 /Users/juju/dev_repos/books-v3/BooksTrackerPackage/Sources/BooksTrackerFeature/API/SSEResponseHandler.swift (in target 'BooksTrackerFeature' from project 'BooksTrackerFeature')
    cd /Users/juju/dev_repos/books-v3
    

SwiftCompile normal arm64 /Users/juju/dev_repos/books-v3/BooksTrackerPackage/Sources/BooksTrackerFeature/AboutMakerView.swift (in target 'BooksTrackerFeature' from project 'BooksTrackerFeature')
    cd /Users/juju/dev_repos/books-v3
    

SwiftCompile normal arm64 /Users/juju/dev_repos/books-v3/BooksTrackerPackage/Sources/BooksTrackerFeature/AcknowledgementsView.swift (in target 'BooksTrackerFeature' from project 'BooksTrackerFeature')
    cd /Users/juju/dev_repos/books-v3
    

SwiftCompile normal arm64 /Users/juju/dev_repos/books-v3/BooksTrackerPackage/Sources/BooksTrackerFeature/AdvancedSearchView.swift (in target 'BooksTrackerFeature' from project 'BooksTrackerFeature')
    cd /Users/juju/dev_repos/books-v3
    

SwiftCompile normal arm64 /Users/juju/dev_repos/books-v3/BooksTrackerPackage/Sources/BooksTrackerFeature/AnnotationsModule.swift (in target 'BooksTrackerFeature' from project 'BooksTrackerFeature')
    cd /Users/juju/dev_repos/books-v3
    

SwiftCompile normal arm64 /Users/juju/dev_repos/books-v3/BooksTrackerPackage/Sources/BooksTrackerFeature/Author.swift (in target 'BooksTrackerFeature' from project 'BooksTrackerFeature')
    cd /Users/juju/dev_repos/books-v3
    

SwiftCompile normal arm64 /Users/juju/dev_repos/books-v3/BooksTrackerPackage/Sources/BooksTrackerFeature/BentoGridView.swift (in target 'BooksTrackerFeature' from project 'BooksTrackerFeature')
    cd /Users/juju/dev_repos/books-v3
    

SwiftCompile normal arm64 /Users/juju/dev_repos/books-v3/BooksTrackerPackage/Sources/BooksTrackerFeature/BookActionsModule.swift (in target 'BooksTrackerFeature' from project 'BooksTrackerFeature')
    cd /Users/juju/dev_repos/books-v3
    

SwiftCompile normal arm64 /Users/juju/dev_repos/books-v3/BooksTrackerPackage/Sources/BooksTrackerFeature/BookshelfScanning/BatchCaptureView.swift (in target 'BooksTrackerFeature' from project 'BooksTrackerFeature')
    cd /Users/juju/dev_repos/books-v3
    

SwiftCompile normal arm64 /Users/juju/dev_repos/books-v3/BooksTrackerPackage/Sources/BooksTrackerFeature/BookshelfScanning/BookshelfScannerView.swift (in target 'BooksTrackerFeature' from project 'BooksTrackerFeature')
    cd /Users/juju/dev_repos/books-v3
    

SwiftCompile normal arm64 /Users/juju/dev_repos/books-v3/BooksTrackerPackage/Sources/BooksTrackerFeature/BookshelfScanning/BoundingBoxOverlayView.swift (in target 'BooksTrackerFeature' from project 'BooksTrackerFeature')
    cd /Users/juju/dev_repos/books-v3
    

SwiftCompile normal arm64 Compiling\ EditionMetadataView.swift,\ EndSessionSheet.swift,\ EnrichmentCompletionToast.swift,\ EnrichmentErrorToast.swift,\ EnrichmentIndicator.swift,\ GenreTagView.swift,\ GlassCard.swift,\ LibraryStatusBadge.swift,\ NotesEditorView.swift,\ RateLimitBanner.swift,\ ScaleButtonStyle.swift,\ StarRatingView.swift,\ ContentView.swift,\ ApiErrorCode.swift,\ AuthorDTO.swift,\ BatchEnrichmentPayload.swift,\ DTOEnums.swift,\ EditionDTO.swift,\ EnrichedBookDTO.swift,\ ErrorResponseDTO.swift,\ ListWorkDTO.swift /Users/juju/dev_repos/books-v3/BooksTrackerPackage/Sources/BooksTrackerFeature/Components/EditionMetadataView.swift /Users/juju/dev_repos/books-v3/BooksTrackerPackage/Sources/BooksTrackerFeature/Components/EndSessionSheet.swift /Users/juju/dev_repos/books-v3/BooksTrackerPackage/Sources/BooksTrackerFeature/Components/EnrichmentCompletionToast.swift /Users/juju/dev_repos/books-v3/BooksTrackerPackage/Sources/BooksTrackerFeature/Components/EnrichmentErrorToast.swift /Users/juju/dev_repos/books-v3/BooksTrackerPackage/Sources/BooksTrackerFeature/Components/EnrichmentIndicator.swift /Users/juju/dev_repos/books-v3/BooksTrackerPackage/Sources/BooksTrackerFeature/Components/GenreTagView.swift /Users/juju/dev_repos/books-v3/BooksTrackerPackage/Sources/BooksTrackerFeature/Components/GlassCard.swift /Users/juju/dev_repos/books-v3/BooksTrackerPackage/Sources/BooksTrackerFeature/Components/LibraryStatusBadge.swift /Users/juju/dev_repos/books-v3/BooksTrackerPackage/Sources/BooksTrackerFeature/Components/NotesEditorView.swift /Users/juju/dev_repos/books-v3/BooksTrackerPackage/Sources/BooksTrackerFeature/Components/RateLimitBanner.swift /Users/juju/dev_repos/books-v3/BooksTrackerPackage/Sources/BooksTrackerFeature/Components/ScaleButtonStyle.swift /Users/juju/dev_repos/books-v3/BooksTrackerPackage/Sources/BooksTrackerFeature/Components/StarRatingView.swift /Users/juju/dev_repos/books-v3/BooksTrackerPackage/Sources/BooksTrackerFeature/ContentView.swift /Users/juju/dev_repos/books-v3/BooksTrackerPackage/Sources/BooksTrackerFeature/DTOs/ApiErrorCode.swift /Users/juju/dev_repos/books-v3/BooksTrackerPackage/Sources/BooksTrackerFeature/DTOs/AuthorDTO.swift /Users/juju/dev_repos/books-v3/BooksTrackerPackage/Sources/BooksTrackerFeature/DTOs/BatchEnrichmentPayload.swift /Users/juju/dev_repos/books-v3/BooksTrackerPackage/Sources/BooksTrackerFeature/DTOs/DTOEnums.swift /Users/juju/dev_repos/books-v3/BooksTrackerPackage/Sources/BooksTrackerFeature/DTOs/EditionDTO.swift /Users/juju/dev_repos/books-v3/BooksTrackerPackage/Sources/BooksTrackerFeature/DTOs/EnrichedBookDTO.swift /Users/juju/dev_repos/books-v3/BooksTrackerPackage/Sources/BooksTrackerFeature/DTOs/ErrorResponseDTO.swift /Users/juju/dev_repos/books-v3/BooksTrackerPackage/Sources/BooksTrackerFeature/DTOs/ListWorkDTO.swift (in target 'BooksTrackerFeature' from project 'BooksTrackerFeature')

SwiftCompile normal arm64 /Users/juju/dev_repos/books-v3/BooksTrackerPackage/Sources/BooksTrackerFeature/Components/EditionMetadataView.swift (in target 'BooksTrackerFeature' from project 'BooksTrackerFeature')
    cd /Users/juju/dev_repos/books-v3
    

SwiftCompile normal arm64 /Users/juju/dev_repos/books-v3/BooksTrackerPackage/Sources/BooksTrackerFeature/Components/EndSessionSheet.swift (in target 'BooksTrackerFeature' from project 'BooksTrackerFeature')
    cd /Users/juju/dev_repos/books-v3
    

SwiftCompile normal arm64 /Users/juju/dev_repos/books-v3/BooksTrackerPackage/Sources/BooksTrackerFeature/Components/EnrichmentCompletionToast.swift (in target 'BooksTrackerFeature' from project 'BooksTrackerFeature')
    cd /Users/juju/dev_repos/books-v3
    

SwiftCompile normal arm64 /Users/juju/dev_repos/books-v3/BooksTrackerPackage/Sources/BooksTrackerFeature/Components/EnrichmentErrorToast.swift (in target 'BooksTrackerFeature' from project 'BooksTrackerFeature')
    cd /Users/juju/dev_repos/books-v3
    

SwiftCompile normal arm64 /Users/juju/dev_repos/books-v3/BooksTrackerPackage/Sources/BooksTrackerFeature/Components/EnrichmentIndicator.swift (in target 'BooksTrackerFeature' from project 'BooksTrackerFeature')
    cd /Users/juju/dev_repos/books-v3
    

SwiftCompile normal arm64 /Users/juju/dev_repos/books-v3/BooksTrackerPackage/Sources/BooksTrackerFeature/Components/GenreTagView.swift (in target 'BooksTrackerFeature' from project 'BooksTrackerFeature')
    cd /Users/juju/dev_repos/books-v3
    

SwiftCompile normal arm64 /Users/juju/dev_repos/books-v3/BooksTrackerPackage/Sources/BooksTrackerFeature/Components/GlassCard.swift (in target 'BooksTrackerFeature' from project 'BooksTrackerFeature')
    cd /Users/juju/dev_repos/books-v3
    

SwiftCompile normal arm64 /Users/juju/dev_repos/books-v3/BooksTrackerPackage/Sources/BooksTrackerFeature/Components/LibraryStatusBadge.swift (in target 'BooksTrackerFeature' from project 'BooksTrackerFeature')
    cd /Users/juju/dev_repos/books-v3
    

SwiftCompile normal arm64 /Users/juju/dev_repos/books-v3/BooksTrackerPackage/Sources/BooksTrackerFeature/Components/NotesEditorView.swift (in target 'BooksTrackerFeature' from project 'BooksTrackerFeature')
    cd /Users/juju/dev_repos/books-v3
    

SwiftCompile normal arm64 /Users/juju/dev_repos/books-v3/BooksTrackerPackage/Sources/BooksTrackerFeature/Components/RateLimitBanner.swift (in target 'BooksTrackerFeature' from project 'BooksTrackerFeature')
    cd /Users/juju/dev_repos/books-v3
    

SwiftCompile normal arm64 /Users/juju/dev_repos/books-v3/BooksTrackerPackage/Sources/BooksTrackerFeature/Components/ScaleButtonStyle.swift (in target 'BooksTrackerFeature' from project 'BooksTrackerFeature')
    cd /Users/juju/dev_repos/books-v3
    

SwiftCompile normal arm64 /Users/juju/dev_repos/books-v3/BooksTrackerPackage/Sources/BooksTrackerFeature/Components/StarRatingView.swift (in target 'BooksTrackerFeature' from project 'BooksTrackerFeature')
    cd /Users/juju/dev_repos/books-v3
    

SwiftCompile normal arm64 /Users/juju/dev_repos/books-v3/BooksTrackerPackage/Sources/BooksTrackerFeature/ContentView.swift (in target 'BooksTrackerFeature' from project 'BooksTrackerFeature')
    cd /Users/juju/dev_repos/books-v3
    

SwiftCompile normal arm64 /Users/juju/dev_repos/books-v3/BooksTrackerPackage/Sources/BooksTrackerFeature/DTOs/ApiErrorCode.swift (in target 'BooksTrackerFeature' from project 'BooksTrackerFeature')
    cd /Users/juju/dev_repos/books-v3
    

SwiftCompile normal arm64 /Users/juju/dev_repos/books-v3/BooksTrackerPackage/Sources/BooksTrackerFeature/DTOs/AuthorDTO.swift (in target 'BooksTrackerFeature' from project 'BooksTrackerFeature')
    cd /Users/juju/dev_repos/books-v3
    

SwiftCompile normal arm64 /Users/juju/dev_repos/books-v3/BooksTrackerPackage/Sources/BooksTrackerFeature/DTOs/BatchEnrichmentPayload.swift (in target 'BooksTrackerFeature' from project 'BooksTrackerFeature')
    cd /Users/juju/dev_repos/books-v3
    

SwiftCompile normal arm64 /Users/juju/dev_repos/books-v3/BooksTrackerPackage/Sources/BooksTrackerFeature/DTOs/DTOEnums.swift (in target 'BooksTrackerFeature' from project 'BooksTrackerFeature')
    cd /Users/juju/dev_repos/books-v3
    

SwiftCompile normal arm64 /Users/juju/dev_repos/books-v3/BooksTrackerPackage/Sources/BooksTrackerFeature/DTOs/EditionDTO.swift (in target 'BooksTrackerFeature' from project 'BooksTrackerFeature')
    cd /Users/juju/dev_repos/books-v3
    

SwiftCompile normal arm64 /Users/juju/dev_repos/books-v3/BooksTrackerPackage/Sources/BooksTrackerFeature/DTOs/EnrichedBookDTO.swift (in target 'BooksTrackerFeature' from project 'BooksTrackerFeature')
    cd /Users/juju/dev_repos/books-v3
    

SwiftCompile normal arm64 /Users/juju/dev_repos/books-v3/BooksTrackerPackage/Sources/BooksTrackerFeature/DTOs/ErrorResponseDTO.swift (in target 'BooksTrackerFeature' from project 'BooksTrackerFeature')
    cd /Users/juju/dev_repos/books-v3
    

SwiftCompile normal arm64 /Users/juju/dev_repos/books-v3/BooksTrackerPackage/Sources/BooksTrackerFeature/DTOs/ListWorkDTO.swift (in target 'BooksTrackerFeature' from project 'BooksTrackerFeature')
    cd /Users/juju/dev_repos/books-v3
    

SwiftEmitModule normal x86_64 Emitting\ module\ for\ BooksTrackerFeature (in target 'BooksTrackerFeature' from project 'BooksTrackerFeature')

EmitSwiftModule normal x86_64 (in target 'BooksTrackerFeature' from project 'BooksTrackerFeature')
    cd /Users/juju/dev_repos/books-v3
    

SwiftDriverJobDiscovery normal arm64 Emitting module for BooksTrackerFeature (in target 'BooksTrackerFeature' from project 'BooksTrackerFeature')

SwiftDriver\ Compilation\ Requirements BooksTrackerFeature normal arm64 com.apple.xcode.tools.swift.compiler (in target 'BooksTrackerFeature' from project 'BooksTrackerFeature')
    cd /Users/juju/dev_repos/books-v3
    builtin-Swift-Compilation-Requirements -- /Applications/Xcode-beta.app/Contents/Developer/Toolchains/XcodeDefault.xctoolchain/usr/bin/swiftc -module-name BooksTrackerFeature -Onone -enforce-exclusivity\=checked @/Users/juju/dev_repos/books-v3/.build/Build/Intermediates.noindex/BooksTrackerFeature.build/Debug-iphonesimulator/BooksTrackerFeature.build/Objects-normal/arm64/BooksTrackerFeature.SwiftFileList -DSWIFT_PACKAGE -DDEBUG -DSWIFT_MODULE_RESOURCE_BUNDLE_UNAVAILABLE -DXcode -plugin-path /Applications/Xcode-beta.app/Contents/Developer/Toolchains/XcodeDefault.xctoolchain/usr/lib/swift/host/plugins/testing -enable-experimental-feature DebugDescriptionMacro -sdk /Applications/Xcode-beta.app/Contents/Developer/Platforms/iPhoneSimulator.platform/Developer/SDKs/iPhoneSimulator26.2.sdk -target arm64-apple-ios26.0-simulator -g -module-cache-path /Users/juju/dev_repos/books-v3/.build/ModuleCache.noindex -Xfrontend -serialize-debugging-options -profile-coverage-mapping -profile-generate -enable-testing -index-store-path /Users/juju/dev_repos/books-v3/.build/Index.noindex/DataStore -Xcc -D_LIBCPP_HARDENING_MODE\=_LIBCPP_HARDENING_MODE_DEBUG -swift-version 6 -I /Users/juju/dev_repos/books-v3/.build/Build/Products/Debug-iphonesimulator -Isystem /Applications/Xcode-beta.app/Contents/Developer/Platforms/iPhoneSimulator.platform/Developer/usr/lib -F /Users/juju/dev_repos/books-v3/.build/Build/Products/Debug-iphonesimulator -F /Applications/Xcode-beta.app/Contents/Developer/Platforms/iPhoneSimulator.platform/Developer/Library/Frameworks -F /Applications/Xcode-beta.app/Contents/Developer/Platforms/iPhoneSimulator.platform/Developer/SDKs/iPhoneSimulator26.2.sdk/Developer/Library/Frameworks -c -j10 -enable-batch-mode -incremental -Xcc -ivfsstatcache -Xcc /Users/juju/dev_repos/books-v3/.build/SDKStatCaches.noindex/iphonesimulator26.2-23C5044a-c6bb09c85eeb1a59968f08cee6a58242.sdkstatcache -output-file-map /Users/juju/dev_repos/books-v3/.build/Build/Intermediates.noindex/BooksTrackerFeature.build/Debug-iphonesimulator/BooksTrackerFeature.build/Objects-normal/arm64/BooksTrackerFeature-OutputFileMap.json -use-frontend-parseable-output -save-temps -no-color-diagnostics -explicit-module-build -module-cache-path /Users/juju/dev_repos/books-v3/.build/Build/Intermediates.noindex/SwiftExplicitPrecompiledModules -clang-scanner-module-cache-path /Users/juju/dev_repos/books-v3/.build/ModuleCache.noindex -sdk-module-cache-path /Users/juju/dev_repos/books-v3/.build/ModuleCache.noindex -serialize-diagnostics -emit-dependencies -emit-module -emit-module-path /Users/juju/dev_repos/books-v3/.build/Build/Intermediates.noindex/BooksTrackerFeature.build/Debug-iphonesimulator/BooksTrackerFeature.build/Objects-normal/arm64/BooksTrackerFeature.swiftmodule -validate-clang-modules-once -clang-build-session-file /Users/juju/dev_repos/books-v3/.build/ModuleCache.noindex/Session.modulevalidation -package-name bookstrackerpackage -Xcc -I/Users/juju/dev_repos/books-v3/.build/Build/Intermediates.noindex/BooksTrackerFeature.build/Debug-iphonesimulator/BooksTrackerFeature.build/swift-overrides.hmap -emit-const-values -Xfrontend -const-gather-protocols-file -Xfrontend /Users/juju/dev_repos/books-v3/.build/Build/Intermediates.noindex/BooksTrackerFeature.build/Debug-iphonesimulator/BooksTrackerFeature.build/Objects-normal/arm64/BooksTrackerFeature_const_extract_protocols.json -Xcc -I/Users/juju/dev_repos/books-v3/.build/Build/Products/Debug-iphonesimulator/include -Xcc -I/Users/juju/dev_repos/books-v3/.build/Build/Intermediates.noindex/BooksTrackerFeature.build/Debug-iphonesimulator/BooksTrackerFeature.build/DerivedSources-normal/arm64 -Xcc -I/Users/juju/dev_repos/books-v3/.build/Build/Intermediates.noindex/BooksTrackerFeature.build/Debug-iphonesimulator/BooksTrackerFeature.build/DerivedSources/arm64 -Xcc -I/Users/juju/dev_repos/books-v3/.build/Build/Intermediates.noindex/BooksTrackerFeature.build/Debug-iphonesimulator/BooksTrackerFeature.build/DerivedSources -Xcc -DSWIFT_PACKAGE -Xcc -DDEBUG\=1 -emit-objc-header -emit-objc-header-path /Users/juju/dev_repos/books-v3/.build/Build/Intermediates.noindex/BooksTrackerFeature.build/Debug-iphonesimulator/BooksTrackerFeature.build/Objects-normal/arm64/BooksTrackerFeature-Swift.h -working-directory /Users/juju/dev_repos/books-v3 -experimental-emit-module-separately -disable-cmo

** BUILD FAILED **


The following build commands failed:
	SwiftCompile normal arm64 Compiling\ DiversityStatsService.swift,\ DuplicateDetectionService.swift,\ ImageCleanupService.swift,\ ImageCompressionService.swift,\ ImagePrefetcher.swift,\ ImportService.swift,\ LaunchMetrics.swift,\ LibraryFilterService.swift,\ NotificationCoordinator.swift,\ ReadingSessionService.swift,\ SampleDataGenerator.swift,\ SessionAnalyticsService.swift,\ WeeklyRecommendationsCache.swift,\ WeeklyRecommendationsService.swift,\ WorkflowImportService.swift,\ EnrichmentQueueDetailsView.swift,\ EnrichmentQueueRow.swift,\ SettingsView.swift,\ TabCoordinator.swift,\ ThemeSelectionView.swift,\ EnrichmentBanner.swift /Users/juju/dev_repos/books-v3/BooksTrackerPackage/Sources/BooksTrackerFeature/Services/DiversityStatsService.swift /Users/juju/dev_repos/books-v3/BooksTrackerPackage/Sources/BooksTrackerFeature/Services/DuplicateDetectionService.swift /Users/juju/dev_repos/books-v3/BooksTrackerPackage/Sources/BooksTrackerFeature/Services/ImageCleanupService.swift /Users/juju/dev_repos/books-v3/BooksTrackerPackage/Sources/BooksTrackerFeature/Services/ImageCompressionService.swift /Users/juju/dev_repos/books-v3/BooksTrackerPackage/Sources/BooksTrackerFeature/Services/ImagePrefetcher.swift /Users/juju/dev_repos/books-v3/BooksTrackerPackage/Sources/BooksTrackerFeature/Services/ImportService.swift /Users/juju/dev_repos/books-v3/BooksTrackerPackage/Sources/BooksTrackerFeature/Services/LaunchMetrics.swift /Users/juju/dev_repos/books-v3/BooksTrackerPackage/Sources/BooksTrackerFeature/Services/LibraryFilterService.swift /Users/juju/dev_repos/books-v3/BooksTrackerPackage/Sources/BooksTrackerFeature/Services/NotificationCoordinator.swift /Users/juju/dev_repos/books-v3/BooksTrackerPackage/Sources/BooksTrackerFeature/Services/ReadingSessionService.swift /Users/juju/dev_repos/books-v3/BooksTrackerPackage/Sources/BooksTrackerFeature/Services/SampleDataGenerator.swift /Users/juju/dev_repos/books-v3/BooksTrackerPackage/Sources/BooksTrackerFeature/Services/SessionAnalyticsService.swift /Users/juju/dev_repos/books-v3/BooksTrackerPackage/Sources/BooksTrackerFeature/Services/WeeklyRecommendationsCache.swift /Users/juju/dev_repos/books-v3/BooksTrackerPackage/Sources/BooksTrackerFeature/Services/WeeklyRecommendationsService.swift /Users/juju/dev_repos/books-v3/BooksTrackerPackage/Sources/BooksTrackerFeature/Services/WorkflowImportService.swift /Users/juju/dev_repos/books-v3/BooksTrackerPackage/Sources/BooksTrackerFeature/Settings/EnrichmentQueueDetailsView.swift /Users/juju/dev_repos/books-v3/BooksTrackerPackage/Sources/BooksTrackerFeature/Settings/EnrichmentQueueRow.swift /Users/juju/dev_repos/books-v3/BooksTrackerPackage/Sources/BooksTrackerFeature/SettingsView.swift /Users/juju/dev_repos/books-v3/BooksTrackerPackage/Sources/BooksTrackerFeature/TabCoordinator.swift /Users/juju/dev_repos/books-v3/BooksTrackerPackage/Sources/BooksTrackerFeature/ThemeSelectionView.swift /Users/juju/dev_repos/books-v3/BooksTrackerPackage/Sources/BooksTrackerFeature/UI/EnrichmentBanner.swift (in target 'BooksTrackerFeature' from project 'BooksTrackerFeature')
	SwiftCompile normal arm64 /Users/juju/dev_repos/books-v3/BooksTrackerPackage/Sources/BooksTrackerFeature/Services/ImportService.swift (in target 'BooksTrackerFeature' from project 'BooksTrackerFeature')
	Building workspace BooksTracker with scheme BooksTracker
(3 failures)
