Command line invocation:
    /Applications/Xcode-beta.app/Contents/Developer/usr/bin/xcodebuild -workspace BooksTracker.xcworkspace -scheme BooksTracker -sdk iphonesimulator -destination "generic/platform=iOS Simulator" -derivedDataPath .build build

Build settings from command line:
    SDKROOT = iphonesimulator26.2

Resolve Package Graph


Resolved source packages:
  BooksTrackerFeature: /Users/juju/dev_repos/books-v3/BooksTrackerPackage

ComputePackagePrebuildTargetDependencyGraph

Prepare packages

CreateBuildRequest

SendProjectDescription

CreateBuildOperation

ComputeTargetDependencyGraph
note: Building targets in dependency order
note: Target dependency graph (4 targets)
    Target 'BooksTracker' in project 'BooksTracker'
        ➜ Explicit dependency on target 'BooksTrackerWidgetsExtension' in project 'BooksTracker'
        ➜ Explicit dependency on target 'BooksTrackerFeature' in project 'BooksTrackerFeature'
    Target 'BooksTrackerWidgetsExtension' in project 'BooksTracker'
        ➜ Explicit dependency on target 'BooksTrackerFeature' in project 'BooksTrackerFeature'
    Target 'BooksTrackerFeature' in project 'BooksTrackerFeature'
        ➜ Explicit dependency on target 'BooksTrackerFeature' in project 'BooksTrackerFeature'
    Target 'BooksTrackerFeature' in project 'BooksTrackerFeature' (no dependencies)

GatherProvisioningInputs

CreateBuildDescription

ExecuteExternalTool /Applications/Xcode-beta.app/Contents/Developer/Toolchains/XcodeDefault.xctoolchain/usr/bin/clang -v -E -dM -isysroot /Applications/Xcode-beta.app/Contents/Developer/Platforms/iPhoneSimulator.platform/Developer/SDKs/iPhoneSimulator26.2.sdk -x c -c /dev/null

ExecuteExternalTool /Applications/Xcode-beta.app/Contents/Developer/usr/bin/actool --version --output-format xml1

ExecuteExternalTool /Applications/Xcode-beta.app/Contents/Developer/usr/bin/actool --print-asset-tag-combinations --output-format xml1 /Users/juju/dev_repos/books-v3/BooksTracker/Assets.xcassets

ExecuteExternalTool /Applications/Xcode-beta.app/Contents/Developer/Toolchains/XcodeDefault.xctoolchain/usr/bin/swiftc --version

ExecuteExternalTool /Applications/Xcode-beta.app/Contents/Developer/Toolchains/XcodeDefault.xctoolchain/usr/bin/ld -version_details

Build description signature: 0d7753598647f15971ad4d3faff3da6c
Build description path: /Users/juju/dev_repos/books-v3/.build/Build/Intermediates.noindex/XCBuildData/0d7753598647f15971ad4d3faff3da6c.xcbuilddata
ClangStatCache /Applications/Xcode-beta.app/Contents/Developer/Toolchains/XcodeDefault.xctoolchain/usr/bin/clang-stat-cache /Applications/Xcode-beta.app/Contents/Developer/Platforms/iPhoneSimulator.platform/Developer/SDKs/iPhoneSimulator26.2.sdk /Users/juju/dev_repos/books-v3/.build/SDKStatCaches.noindex/iphonesimulator26.2-23C5044a-c6bb09c85eeb1a59968f08cee6a58242.sdkstatcache
    cd /Users/juju/dev_repos/books-v3
    /Applications/Xcode-beta.app/Contents/Developer/Toolchains/XcodeDefault.xctoolchain/usr/bin/clang-stat-cache /Applications/Xcode-beta.app/Contents/Developer/Platforms/iPhoneSimulator.platform/Developer/SDKs/iPhoneSimulator26.2.sdk -o /Users/juju/dev_repos/books-v3/.build/SDKStatCaches.noindex/iphonesimulator26.2-23C5044a-c6bb09c85eeb1a59968f08cee6a58242.sdkstatcache

SwiftDriver BooksTrackerFeature normal arm64 com.apple.xcode.tools.swift.compiler (in target 'BooksTrackerFeature' from project 'BooksTrackerFeature')
    cd /Users/juju/dev_repos/books-v3
    builtin-SwiftDriver -- /Applications/Xcode-beta.app/Contents/Developer/Toolchains/XcodeDefault.xctoolchain/usr/bin/swiftc -module-name BooksTrackerFeature -Onone -enforce-exclusivity\=checked @/Users/juju/dev_repos/books-v3/.build/Build/Intermediates.noindex/BooksTrackerFeature.build/Debug-iphonesimulator/BooksTrackerFeature.build/Objects-normal/arm64/BooksTrackerFeature.SwiftFileList -DSWIFT_PACKAGE -DDEBUG -DSWIFT_MODULE_RESOURCE_BUNDLE_UNAVAILABLE -DXcode -plugin-path /Applications/Xcode-beta.app/Contents/Developer/Toolchains/XcodeDefault.xctoolchain/usr/lib/swift/host/plugins/testing -enable-experimental-feature DebugDescriptionMacro -sdk /Applications/Xcode-beta.app/Contents/Developer/Platforms/iPhoneSimulator.platform/Developer/SDKs/iPhoneSimulator26.2.sdk -target arm64-apple-ios26.0-simulator -g -module-cache-path /Users/juju/dev_repos/books-v3/.build/ModuleCache.noindex -Xfrontend -serialize-debugging-options -profile-coverage-mapping -profile-generate -enable-testing -index-store-path /Users/juju/dev_repos/books-v3/.build/Index.noindex/DataStore -Xcc -D_LIBCPP_HARDENING_MODE\=_LIBCPP_HARDENING_MODE_DEBUG -swift-version 6 -I /Users/juju/dev_repos/books-v3/.build/Build/Products/Debug-iphonesimulator -Isystem /Applications/Xcode-beta.app/Contents/Developer/Platforms/iPhoneSimulator.platform/Developer/usr/lib -F /Users/juju/dev_repos/books-v3/.build/Build/Products/Debug-iphonesimulator -F /Applications/Xcode-beta.app/Contents/Developer/Platforms/iPhoneSimulator.platform/Developer/Library/Frameworks -F /Applications/Xcode-beta.app/Contents/Developer/Platforms/iPhoneSimulator.platform/Developer/SDKs/iPhoneSimulator26.2.sdk/Developer/Library/Frameworks -c -j10 -enable-batch-mode -incremental -Xcc -ivfsstatcache -Xcc /Users/juju/dev_repos/books-v3/.build/SDKStatCaches.noindex/iphonesimulator26.2-23C5044a-c6bb09c85eeb1a59968f08cee6a58242.sdkstatcache -output-file-map /Users/juju/dev_repos/books-v3/.build/Build/Intermediates.noindex/BooksTrackerFeature.build/Debug-iphonesimulator/BooksTrackerFeature.build/Objects-normal/arm64/BooksTrackerFeature-OutputFileMap.json -use-frontend-parseable-output -save-temps -no-color-diagnostics -explicit-module-build -module-cache-path /Users/juju/dev_repos/books-v3/.build/Build/Intermediates.noindex/SwiftExplicitPrecompiledModules -clang-scanner-module-cache-path /Users/juju/dev_repos/books-v3/.build/ModuleCache.noindex -sdk-module-cache-path /Users/juju/dev_repos/books-v3/.build/ModuleCache.noindex -serialize-diagnostics -emit-dependencies -emit-module -emit-module-path /Users/juju/dev_repos/books-v3/.build/Build/Intermediates.noindex/BooksTrackerFeature.build/Debug-iphonesimulator/BooksTrackerFeature.build/Objects-normal/arm64/BooksTrackerFeature.swiftmodule -validate-clang-modules-once -clang-build-session-file /Users/juju/dev_repos/books-v3/.build/ModuleCache.noindex/Session.modulevalidation -package-name bookstrackerpackage -Xcc -I/Users/juju/dev_repos/books-v3/.build/Build/Intermediates.noindex/BooksTrackerFeature.build/Debug-iphonesimulator/BooksTrackerFeature.build/swift-overrides.hmap -emit-const-values -Xfrontend -const-gather-protocols-file -Xfrontend /Users/juju/dev_repos/books-v3/.build/Build/Intermediates.noindex/BooksTrackerFeature.build/Debug-iphonesimulator/BooksTrackerFeature.build/Objects-normal/arm64/BooksTrackerFeature_const_extract_protocols.json -Xcc -I/Users/juju/dev_repos/books-v3/.build/Build/Products/Debug-iphonesimulator/include -Xcc -I/Users/juju/dev_repos/books-v3/.build/Build/Intermediates.noindex/BooksTrackerFeature.build/Debug-iphonesimulator/BooksTrackerFeature.build/DerivedSources-normal/arm64 -Xcc -I/Users/juju/dev_repos/books-v3/.build/Build/Intermediates.noindex/BooksTrackerFeature.build/Debug-iphonesimulator/BooksTrackerFeature.build/DerivedSources/arm64 -Xcc -I/Users/juju/dev_repos/books-v3/.build/Build/Intermediates.noindex/BooksTrackerFeature.build/Debug-iphonesimulator/BooksTrackerFeature.build/DerivedSources -Xcc -DSWIFT_PACKAGE -Xcc -DDEBUG\=1 -emit-objc-header -emit-objc-header-path /Users/juju/dev_repos/books-v3/.build/Build/Intermediates.noindex/BooksTrackerFeature.build/Debug-iphonesimulator/BooksTrackerFeature.build/Objects-normal/arm64/BooksTrackerFeature-Swift.h -working-directory /Users/juju/dev_repos/books-v3 -experimental-emit-module-separately -disable-cmo

SwiftDriver BooksTrackerFeature normal x86_64 com.apple.xcode.tools.swift.compiler (in target 'BooksTrackerFeature' from project 'BooksTrackerFeature')
    cd /Users/juju/dev_repos/books-v3
    builtin-SwiftDriver -- /Applications/Xcode-beta.app/Contents/Developer/Toolchains/XcodeDefault.xctoolchain/usr/bin/swiftc -module-name BooksTrackerFeature -Onone -enforce-exclusivity\=checked @/Users/juju/dev_repos/books-v3/.build/Build/Intermediates.noindex/BooksTrackerFeature.build/Debug-iphonesimulator/BooksTrackerFeature.build/Objects-normal/x86_64/BooksTrackerFeature.SwiftFileList -DSWIFT_PACKAGE -DDEBUG -DSWIFT_MODULE_RESOURCE_BUNDLE_UNAVAILABLE -DXcode -plugin-path /Applications/Xcode-beta.app/Contents/Developer/Toolchains/XcodeDefault.xctoolchain/usr/lib/swift/host/plugins/testing -enable-experimental-feature DebugDescriptionMacro -sdk /Applications/Xcode-beta.app/Contents/Developer/Platforms/iPhoneSimulator.platform/Developer/SDKs/iPhoneSimulator26.2.sdk -target x86_64-apple-ios26.0-simulator -g -module-cache-path /Users/juju/dev_repos/books-v3/.build/ModuleCache.noindex -Xfrontend -serialize-debugging-options -profile-coverage-mapping -profile-generate -enable-testing -index-store-path /Users/juju/dev_repos/books-v3/.build/Index.noindex/DataStore -Xcc -D_LIBCPP_HARDENING_MODE\=_LIBCPP_HARDENING_MODE_DEBUG -swift-version 6 -I /Users/juju/dev_repos/books-v3/.build/Build/Products/Debug-iphonesimulator -Isystem /Applications/Xcode-beta.app/Contents/Developer/Platforms/iPhoneSimulator.platform/Developer/usr/lib -F /Users/juju/dev_repos/books-v3/.build/Build/Products/Debug-iphonesimulator -F /Applications/Xcode-beta.app/Contents/Developer/Platforms/iPhoneSimulator.platform/Developer/Library/Frameworks -F /Applications/Xcode-beta.app/Contents/Developer/Platforms/iPhoneSimulator.platform/Developer/SDKs/iPhoneSimulator26.2.sdk/Developer/Library/Frameworks -c -j10 -enable-batch-mode -incremental -Xcc -ivfsstatcache -Xcc /Users/juju/dev_repos/books-v3/.build/SDKStatCaches.noindex/iphonesimulator26.2-23C5044a-c6bb09c85eeb1a59968f08cee6a58242.sdkstatcache -output-file-map /Users/juju/dev_repos/books-v3/.build/Build/Intermediates.noindex/BooksTrackerFeature.build/Debug-iphonesimulator/BooksTrackerFeature.build/Objects-normal/x86_64/BooksTrackerFeature-OutputFileMap.json -use-frontend-parseable-output -save-temps -no-color-diagnostics -explicit-module-build -module-cache-path /Users/juju/dev_repos/books-v3/.build/Build/Intermediates.noindex/SwiftExplicitPrecompiledModules -clang-scanner-module-cache-path /Users/juju/dev_repos/books-v3/.build/ModuleCache.noindex -sdk-module-cache-path /Users/juju/dev_repos/books-v3/.build/ModuleCache.noindex -serialize-diagnostics -emit-dependencies -emit-module -emit-module-path /Users/juju/dev_repos/books-v3/.build/Build/Intermediates.noindex/BooksTrackerFeature.build/Debug-iphonesimulator/BooksTrackerFeature.build/Objects-normal/x86_64/BooksTrackerFeature.swiftmodule -validate-clang-modules-once -clang-build-session-file /Users/juju/dev_repos/books-v3/.build/ModuleCache.noindex/Session.modulevalidation -package-name bookstrackerpackage -Xcc -I/Users/juju/dev_repos/books-v3/.build/Build/Intermediates.noindex/BooksTrackerFeature.build/Debug-iphonesimulator/BooksTrackerFeature.build/swift-overrides.hmap -emit-const-values -Xfrontend -const-gather-protocols-file -Xfrontend /Users/juju/dev_repos/books-v3/.build/Build/Intermediates.noindex/BooksTrackerFeature.build/Debug-iphonesimulator/BooksTrackerFeature.build/Objects-normal/x86_64/BooksTrackerFeature_const_extract_protocols.json -Xcc -I/Users/juju/dev_repos/books-v3/.build/Build/Products/Debug-iphonesimulator/include -Xcc -I/Users/juju/dev_repos/books-v3/.build/Build/Intermediates.noindex/BooksTrackerFeature.build/Debug-iphonesimulator/BooksTrackerFeature.build/DerivedSources-normal/x86_64 -Xcc -I/Users/juju/dev_repos/books-v3/.build/Build/Intermediates.noindex/BooksTrackerFeature.build/Debug-iphonesimulator/BooksTrackerFeature.build/DerivedSources/x86_64 -Xcc -I/Users/juju/dev_repos/books-v3/.build/Build/Intermediates.noindex/BooksTrackerFeature.build/Debug-iphonesimulator/BooksTrackerFeature.build/DerivedSources -Xcc -DSWIFT_PACKAGE -Xcc -DDEBUG\=1 -emit-objc-header -emit-objc-header-path /Users/juju/dev_repos/books-v3/.build/Build/Intermediates.noindex/BooksTrackerFeature.build/Debug-iphonesimulator/BooksTrackerFeature.build/Objects-normal/x86_64/BooksTrackerFeature-Swift.h -working-directory /Users/juju/dev_repos/books-v3 -experimental-emit-module-separately -disable-cmo

SwiftCompile normal x86_64 Compiling\ CacheHealthDebugView.swift,\ CachedAsyncImage.swift,\ CloudKitHelpView.swift,\ AIProvider.swift,\ EnrichmentAPIClient.swift,\ EnrichmentConfig.swift,\ EnrichmentResultsClient.swift,\ GenericWebSocketHandler.swift,\ JobModels.swift,\ KeychainHelper.swift,\ LoadingState.swift,\ SyncCoordinator.swift,\ WebSocketHelpers.swift,\ WebSocketProgressManager.swift,\ AuroraGradient.swift,\ BookCardAccessibility.swift,\ BookCardActions.swift,\ BookCardBadges.swift,\ BookCardMenus.swift,\ BookCardSkeleton.swift,\ BookMetadataRow.swift /Users/juju/dev_repos/books-v3/BooksTrackerPackage/Sources/BooksTrackerFeature/CacheHealthDebugView.swift /Users/juju/dev_repos/books-v3/BooksTrackerPackage/Sources/BooksTrackerFeature/CachedAsyncImage.swift /Users/juju/dev_repos/books-v3/BooksTrackerPackage/Sources/BooksTrackerFeature/CloudKitHelpView.swift /Users/juju/dev_repos/books-v3/BooksTrackerPackage/Sources/BooksTrackerFeature/Common/AIProvider.swift /Users/juju/dev_repos/books-v3/BooksTrackerPackage/Sources/BooksTrackerFeature/Common/EnrichmentAPIClient.swift /Users/juju/dev_repos/books-v3/BooksTrackerPackage/Sources/BooksTrackerFeature/Common/EnrichmentConfig.swift /Users/juju/dev_repos/books-v3/BooksTrackerPackage/Sources/BooksTrackerFeature/Common/EnrichmentResultsClient.swift /Users/juju/dev_repos/books-v3/BooksTrackerPackage/Sources/BooksTrackerFeature/Common/GenericWebSocketHandler.swift /Users/juju/dev_repos/books-v3/BooksTrackerPackage/Sources/BooksTrackerFeature/Common/JobModels.swift /Users/juju/dev_repos/books-v3/BooksTrackerPackage/Sources/BooksTrackerFeature/Common/KeychainHelper.swift /Users/juju/dev_repos/books-v3/BooksTrackerPackage/Sources/BooksTrackerFeature/Common/LoadingState.swift /Users/juju/dev_repos/books-v3/BooksTrackerPackage/Sources/BooksTrackerFeature/Common/SyncCoordinator.swift /Users/juju/dev_repos/books-v3/BooksTrackerPackage/Sources/BooksTrackerFeature/Common/WebSocketHelpers.swift /Users/juju/dev_repos/books-v3/BooksTrackerPackage/Sources/BooksTrackerFeature/Common/WebSocketProgressManager.swift /Users/juju/dev_repos/books-v3/BooksTrackerPackage/Sources/BooksTrackerFeature/Components/AuroraGradient.swift /Users/juju/dev_repos/books-v3/BooksTrackerPackage/Sources/BooksTrackerFeature/Components/BookCardAccessibility.swift /Users/juju/dev_repos/books-v3/BooksTrackerPackage/Sources/BooksTrackerFeature/Components/BookCardActions.swift /Users/juju/dev_repos/books-v3/BooksTrackerPackage/Sources/BooksTrackerFeature/Components/BookCardBadges.swift /Users/juju/dev_repos/books-v3/BooksTrackerPackage/Sources/BooksTrackerFeature/Components/BookCardMenus.swift /Users/juju/dev_repos/books-v3/BooksTrackerPackage/Sources/BooksTrackerFeature/Components/BookCardSkeleton.swift /Users/juju/dev_repos/books-v3/BooksTrackerPackage/Sources/BooksTrackerFeature/Components/BookMetadataRow.swift (in target 'BooksTrackerFeature' from project 'BooksTrackerFeature')

SwiftCompile normal x86_64 /Users/juju/dev_repos/books-v3/BooksTrackerPackage/Sources/BooksTrackerFeature/CacheHealthDebugView.swift (in target 'BooksTrackerFeature' from project 'BooksTrackerFeature')
    cd /Users/juju/dev_repos/books-v3
    

SwiftCompile normal x86_64 /Users/juju/dev_repos/books-v3/BooksTrackerPackage/Sources/BooksTrackerFeature/CachedAsyncImage.swift (in target 'BooksTrackerFeature' from project 'BooksTrackerFeature')
    cd /Users/juju/dev_repos/books-v3
    

SwiftCompile normal x86_64 /Users/juju/dev_repos/books-v3/BooksTrackerPackage/Sources/BooksTrackerFeature/CloudKitHelpView.swift (in target 'BooksTrackerFeature' from project 'BooksTrackerFeature')
    cd /Users/juju/dev_repos/books-v3
    

SwiftCompile normal x86_64 /Users/juju/dev_repos/books-v3/BooksTrackerPackage/Sources/BooksTrackerFeature/Common/AIProvider.swift (in target 'BooksTrackerFeature' from project 'BooksTrackerFeature')
    cd /Users/juju/dev_repos/books-v3
    

SwiftCompile normal x86_64 /Users/juju/dev_repos/books-v3/BooksTrackerPackage/Sources/BooksTrackerFeature/Common/EnrichmentAPIClient.swift (in target 'BooksTrackerFeature' from project 'BooksTrackerFeature')
    cd /Users/juju/dev_repos/books-v3
    
/Users/juju/dev_repos/books-v3/BooksTrackerPackage/Sources/BooksTrackerFeature/Common/EnrichmentAPIClient.swift:69:17: warning: 'token' is deprecated: Use authToken instead. Removal: March 1, 2026
                token = decodedToken  // Optional, may be present
                ^
/Users/juju/dev_repos/books-v3/BooksTrackerPackage/Sources/BooksTrackerFeature/Common/EnrichmentAPIClient.swift:73:17: warning: 'token' is deprecated: Use authToken instead. Removal: March 1, 2026
                token = tokenValue
                ^

SwiftCompile normal x86_64 /Users/juju/dev_repos/books-v3/BooksTrackerPackage/Sources/BooksTrackerFeature/Common/EnrichmentConfig.swift (in target 'BooksTrackerFeature' from project 'BooksTrackerFeature')
    cd /Users/juju/dev_repos/books-v3
    

SwiftCompile normal x86_64 /Users/juju/dev_repos/books-v3/BooksTrackerPackage/Sources/BooksTrackerFeature/Common/EnrichmentResultsClient.swift (in target 'BooksTrackerFeature' from project 'BooksTrackerFeature')
    cd /Users/juju/dev_repos/books-v3
    

SwiftCompile normal x86_64 /Users/juju/dev_repos/books-v3/BooksTrackerPackage/Sources/BooksTrackerFeature/Common/GenericWebSocketHandler.swift (in target 'BooksTrackerFeature' from project 'BooksTrackerFeature')
    cd /Users/juju/dev_repos/books-v3
    

SwiftCompile normal x86_64 /Users/juju/dev_repos/books-v3/BooksTrackerPackage/Sources/BooksTrackerFeature/Common/JobModels.swift (in target 'BooksTrackerFeature' from project 'BooksTrackerFeature')
    cd /Users/juju/dev_repos/books-v3
    

SwiftCompile normal x86_64 /Users/juju/dev_repos/books-v3/BooksTrackerPackage/Sources/BooksTrackerFeature/Common/KeychainHelper.swift (in target 'BooksTrackerFeature' from project 'BooksTrackerFeature')
    cd /Users/juju/dev_repos/books-v3
    

SwiftCompile normal x86_64 /Users/juju/dev_repos/books-v3/BooksTrackerPackage/Sources/BooksTrackerFeature/Common/LoadingState.swift (in target 'BooksTrackerFeature' from project 'BooksTrackerFeature')
    cd /Users/juju/dev_repos/books-v3
    

SwiftCompile normal x86_64 /Users/juju/dev_repos/books-v3/BooksTrackerPackage/Sources/BooksTrackerFeature/Common/SyncCoordinator.swift (in target 'BooksTrackerFeature' from project 'BooksTrackerFeature')
    cd /Users/juju/dev_repos/books-v3
    

SwiftCompile normal x86_64 /Users/juju/dev_repos/books-v3/BooksTrackerPackage/Sources/BooksTrackerFeature/Common/WebSocketHelpers.swift (in target 'BooksTrackerFeature' from project 'BooksTrackerFeature')
    cd /Users/juju/dev_repos/books-v3
    

SwiftCompile normal x86_64 /Users/juju/dev_repos/books-v3/BooksTrackerPackage/Sources/BooksTrackerFeature/Common/WebSocketProgressManager.swift (in target 'BooksTrackerFeature' from project 'BooksTrackerFeature')
    cd /Users/juju/dev_repos/books-v3
    

SwiftCompile normal x86_64 /Users/juju/dev_repos/books-v3/BooksTrackerPackage/Sources/BooksTrackerFeature/Components/AuroraGradient.swift (in target 'BooksTrackerFeature' from project 'BooksTrackerFeature')
    cd /Users/juju/dev_repos/books-v3
    

SwiftCompile normal x86_64 /Users/juju/dev_repos/books-v3/BooksTrackerPackage/Sources/BooksTrackerFeature/Components/BookCardAccessibility.swift (in target 'BooksTrackerFeature' from project 'BooksTrackerFeature')
    cd /Users/juju/dev_repos/books-v3
    

SwiftCompile normal x86_64 /Users/juju/dev_repos/books-v3/BooksTrackerPackage/Sources/BooksTrackerFeature/Components/BookCardActions.swift (in target 'BooksTrackerFeature' from project 'BooksTrackerFeature')
    cd /Users/juju/dev_repos/books-v3
    

SwiftCompile normal x86_64 /Users/juju/dev_repos/books-v3/BooksTrackerPackage/Sources/BooksTrackerFeature/Components/BookCardBadges.swift (in target 'BooksTrackerFeature' from project 'BooksTrackerFeature')
    cd /Users/juju/dev_repos/books-v3
    

SwiftCompile normal x86_64 /Users/juju/dev_repos/books-v3/BooksTrackerPackage/Sources/BooksTrackerFeature/Components/BookCardMenus.swift (in target 'BooksTrackerFeature' from project 'BooksTrackerFeature')
    cd /Users/juju/dev_repos/books-v3
    

SwiftCompile normal x86_64 /Users/juju/dev_repos/books-v3/BooksTrackerPackage/Sources/BooksTrackerFeature/Components/BookCardSkeleton.swift (in target 'BooksTrackerFeature' from project 'BooksTrackerFeature')
    cd /Users/juju/dev_repos/books-v3
    

SwiftCompile normal x86_64 /Users/juju/dev_repos/books-v3/BooksTrackerPackage/Sources/BooksTrackerFeature/Components/BookMetadataRow.swift (in target 'BooksTrackerFeature' from project 'BooksTrackerFeature')
    cd /Users/juju/dev_repos/books-v3
    

SwiftCompile normal x86_64 Compiling\ ReadingSession.swift,\ ReadingStats.swift,\ ReviewStatus.swift,\ SearchCoordinator.swift,\ SearchResultDTO.swift,\ SimilarBooksCache.swift,\ StreakData.swift,\ TrendingActivity.swift,\ UserSettings.swift,\ WeeklyRecommendation.swift,\ WorkOverride.swift,\ ProgressComponents.swift,\ ReadingHabitsModule.swift,\ ReadingHabitsViewModel.swift,\ ReadingProgressModule.swift,\ ReadingStatusParser.swift,\ BookRepository.swift,\ CorrectionView.swift,\ ManualMatchView.swift,\ ReviewQueueModel.swift,\ ReviewQueueView.swift /Users/juju/dev_repos/books-v3/BooksTrackerPackage/Sources/BooksTrackerFeature/Models/ReadingSession.swift /Users/juju/dev_repos/books-v3/BooksTrackerPackage/Sources/BooksTrackerFeature/Models/ReadingStats.swift /Users/juju/dev_repos/books-v3/BooksTrackerPackage/Sources/BooksTrackerFeature/Models/ReviewStatus.swift /Users/juju/dev_repos/books-v3/BooksTrackerPackage/Sources/BooksTrackerFeature/Models/SearchCoordinator.swift /Users/juju/dev_repos/books-v3/BooksTrackerPackage/Sources/BooksTrackerFeature/Models/SearchResultDTO.swift /Users/juju/dev_repos/books-v3/BooksTrackerPackage/Sources/BooksTrackerFeature/Models/SimilarBooksCache.swift /Users/juju/dev_repos/books-v3/BooksTrackerPackage/Sources/BooksTrackerFeature/Models/StreakData.swift /Users/juju/dev_repos/books-v3/BooksTrackerPackage/Sources/BooksTrackerFeature/Models/TrendingActivity.swift /Users/juju/dev_repos/books-v3/BooksTrackerPackage/Sources/BooksTrackerFeature/Models/UserSettings.swift /Users/juju/dev_repos/books-v3/BooksTrackerPackage/Sources/BooksTrackerFeature/Models/WeeklyRecommendation.swift /Users/juju/dev_repos/books-v3/BooksTrackerPackage/Sources/BooksTrackerFeature/Models/WorkOverride.swift /Users/juju/dev_repos/books-v3/BooksTrackerPackage/Sources/BooksTrackerFeature/ProgressViews/ProgressComponents.swift /Users/juju/dev_repos/books-v3/BooksTrackerPackage/Sources/BooksTrackerFeature/ReadingHabitsModule.swift /Users/juju/dev_repos/books-v3/BooksTrackerPackage/Sources/BooksTrackerFeature/ReadingHabitsViewModel.swift /Users/juju/dev_repos/books-v3/BooksTrackerPackage/Sources/BooksTrackerFeature/ReadingProgressModule.swift /Users/juju/dev_repos/books-v3/BooksTrackerPackage/Sources/BooksTrackerFeature/ReadingStatusParser.swift /Users/juju/dev_repos/books-v3/BooksTrackerPackage/Sources/BooksTrackerFeature/Repositories/BookRepository.swift /Users/juju/dev_repos/books-v3/BooksTrackerPackage/Sources/BooksTrackerFeature/ReviewQueue/CorrectionView.swift /Users/juju/dev_repos/books-v3/BooksTrackerPackage/Sources/BooksTrackerFeature/ReviewQueue/ManualMatchView.swift /Users/juju/dev_repos/books-v3/BooksTrackerPackage/Sources/BooksTrackerFeature/ReviewQueue/ReviewQueueModel.swift /Users/juju/dev_repos/books-v3/BooksTrackerPackage/Sources/BooksTrackerFeature/ReviewQueue/ReviewQueueView.swift (in target 'BooksTrackerFeature' from project 'BooksTrackerFeature')
SwiftCompile normal x86_64 /Users/juju/dev_repos/books-v3/BooksTrackerPackage/Sources/BooksTrackerFeature/Models/ReadingSession.swift (in target 'BooksTrackerFeature' from project 'BooksTrackerFeature')
    cd /Users/juju/dev_repos/books-v3
    

SwiftCompile normal x86_64 /Users/juju/dev_repos/books-v3/BooksTrackerPackage/Sources/BooksTrackerFeature/Models/ReadingStats.swift (in target 'BooksTrackerFeature' from project 'BooksTrackerFeature')
    cd /Users/juju/dev_repos/books-v3
    

SwiftCompile normal x86_64 /Users/juju/dev_repos/books-v3/BooksTrackerPackage/Sources/BooksTrackerFeature/Models/ReviewStatus.swift (in target 'BooksTrackerFeature' from project 'BooksTrackerFeature')
    cd /Users/juju/dev_repos/books-v3
    

SwiftCompile normal x86_64 /Users/juju/dev_repos/books-v3/BooksTrackerPackage/Sources/BooksTrackerFeature/Models/SearchCoordinator.swift (in target 'BooksTrackerFeature' from project 'BooksTrackerFeature')
    cd /Users/juju/dev_repos/books-v3
    

SwiftCompile normal x86_64 /Users/juju/dev_repos/books-v3/BooksTrackerPackage/Sources/BooksTrackerFeature/Models/SearchResultDTO.swift (in target 'BooksTrackerFeature' from project 'BooksTrackerFeature')
    cd /Users/juju/dev_repos/books-v3
    

SwiftCompile normal x86_64 /Users/juju/dev_repos/books-v3/BooksTrackerPackage/Sources/BooksTrackerFeature/Models/SimilarBooksCache.swift (in target 'BooksTrackerFeature' from project 'BooksTrackerFeature')
    cd /Users/juju/dev_repos/books-v3
    

SwiftCompile normal x86_64 /Users/juju/dev_repos/books-v3/BooksTrackerPackage/Sources/BooksTrackerFeature/Models/StreakData.swift (in target 'BooksTrackerFeature' from project 'BooksTrackerFeature')
    cd /Users/juju/dev_repos/books-v3
    

SwiftCompile normal x86_64 /Users/juju/dev_repos/books-v3/BooksTrackerPackage/Sources/BooksTrackerFeature/Models/TrendingActivity.swift (in target 'BooksTrackerFeature' from project 'BooksTrackerFeature')
    cd /Users/juju/dev_repos/books-v3
    

SwiftCompile normal x86_64 /Users/juju/dev_repos/books-v3/BooksTrackerPackage/Sources/BooksTrackerFeature/Models/UserSettings.swift (in target 'BooksTrackerFeature' from project 'BooksTrackerFeature')
    cd /Users/juju/dev_repos/books-v3
    

SwiftCompile normal x86_64 /Users/juju/dev_repos/books-v3/BooksTrackerPackage/Sources/BooksTrackerFeature/Models/WeeklyRecommendation.swift (in target 'BooksTrackerFeature' from project 'BooksTrackerFeature')
    cd /Users/juju/dev_repos/books-v3
    

SwiftCompile normal x86_64 /Users/juju/dev_repos/books-v3/BooksTrackerPackage/Sources/BooksTrackerFeature/Models/WorkOverride.swift (in target 'BooksTrackerFeature' from project 'BooksTrackerFeature')
    cd /Users/juju/dev_repos/books-v3
    

SwiftCompile normal x86_64 /Users/juju/dev_repos/books-v3/BooksTrackerPackage/Sources/BooksTrackerFeature/ProgressViews/ProgressComponents.swift (in target 'BooksTrackerFeature' from project 'BooksTrackerFeature')
    cd /Users/juju/dev_repos/books-v3
    

SwiftCompile normal x86_64 /Users/juju/dev_repos/books-v3/BooksTrackerPackage/Sources/BooksTrackerFeature/ReadingHabitsModule.swift (in target 'BooksTrackerFeature' from project 'BooksTrackerFeature')
    cd /Users/juju/dev_repos/books-v3
    

SwiftCompile normal x86_64 /Users/juju/dev_repos/books-v3/BooksTrackerPackage/Sources/BooksTrackerFeature/ReadingHabitsViewModel.swift (in target 'BooksTrackerFeature' from project 'BooksTrackerFeature')
    cd /Users/juju/dev_repos/books-v3
    

SwiftCompile normal x86_64 /Users/juju/dev_repos/books-v3/BooksTrackerPackage/Sources/BooksTrackerFeature/ReadingProgressModule.swift (in target 'BooksTrackerFeature' from project 'BooksTrackerFeature')
    cd /Users/juju/dev_repos/books-v3
    

SwiftCompile normal x86_64 /Users/juju/dev_repos/books-v3/BooksTrackerPackage/Sources/BooksTrackerFeature/ReadingStatusParser.swift (in target 'BooksTrackerFeature' from project 'BooksTrackerFeature')
    cd /Users/juju/dev_repos/books-v3
    

SwiftCompile normal x86_64 /Users/juju/dev_repos/books-v3/BooksTrackerPackage/Sources/BooksTrackerFeature/Repositories/BookRepository.swift (in target 'BooksTrackerFeature' from project 'BooksTrackerFeature')
    cd /Users/juju/dev_repos/books-v3
    

SwiftCompile normal x86_64 /Users/juju/dev_repos/books-v3/BooksTrackerPackage/Sources/BooksTrackerFeature/ReviewQueue/CorrectionView.swift (in target 'BooksTrackerFeature' from project 'BooksTrackerFeature')
    cd /Users/juju/dev_repos/books-v3
    

SwiftCompile normal x86_64 /Users/juju/dev_repos/books-v3/BooksTrackerPackage/Sources/BooksTrackerFeature/ReviewQueue/ManualMatchView.swift (in target 'BooksTrackerFeature' from project 'BooksTrackerFeature')
    cd /Users/juju/dev_repos/books-v3
    

SwiftCompile normal x86_64 /Users/juju/dev_repos/books-v3/BooksTrackerPackage/Sources/BooksTrackerFeature/ReviewQueue/ReviewQueueModel.swift (in target 'BooksTrackerFeature' from project 'BooksTrackerFeature')
    cd /Users/juju/dev_repos/books-v3
    

SwiftCompile normal x86_64 /Users/juju/dev_repos/books-v3/BooksTrackerPackage/Sources/BooksTrackerFeature/ReviewQueue/ReviewQueueView.swift (in target 'BooksTrackerFeature' from project 'BooksTrackerFeature')
    cd /Users/juju/dev_repos/books-v3
    

SwiftCompile normal x86_64 Compiling\ SearchModel.swift,\ SearchView.swift,\ SearchMode.swift,\ SearchView+EmptyStates.swift,\ SearchView+InitialState.swift,\ SearchView+Loading.swift,\ SearchView+Results.swift,\ SearchViewState.swift,\ APIConfig.swift,\ BackgroundTaskScheduler.swift,\ BookSearchAPIService.swift,\ BookSearchAPIServiceKey.swift,\ CacheHealthMetrics.swift,\ CapabilitiesService.swift,\ CascadeMetadataService.swift,\ CoverImageService.swift,\ CuratorPointsService.swift,\ CuratorPointsServiceEnvironmentKey.swift,\ DTOMapper.swift,\ DTOMapperEnvironmentKey.swift,\ DataMigrationService.swift /Users/juju/dev_repos/books-v3/BooksTrackerPackage/Sources/BooksTrackerFeature/SearchModel.swift /Users/juju/dev_repos/books-v3/BooksTrackerPackage/Sources/BooksTrackerFeature/SearchView.swift /Users/juju/dev_repos/books-v3/BooksTrackerPackage/Sources/BooksTrackerFeature/SearchView/SearchMode.swift /Users/juju/dev_repos/books-v3/BooksTrackerPackage/Sources/BooksTrackerFeature/SearchView/SearchView+EmptyStates.swift /Users/juju/dev_repos/books-v3/BooksTrackerPackage/Sources/BooksTrackerFeature/SearchView/SearchView+InitialState.swift /Users/juju/dev_repos/books-v3/BooksTrackerPackage/Sources/BooksTrackerFeature/SearchView/SearchView+Loading.swift /Users/juju/dev_repos/books-v3/BooksTrackerPackage/Sources/BooksTrackerFeature/SearchView/SearchView+Results.swift /Users/juju/dev_repos/books-v3/BooksTrackerPackage/Sources/BooksTrackerFeature/SearchViewState.swift /Users/juju/dev_repos/books-v3/BooksTrackerPackage/Sources/BooksTrackerFeature/Services/APIConfig.swift /Users/juju/dev_repos/books-v3/BooksTrackerPackage/Sources/BooksTrackerFeature/Services/BackgroundTaskScheduler.swift /Users/juju/dev_repos/books-v3/BooksTrackerPackage/Sources/BooksTrackerFeature/Services/BookSearchAPIService.swift /Users/juju/dev_repos/books-v3/BooksTrackerPackage/Sources/BooksTrackerFeature/Services/BookSearchAPIServiceKey.swift /Users/juju/dev_repos/books-v3/BooksTrackerPackage/Sources/BooksTrackerFeature/Services/CacheHealthMetrics.swift /Users/juju/dev_repos/books-v3/BooksTrackerPackage/Sources/BooksTrackerFeature/Services/CapabilitiesService.swift /Users/juju/dev_repos/books-v3/BooksTrackerPackage/Sources/BooksTrackerFeature/Services/CascadeMetadataService.swift /Users/juju/dev_repos/books-v3/BooksTrackerPackage/Sources/BooksTrackerFeature/Services/CoverImageService.swift /Users/juju/dev_repos/books-v3/BooksTrackerPackage/Sources/BooksTrackerFeature/Services/CuratorPointsService.swift /Users/juju/dev_repos/books-v3/BooksTrackerPackage/Sources/BooksTrackerFeature/Services/CuratorPointsServiceEnvironmentKey.swift /Users/juju/dev_repos/books-v3/BooksTrackerPackage/Sources/BooksTrackerFeature/Services/DTOMapper.swift /Users/juju/dev_repos/books-v3/BooksTrackerPackage/Sources/BooksTrackerFeature/Services/DTOMapperEnvironmentKey.swift /Users/juju/dev_repos/books-v3/BooksTrackerPackage/Sources/BooksTrackerFeature/Services/DataMigrationService.swift (in target 'BooksTrackerFeature' from project 'BooksTrackerFeature')
SwiftCompile normal x86_64 /Users/juju/dev_repos/books-v3/BooksTrackerPackage/Sources/BooksTrackerFeature/SearchModel.swift (in target 'BooksTrackerFeature' from project 'BooksTrackerFeature')
    cd /Users/juju/dev_repos/books-v3
    

SwiftCompile normal x86_64 /Users/juju/dev_repos/books-v3/BooksTrackerPackage/Sources/BooksTrackerFeature/SearchView.swift (in target 'BooksTrackerFeature' from project 'BooksTrackerFeature')
    cd /Users/juju/dev_repos/books-v3
    

SwiftCompile normal x86_64 /Users/juju/dev_repos/books-v3/BooksTrackerPackage/Sources/BooksTrackerFeature/SearchView/SearchMode.swift (in target 'BooksTrackerFeature' from project 'BooksTrackerFeature')
    cd /Users/juju/dev_repos/books-v3
    

SwiftCompile normal x86_64 /Users/juju/dev_repos/books-v3/BooksTrackerPackage/Sources/BooksTrackerFeature/SearchView/SearchView+EmptyStates.swift (in target 'BooksTrackerFeature' from project 'BooksTrackerFeature')
    cd /Users/juju/dev_repos/books-v3
    

SwiftCompile normal x86_64 /Users/juju/dev_repos/books-v3/BooksTrackerPackage/Sources/BooksTrackerFeature/SearchView/SearchView+InitialState.swift (in target 'BooksTrackerFeature' from project 'BooksTrackerFeature')
    cd /Users/juju/dev_repos/books-v3
    

SwiftCompile normal x86_64 /Users/juju/dev_repos/books-v3/BooksTrackerPackage/Sources/BooksTrackerFeature/SearchView/SearchView+Loading.swift (in target 'BooksTrackerFeature' from project 'BooksTrackerFeature')
    cd /Users/juju/dev_repos/books-v3
    

SwiftCompile normal x86_64 /Users/juju/dev_repos/books-v3/BooksTrackerPackage/Sources/BooksTrackerFeature/SearchView/SearchView+Results.swift (in target 'BooksTrackerFeature' from project 'BooksTrackerFeature')
    cd /Users/juju/dev_repos/books-v3
    

SwiftCompile normal x86_64 /Users/juju/dev_repos/books-v3/BooksTrackerPackage/Sources/BooksTrackerFeature/SearchViewState.swift (in target 'BooksTrackerFeature' from project 'BooksTrackerFeature')
    cd /Users/juju/dev_repos/books-v3
    

SwiftCompile normal x86_64 /Users/juju/dev_repos/books-v3/BooksTrackerPackage/Sources/BooksTrackerFeature/Services/APIConfig.swift (in target 'BooksTrackerFeature' from project 'BooksTrackerFeature')
    cd /Users/juju/dev_repos/books-v3
    

SwiftCompile normal x86_64 /Users/juju/dev_repos/books-v3/BooksTrackerPackage/Sources/BooksTrackerFeature/Services/BackgroundTaskScheduler.swift (in target 'BooksTrackerFeature' from project 'BooksTrackerFeature')
    cd /Users/juju/dev_repos/books-v3
    

SwiftCompile normal x86_64 /Users/juju/dev_repos/books-v3/BooksTrackerPackage/Sources/BooksTrackerFeature/Services/BookSearchAPIService.swift (in target 'BooksTrackerFeature' from project 'BooksTrackerFeature')
    cd /Users/juju/dev_repos/books-v3
    

SwiftCompile normal x86_64 /Users/juju/dev_repos/books-v3/BooksTrackerPackage/Sources/BooksTrackerFeature/Services/BookSearchAPIServiceKey.swift (in target 'BooksTrackerFeature' from project 'BooksTrackerFeature')
    cd /Users/juju/dev_repos/books-v3
    

SwiftCompile normal x86_64 /Users/juju/dev_repos/books-v3/BooksTrackerPackage/Sources/BooksTrackerFeature/Services/CacheHealthMetrics.swift (in target 'BooksTrackerFeature' from project 'BooksTrackerFeature')
    cd /Users/juju/dev_repos/books-v3
    

SwiftCompile normal x86_64 /Users/juju/dev_repos/books-v3/BooksTrackerPackage/Sources/BooksTrackerFeature/Services/CapabilitiesService.swift (in target 'BooksTrackerFeature' from project 'BooksTrackerFeature')
    cd /Users/juju/dev_repos/books-v3
    

SwiftCompile normal x86_64 /Users/juju/dev_repos/books-v3/BooksTrackerPackage/Sources/BooksTrackerFeature/Services/CascadeMetadataService.swift (in target 'BooksTrackerFeature' from project 'BooksTrackerFeature')
    cd /Users/juju/dev_repos/books-v3
    

SwiftCompile normal x86_64 /Users/juju/dev_repos/books-v3/BooksTrackerPackage/Sources/BooksTrackerFeature/Services/CoverImageService.swift (in target 'BooksTrackerFeature' from project 'BooksTrackerFeature')
    cd /Users/juju/dev_repos/books-v3
    

SwiftCompile normal x86_64 /Users/juju/dev_repos/books-v3/BooksTrackerPackage/Sources/BooksTrackerFeature/Services/CuratorPointsService.swift (in target 'BooksTrackerFeature' from project 'BooksTrackerFeature')
    cd /Users/juju/dev_repos/books-v3
    

SwiftCompile normal x86_64 /Users/juju/dev_repos/books-v3/BooksTrackerPackage/Sources/BooksTrackerFeature/Services/CuratorPointsServiceEnvironmentKey.swift (in target 'BooksTrackerFeature' from project 'BooksTrackerFeature')
    cd /Users/juju/dev_repos/books-v3
    

SwiftCompile normal x86_64 /Users/juju/dev_repos/books-v3/BooksTrackerPackage/Sources/BooksTrackerFeature/Services/DTOMapper.swift (in target 'BooksTrackerFeature' from project 'BooksTrackerFeature')
    cd /Users/juju/dev_repos/books-v3
    

SwiftCompile normal x86_64 /Users/juju/dev_repos/books-v3/BooksTrackerPackage/Sources/BooksTrackerFeature/Services/DTOMapperEnvironmentKey.swift (in target 'BooksTrackerFeature' from project 'BooksTrackerFeature')
    cd /Users/juju/dev_repos/books-v3
    

SwiftCompile normal x86_64 /Users/juju/dev_repos/books-v3/BooksTrackerPackage/Sources/BooksTrackerFeature/Services/DataMigrationService.swift (in target 'BooksTrackerFeature' from project 'BooksTrackerFeature')
    cd /Users/juju/dev_repos/books-v3
    

SwiftEmitModule normal x86_64 Emitting\ module\ for\ BooksTrackerFeature (in target 'BooksTrackerFeature' from project 'BooksTrackerFeature')

EmitSwiftModule normal x86_64 (in target 'BooksTrackerFeature' from project 'BooksTrackerFeature')
    cd /Users/juju/dev_repos/books-v3
    

SwiftCompile normal x86_64 Compiling\ DiversityStatsService.swift,\ DuplicateDetectionService.swift,\ ImageCleanupService.swift,\ ImageCompressionService.swift,\ ImagePrefetcher.swift,\ ImportService.swift,\ LaunchMetrics.swift,\ LibraryFilterService.swift,\ NotificationCoordinator.swift,\ ReadingSessionService.swift,\ SampleDataGenerator.swift,\ SessionAnalyticsService.swift,\ WeeklyRecommendationsCache.swift,\ WeeklyRecommendationsService.swift,\ WorkflowImportService.swift,\ EnrichmentQueueDetailsView.swift,\ EnrichmentQueueRow.swift,\ SettingsView.swift,\ TabCoordinator.swift,\ ThemeSelectionView.swift,\ EnrichmentBanner.swift /Users/juju/dev_repos/books-v3/BooksTrackerPackage/Sources/BooksTrackerFeature/Services/DiversityStatsService.swift /Users/juju/dev_repos/books-v3/BooksTrackerPackage/Sources/BooksTrackerFeature/Services/DuplicateDetectionService.swift /Users/juju/dev_repos/books-v3/BooksTrackerPackage/Sources/BooksTrackerFeature/Services/ImageCleanupService.swift /Users/juju/dev_repos/books-v3/BooksTrackerPackage/Sources/BooksTrackerFeature/Services/ImageCompressionService.swift /Users/juju/dev_repos/books-v3/BooksTrackerPackage/Sources/BooksTrackerFeature/Services/ImagePrefetcher.swift /Users/juju/dev_repos/books-v3/BooksTrackerPackage/Sources/BooksTrackerFeature/Services/ImportService.swift /Users/juju/dev_repos/books-v3/BooksTrackerPackage/Sources/BooksTrackerFeature/Services/LaunchMetrics.swift /Users/juju/dev_repos/books-v3/BooksTrackerPackage/Sources/BooksTrackerFeature/Services/LibraryFilterService.swift /Users/juju/dev_repos/books-v3/BooksTrackerPackage/Sources/BooksTrackerFeature/Services/NotificationCoordinator.swift /Users/juju/dev_repos/books-v3/BooksTrackerPackage/Sources/BooksTrackerFeature/Services/ReadingSessionService.swift /Users/juju/dev_repos/books-v3/BooksTrackerPackage/Sources/BooksTrackerFeature/Services/SampleDataGenerator.swift /Users/juju/dev_repos/books-v3/BooksTrackerPackage/Sources/BooksTrackerFeature/Services/SessionAnalyticsService.swift /Users/juju/dev_repos/books-v3/BooksTrackerPackage/Sources/BooksTrackerFeature/Services/WeeklyRecommendationsCache.swift /Users/juju/dev_repos/books-v3/BooksTrackerPackage/Sources/BooksTrackerFeature/Services/WeeklyRecommendationsService.swift /Users/juju/dev_repos/books-v3/BooksTrackerPackage/Sources/BooksTrackerFeature/Services/WorkflowImportService.swift /Users/juju/dev_repos/books-v3/BooksTrackerPackage/Sources/BooksTrackerFeature/Settings/EnrichmentQueueDetailsView.swift /Users/juju/dev_repos/books-v3/BooksTrackerPackage/Sources/BooksTrackerFeature/Settings/EnrichmentQueueRow.swift /Users/juju/dev_repos/books-v3/BooksTrackerPackage/Sources/BooksTrackerFeature/SettingsView.swift /Users/juju/dev_repos/books-v3/BooksTrackerPackage/Sources/BooksTrackerFeature/TabCoordinator.swift /Users/juju/dev_repos/books-v3/BooksTrackerPackage/Sources/BooksTrackerFeature/ThemeSelectionView.swift /Users/juju/dev_repos/books-v3/BooksTrackerPackage/Sources/BooksTrackerFeature/UI/EnrichmentBanner.swift (in target 'BooksTrackerFeature' from project 'BooksTrackerFeature')

SwiftCompile normal x86_64 /Users/juju/dev_repos/books-v3/BooksTrackerPackage/Sources/BooksTrackerFeature/Services/DiversityStatsService.swift (in target 'BooksTrackerFeature' from project 'BooksTrackerFeature')
    cd /Users/juju/dev_repos/books-v3
    

SwiftCompile normal x86_64 /Users/juju/dev_repos/books-v3/BooksTrackerPackage/Sources/BooksTrackerFeature/Services/DuplicateDetectionService.swift (in target 'BooksTrackerFeature' from project 'BooksTrackerFeature')
    cd /Users/juju/dev_repos/books-v3
    

SwiftCompile normal x86_64 /Users/juju/dev_repos/books-v3/BooksTrackerPackage/Sources/BooksTrackerFeature/Services/ImageCleanupService.swift (in target 'BooksTrackerFeature' from project 'BooksTrackerFeature')
    cd /Users/juju/dev_repos/books-v3
    

SwiftCompile normal x86_64 /Users/juju/dev_repos/books-v3/BooksTrackerPackage/Sources/BooksTrackerFeature/Services/ImageCompressionService.swift (in target 'BooksTrackerFeature' from project 'BooksTrackerFeature')
    cd /Users/juju/dev_repos/books-v3
    

SwiftCompile normal x86_64 /Users/juju/dev_repos/books-v3/BooksTrackerPackage/Sources/BooksTrackerFeature/Services/ImagePrefetcher.swift (in target 'BooksTrackerFeature' from project 'BooksTrackerFeature')
    cd /Users/juju/dev_repos/books-v3
    

SwiftCompile normal x86_64 /Users/juju/dev_repos/books-v3/BooksTrackerPackage/Sources/BooksTrackerFeature/Services/ImportService.swift (in target 'BooksTrackerFeature' from project 'BooksTrackerFeature')
    cd /Users/juju/dev_repos/books-v3
    

SwiftCompile normal x86_64 /Users/juju/dev_repos/books-v3/BooksTrackerPackage/Sources/BooksTrackerFeature/Services/LaunchMetrics.swift (in target 'BooksTrackerFeature' from project 'BooksTrackerFeature')
    cd /Users/juju/dev_repos/books-v3
    

SwiftCompile normal x86_64 /Users/juju/dev_repos/books-v3/BooksTrackerPackage/Sources/BooksTrackerFeature/Services/LibraryFilterService.swift (in target 'BooksTrackerFeature' from project 'BooksTrackerFeature')
    cd /Users/juju/dev_repos/books-v3
    

SwiftCompile normal x86_64 /Users/juju/dev_repos/books-v3/BooksTrackerPackage/Sources/BooksTrackerFeature/Services/NotificationCoordinator.swift (in target 'BooksTrackerFeature' from project 'BooksTrackerFeature')
    cd /Users/juju/dev_repos/books-v3
    

SwiftCompile normal x86_64 /Users/juju/dev_repos/books-v3/BooksTrackerPackage/Sources/BooksTrackerFeature/Services/ReadingSessionService.swift (in target 'BooksTrackerFeature' from project 'BooksTrackerFeature')
    cd /Users/juju/dev_repos/books-v3
    

SwiftCompile normal x86_64 /Users/juju/dev_repos/books-v3/BooksTrackerPackage/Sources/BooksTrackerFeature/Services/SampleDataGenerator.swift (in target 'BooksTrackerFeature' from project 'BooksTrackerFeature')
    cd /Users/juju/dev_repos/books-v3
    

SwiftCompile normal x86_64 /Users/juju/dev_repos/books-v3/BooksTrackerPackage/Sources/BooksTrackerFeature/Services/SessionAnalyticsService.swift (in target 'BooksTrackerFeature' from project 'BooksTrackerFeature')
    cd /Users/juju/dev_repos/books-v3
    

SwiftCompile normal x86_64 /Users/juju/dev_repos/books-v3/BooksTrackerPackage/Sources/BooksTrackerFeature/Services/WeeklyRecommendationsCache.swift (in target 'BooksTrackerFeature' from project 'BooksTrackerFeature')
    cd /Users/juju/dev_repos/books-v3
    

SwiftCompile normal x86_64 /Users/juju/dev_repos/books-v3/BooksTrackerPackage/Sources/BooksTrackerFeature/Services/WeeklyRecommendationsService.swift (in target 'BooksTrackerFeature' from project 'BooksTrackerFeature')
    cd /Users/juju/dev_repos/books-v3
    

SwiftCompile normal x86_64 /Users/juju/dev_repos/books-v3/BooksTrackerPackage/Sources/BooksTrackerFeature/Services/WorkflowImportService.swift (in target 'BooksTrackerFeature' from project 'BooksTrackerFeature')
    cd /Users/juju/dev_repos/books-v3
    

SwiftCompile normal x86_64 /Users/juju/dev_repos/books-v3/BooksTrackerPackage/Sources/BooksTrackerFeature/Settings/EnrichmentQueueDetailsView.swift (in target 'BooksTrackerFeature' from project 'BooksTrackerFeature')
    cd /Users/juju/dev_repos/books-v3
    

SwiftCompile normal x86_64 /Users/juju/dev_repos/books-v3/BooksTrackerPackage/Sources/BooksTrackerFeature/Settings/EnrichmentQueueRow.swift (in target 'BooksTrackerFeature' from project 'BooksTrackerFeature')
    cd /Users/juju/dev_repos/books-v3
    

SwiftCompile normal x86_64 /Users/juju/dev_repos/books-v3/BooksTrackerPackage/Sources/BooksTrackerFeature/SettingsView.swift (in target 'BooksTrackerFeature' from project 'BooksTrackerFeature')
    cd /Users/juju/dev_repos/books-v3
    

SwiftCompile normal x86_64 /Users/juju/dev_repos/books-v3/BooksTrackerPackage/Sources/BooksTrackerFeature/TabCoordinator.swift (in target 'BooksTrackerFeature' from project 'BooksTrackerFeature')
    cd /Users/juju/dev_repos/books-v3
    

SwiftCompile normal x86_64 /Users/juju/dev_repos/books-v3/BooksTrackerPackage/Sources/BooksTrackerFeature/ThemeSelectionView.swift (in target 'BooksTrackerFeature' from project 'BooksTrackerFeature')
    cd /Users/juju/dev_repos/books-v3
    

SwiftCompile normal x86_64 /Users/juju/dev_repos/books-v3/BooksTrackerPackage/Sources/BooksTrackerFeature/UI/EnrichmentBanner.swift (in target 'BooksTrackerFeature' from project 'BooksTrackerFeature')
    cd /Users/juju/dev_repos/books-v3
    

SwiftCompile normal x86_64 Compiling\ BookshelfCameraPreview.swift,\ BookshelfCameraSessionManager.swift,\ BookshelfCameraView.swift,\ BookshelfCameraViewModel.swift,\ CombinedImportView.swift,\ ConfidenceThresholds.swift,\ DetectedBook.swift,\ EnrichmentStatusView.swift,\ BatchScanModels.swift,\ ProgressStrategy.swift,\ ScanAnalyticsEvent.swift,\ PrivacyDisclosureBanner.swift,\ ScanResultsView.swift,\ ScanStatisticsView.swift,\ ScanningTipsView.swift,\ BatchWebSocketHandler.swift,\ BookshelfAIService+Polling.swift,\ BookshelfAIService.swift,\ ScanProgressModels.swift,\ SuggestionGenerator.swift,\ VisionProcessingActor.swift /Users/juju/dev_repos/books-v3/BooksTrackerPackage/Sources/BooksTrackerFeature/BookshelfScanning/Camera/BookshelfCameraPreview.swift /Users/juju/dev_repos/books-v3/BooksTrackerPackage/Sources/BooksTrackerFeature/BookshelfScanning/Camera/BookshelfCameraSessionManager.swift /Users/juju/dev_repos/books-v3/BooksTrackerPackage/Sources/BooksTrackerFeature/BookshelfScanning/Camera/BookshelfCameraView.swift /Users/juju/dev_repos/books-v3/BooksTrackerPackage/Sources/BooksTrackerFeature/BookshelfScanning/Camera/BookshelfCameraViewModel.swift /Users/juju/dev_repos/books-v3/BooksTrackerPackage/Sources/BooksTrackerFeature/BookshelfScanning/CombinedImportView.swift /Users/juju/dev_repos/books-v3/BooksTrackerPackage/Sources/BooksTrackerFeature/BookshelfScanning/ConfidenceThresholds.swift /Users/juju/dev_repos/books-v3/BooksTrackerPackage/Sources/BooksTrackerFeature/BookshelfScanning/DetectedBook.swift /Users/juju/dev_repos/books-v3/BooksTrackerPackage/Sources/BooksTrackerFeature/BookshelfScanning/EnrichmentStatusView.swift /Users/juju/dev_repos/books-v3/BooksTrackerPackage/Sources/BooksTrackerFeature/BookshelfScanning/Models/BatchScanModels.swift /Users/juju/dev_repos/books-v3/BooksTrackerPackage/Sources/BooksTrackerFeature/BookshelfScanning/Models/ProgressStrategy.swift /Users/juju/dev_repos/books-v3/BooksTrackerPackage/Sources/BooksTrackerFeature/BookshelfScanning/Models/ScanAnalyticsEvent.swift /Users/juju/dev_repos/books-v3/BooksTrackerPackage/Sources/BooksTrackerFeature/BookshelfScanning/PrivacyDisclosureBanner.swift /Users/juju/dev_repos/books-v3/BooksTrackerPackage/Sources/BooksTrackerFeature/BookshelfScanning/ScanResultsView.swift /Users/juju/dev_repos/books-v3/BooksTrackerPackage/Sources/BooksTrackerFeature/BookshelfScanning/ScanStatisticsView.swift /Users/juju/dev_repos/books-v3/BooksTrackerPackage/Sources/BooksTrackerFeature/BookshelfScanning/ScanningTipsView.swift /Users/juju/dev_repos/books-v3/BooksTrackerPackage/Sources/BooksTrackerFeature/BookshelfScanning/Services/BatchWebSocketHandler.swift /Users/juju/dev_repos/books-v3/BooksTrackerPackage/Sources/BooksTrackerFeature/BookshelfScanning/Services/BookshelfAIService+Polling.swift /Users/juju/dev_repos/books-v3/BooksTrackerPackage/Sources/BooksTrackerFeature/BookshelfScanning/Services/BookshelfAIService.swift /Users/juju/dev_repos/books-v3/BooksTrackerPackage/Sources/BooksTrackerFeature/BookshelfScanning/Services/ScanProgressModels.swift /Users/juju/dev_repos/books-v3/BooksTrackerPackage/Sources/BooksTrackerFeature/BookshelfScanning/SuggestionGenerator.swift /Users/juju/dev_repos/books-v3/BooksTrackerPackage/Sources/BooksTrackerFeature/BookshelfScanning/VisionProcessingActor.swift (in target 'BooksTrackerFeature' from project 'BooksTrackerFeature')
Failed frontend command:
/Applications/Xcode-beta.app/Contents/Developer/Toolchains/XcodeDefault.xctoolchain/usr/bin/swift-frontend -frontend -c -filelist /Users/juju/dev_repos/books-v3/.build/Build/Intermediates.noindex/BooksTrackerFeature.build/Debug-iphonesimulator/BooksTrackerFeature.build/Objects-normal/x86_64/sources-2 -primary-file /Users/juju/dev_repos/books-v3/BooksTrackerPackage/Sources/BooksTrackerFeature/BookshelfScanning/Camera/BookshelfCameraPreview.swift -primary-file /Users/juju/dev_repos/books-v3/BooksTrackerPackage/Sources/BooksTrackerFeature/BookshelfScanning/Camera/BookshelfCameraSessionManager.swift -primary-file /Users/juju/dev_repos/books-v3/BooksTrackerPackage/Sources/BooksTrackerFeature/BookshelfScanning/Camera/BookshelfCameraView.swift -primary-file /Users/juju/dev_repos/books-v3/BooksTrackerPackage/Sources/BooksTrackerFeature/BookshelfScanning/Camera/BookshelfCameraViewModel.swift -primary-file /Users/juju/dev_repos/books-v3/BooksTrackerPackage/Sources/BooksTrackerFeature/BookshelfScanning/CombinedImportView.swift -primary-file /Users/juju/dev_repos/books-v3/BooksTrackerPackage/Sources/BooksTrackerFeature/BookshelfScanning/ConfidenceThresholds.swift -primary-file /Users/juju/dev_repos/books-v3/BooksTrackerPackage/Sources/BooksTrackerFeature/BookshelfScanning/DetectedBook.swift -primary-file /Users/juju/dev_repos/books-v3/BooksTrackerPackage/Sources/BooksTrackerFeature/BookshelfScanning/EnrichmentStatusView.swift -primary-file /Users/juju/dev_repos/books-v3/BooksTrackerPackage/Sources/BooksTrackerFeature/BookshelfScanning/Models/BatchScanModels.swift -primary-file /Users/juju/dev_repos/books-v3/BooksTrackerPackage/Sources/BooksTrackerFeature/BookshelfScanning/Models/ProgressStrategy.swift -primary-file /Users/juju/dev_repos/books-v3/BooksTrackerPackage/Sources/BooksTrackerFeature/BookshelfScanning/Models/ScanAnalyticsEvent.swift -primary-file /Users/juju/dev_repos/books-v3/BooksTrackerPackage/Sources/BooksTrackerFeature/BookshelfScanning/PrivacyDisclosureBanner.swift -primary-file /Users/juju/dev_repos/books-v3/BooksTrackerPackage/Sources/BooksTrackerFeature/BookshelfScanning/ScanResultsView.swift -primary-file /Users/juju/dev_repos/books-v3/BooksTrackerPackage/Sources/BooksTrackerFeature/BookshelfScanning/ScanStatisticsView.swift -primary-file /Users/juju/dev_repos/books-v3/BooksTrackerPackage/Sources/BooksTrackerFeature/BookshelfScanning/ScanningTipsView.swift -primary-file /Users/juju/dev_repos/books-v3/BooksTrackerPackage/Sources/BooksTrackerFeature/BookshelfScanning/Services/BatchWebSocketHandler.swift -primary-file /Users/juju/dev_repos/books-v3/BooksTrackerPackage/Sources/BooksTrackerFeature/BookshelfScanning/Services/BookshelfAIService+Polling.swift -primary-file /Users/juju/dev_repos/books-v3/BooksTrackerPackage/Sources/BooksTrackerFeature/BookshelfScanning/Services/BookshelfAIService.swift -primary-file /Users/juju/dev_repos/books-v3/BooksTrackerPackage/Sources/BooksTrackerFeature/BookshelfScanning/Services/ScanProgressModels.swift -primary-file /Users/juju/dev_repos/books-v3/BooksTrackerPackage/Sources/BooksTrackerFeature/BookshelfScanning/SuggestionGenerator.swift -primary-file /Users/juju/dev_repos/books-v3/BooksTrackerPackage/Sources/BooksTrackerFeature/BookshelfScanning/VisionProcessingActor.swift -supplementary-output-file-map /Users/juju/dev_repos/books-v3/.build/Build/Intermediates.noindex/BooksTrackerFeature.build/Debug-iphonesimulator/BooksTrackerFeature.build/Objects-normal/x86_64/supplementaryOutputs-3 -target x86_64-apple-ios26.0-simulator -module-can-import-version AVFoundation 2395.6.1.1 2.0.0 -module-can-import-version PhotosUI 822.0.130 822.0.130 -module-can-import-version UIKit 9126.2.4.1 9126.2.4 -module-can-import-version Vision 9.3.1 9.3.1 -disable-cross-import-overlay-search -swift-module-cross-import PhotosUI /Applications/Xcode-beta.app/Contents/Developer/Platforms/iPhoneSimulator.platform/Developer/SDKs/iPhoneSimulator.sdk/System/Library/Frameworks/PhotosUI.framework/Modules/PhotosUI.swiftcrossimport/SwiftUI.swiftoverlay -swift-module-cross-import PhotosUI /Applications/Xcode-beta.app/Contents/Developer/Platforms/iPhoneSimulator.platform/Developer/SDKs/iPhoneSimulator.sdk/System/Library/Frameworks/PhotosUI.framework/Modules/PhotosUI.swiftcrossimport/WidgetKit.swiftoverlay -swift-module-cross-import PhotosUI /Applications/Xcode-beta.app/Contents/Developer/Platforms/iPhoneSimulator.platform/Developer/SDKs/iPhoneSimulator26.2.sdk/System/Library/Frameworks/PhotosUI.framework/Modules/PhotosUI.swiftcrossimport/SwiftUI.swiftoverlay -swift-module-cross-import PhotosUI /Applications/Xcode-beta.app/Contents/Developer/Platforms/iPhoneSimulator.platform/Developer/SDKs/iPhoneSimulator26.2.sdk/System/Library/Frameworks/PhotosUI.framework/Modules/PhotosUI.swiftcrossimport/WidgetKit.swiftoverlay -swift-module-cross-import SwiftData /Applications/Xcode-beta.app/Contents/Developer/Platforms/iPhoneSimulator.platform/Developer/SDKs/iPhoneSimulator26.2.sdk/System/Library/Frameworks/SwiftData.framework/Modules/SwiftData.swiftcrossimport/CoreData.swiftoverlay -swift-module-cross-import SwiftData /Applications/Xcode-beta.app/Contents/Developer/Platforms/iPhoneSimulator.platform/Developer/SDKs/iPhoneSimulator26.2.sdk/System/Library/Frameworks/SwiftData.framework/Modules/SwiftData.swiftcrossimport/SwiftUI.swiftoverlay -load-resolved-plugin /Applications/Xcode-beta.app/Contents/Developer/Platforms/iPhoneOS.platform/Developer/usr/lib/swift/host/plugins/libFoundationMacros.dylib\#/Applications/Xcode-beta.app/Contents/Developer/Platforms/iPhoneOS.platform/Developer/usr/bin/swift-plugin-server\#FoundationMacros -load-resolved-plugin /Applications/Xcode-beta.app/Contents/Developer/Platforms/iPhoneOS.platform/Developer/usr/lib/swift/host/plugins/libObservationMacros.dylib\#/Applications/Xcode-beta.app/Contents/Developer/Platforms/iPhoneOS.platform/Developer/usr/bin/swift-plugin-server\#ObservationMacros -load-resolved-plugin /Applications/Xcode-beta.app/Contents/Developer/Platforms/iPhoneOS.platform/Developer/usr/lib/swift/host/plugins/libPreviewsMacros.dylib\#/Applications/Xcode-beta.app/Contents/Developer/Platforms/iPhoneOS.platform/Developer/usr/bin/swift-plugin-server\#PreviewsMacros -load-resolved-plugin /Applications/Xcode-beta.app/Contents/Developer/Platforms/iPhoneOS.platform/Developer/usr/lib/swift/host/plugins/libSwiftDataMacros.dylib\#/Applications/Xcode-beta.app/Contents/Developer/Platforms/iPhoneOS.platform/Developer/usr/bin/swift-plugin-server\#SwiftDataMacros -load-resolved-plugin /Applications/Xcode-beta.app/Contents/Developer/Platforms/iPhoneOS.platform/Developer/usr/lib/swift/host/plugins/libSwiftMacros.dylib\#/Applications/Xcode-beta.app/Contents/Developer/Platforms/iPhoneOS.platform/Developer/usr/bin/swift-plugin-server\#SwiftMacros -load-resolved-plugin /Applications/Xcode-beta.app/Contents/Developer/Platforms/iPhoneOS.platform/Developer/usr/lib/swift/host/plugins/libSwiftUIMacros.dylib\#/Applications/Xcode-beta.app/Contents/Developer/Platforms/iPhoneOS.platform/Developer/usr/bin/swift-plugin-server\#SwiftUIMacros -disable-implicit-swift-modules -Xcc -fno-implicit-modules -Xcc -fno-implicit-module-maps -explicit-swift-module-map-file /Users/juju/dev_repos/books-v3/.build/Build/Intermediates.noindex/BooksTrackerFeature.build/Debug-iphonesimulator/BooksTrackerFeature.build/Objects-normal/x86_64/BooksTrackerFeature-dependencies-2.json -enable-objc-interop -sdk /Applications/Xcode-beta.app/Contents/Developer/Platforms/iPhoneSimulator.platform/Developer/SDKs/iPhoneSimulator26.2.sdk -I /Users/juju/dev_repos/books-v3/.build/Build/Products/Debug-iphonesimulator -Isystem /Applications/Xcode-beta.app/Contents/Developer/Platforms/iPhoneSimulator.platform/Developer/usr/lib -F /Users/juju/dev_repos/books-v3/.build/Build/Products/Debug-iphonesimulator -F /Applications/Xcode-beta.app/Contents/Developer/Platforms/iPhoneSimulator.platform/Developer/Library/Frameworks -F /Applications/Xcode-beta.app/Contents/Developer/Platforms/iPhoneSimulator.platform/Developer/SDKs/iPhoneSimulator26.2.sdk/Developer/Library/Frameworks -no-color-diagnostics -Xcc -fno-color-diagnostics -enable-testing -g -debug-info-format\=dwarf -dwarf-version\=5 -module-cache-path /Users/juju/dev_repos/books-v3/.build/Build/Intermediates.noindex/SwiftExplicitPrecompiledModules -profile-generate -profile-coverage-mapping -swift-version 6 -enforce-exclusivity\=checked -Onone -D SWIFT_PACKAGE -D DEBUG -D SWIFT_MODULE_RESOURCE_BUNDLE_UNAVAILABLE -D Xcode -serialize-debugging-options -const-gather-protocols-file /Users/juju/dev_repos/books-v3/.build/Build/Intermediates.noindex/BooksTrackerFeature.build/Debug-iphonesimulator/BooksTrackerFeature.build/Objects-normal/x86_64/BooksTrackerFeature_const_extract_protocols.json -enable-experimental-feature DebugDescriptionMacro -empty-abi-descriptor -validate-clang-modules-once -clang-build-session-file /Users/juju/dev_repos/books-v3/.build/ModuleCache.noindex/Session.modulevalidation -Xcc -working-directory -Xcc /Users/juju/dev_repos/books-v3 -enable-anonymous-context-mangled-names -file-compilation-dir /Users/juju/dev_repos/books-v3 -Xcc -D_LIBCPP_HARDENING_MODE\=_LIBCPP_HARDENING_MODE_DEBUG -Xcc -ivfsstatcache -Xcc /Users/juju/dev_repos/books-v3/.build/SDKStatCaches.noindex/iphonesimulator26.2-23C5044a-c6bb09c85eeb1a59968f08cee6a58242.sdkstatcache -Xcc -I/Users/juju/dev_repos/books-v3/.build/Build/Intermediates.noindex/BooksTrackerFeature.build/Debug-iphonesimulator/BooksTrackerFeature.build/swift-overrides.hmap -Xcc -I/Users/juju/dev_repos/books-v3/.build/Build/Products/Debug-iphonesimulator/include -Xcc -I/Users/juju/dev_repos/books-v3/.build/Build/Intermediates.noindex/BooksTrackerFeature.build/Debug-iphonesimulator/BooksTrackerFeature.build/DerivedSources-normal/x86_64 -Xcc -I/Users/juju/dev_repos/books-v3/.build/Build/Intermediates.noindex/BooksTrackerFeature.build/Debug-iphonesimulator/BooksTrackerFeature.build/DerivedSources/x86_64 -Xcc -I/Users/juju/dev_repos/books-v3/.build/Build/Intermediates.noindex/BooksTrackerFeature.build/Debug-iphonesimulator/BooksTrackerFeature.build/DerivedSources -Xcc -DSWIFT_PACKAGE -Xcc -DDEBUG\=1 -no-auto-bridging-header-chaining -module-name BooksTrackerFeature -package-name bookstrackerpackage -frontend-parseable-output -disable-clang-spi -target-sdk-version 26.2 -target-sdk-name iphonesimulator26.2 -clang-target x86_64-apple-ios26.2-simulator -in-process-plugin-server-path /Applications/Xcode-beta.app/Contents/Developer/Toolchains/XcodeDefault.xctoolchain/usr/lib/swift/host/libSwiftInProcPluginServer.dylib -o /Users/juju/dev_repos/books-v3/.build/Build/Intermediates.noindex/BooksTrackerFeature.build/Debug-iphonesimulator/BooksTrackerFeature.build/Objects-normal/x86_64/BookshelfCameraPreview.o -o /Users/juju/dev_repos/books-v3/.build/Build/Intermediates.noindex/BooksTrackerFeature.build/Debug-iphonesimulator/BooksTrackerFeature.build/Objects-normal/x86_64/BookshelfCameraSessionManager.o -o /Users/juju/dev_repos/books-v3/.build/Build/Intermediates.noindex/BooksTrackerFeature.build/Debug-iphonesimulator/BooksTrackerFeature.build/Objects-normal/x86_64/BookshelfCameraView.o -o /Users/juju/dev_repos/books-v3/.build/Build/Intermediates.noindex/BooksTrackerFeature.build/Debug-iphonesimulator/BooksTrackerFeature.build/Objects-normal/x86_64/BookshelfCameraViewModel.o -o /Users/juju/dev_repos/books-v3/.build/Build/Intermediates.noindex/BooksTrackerFeature.build/Debug-iphonesimulator/BooksTrackerFeature.build/Objects-normal/x86_64/CombinedImportView.o -o /Users/juju/dev_repos/books-v3/.build/Build/Intermediates.noindex/BooksTrackerFeature.build/Debug-iphonesimulator/BooksTrackerFeature.build/Objects-normal/x86_64/ConfidenceThresholds.o -o /Users/juju/dev_repos/books-v3/.build/Build/Intermediates.noindex/BooksTrackerFeature.build/Debug-iphonesimulator/BooksTrackerFeature.build/Objects-normal/x86_64/DetectedBook.o -o /Users/juju/dev_repos/books-v3/.build/Build/Intermediates.noindex/BooksTrackerFeature.build/Debug-iphonesimulator/BooksTrackerFeature.build/Objects-normal/x86_64/EnrichmentStatusView.o -o /Users/juju/dev_repos/books-v3/.build/Build/Intermediates.noindex/BooksTrackerFeature.build/Debug-iphonesimulator/BooksTrackerFeature.build/Objects-normal/x86_64/BatchScanModels.o -o /Users/juju/dev_repos/books-v3/.build/Build/Intermediates.noindex/BooksTrackerFeature.build/Debug-iphonesimulator/BooksTrackerFeature.build/Objects-normal/x86_64/ProgressStrategy.o -o /Users/juju/dev_repos/books-v3/.build/Build/Intermediates.noindex/BooksTrackerFeature.build/Debug-iphonesimulator/BooksTrackerFeature.build/Objects-normal/x86_64/ScanAnalyticsEvent.o -o /Users/juju/dev_repos/books-v3/.build/Build/Intermediates.noindex/BooksTrackerFeature.build/Debug-iphonesimulator/BooksTrackerFeature.build/Objects-normal/x86_64/PrivacyDisclosureBanner.o -o /Users/juju/dev_repos/books-v3/.build/Build/Intermediates.noindex/BooksTrackerFeature.build/Debug-iphonesimulator/BooksTrackerFeature.build/Objects-normal/x86_64/ScanResultsView.o -o /Users/juju/dev_repos/books-v3/.build/Build/Intermediates.noindex/BooksTrackerFeature.build/Debug-iphonesimulator/BooksTrackerFeature.build/Objects-normal/x86_64/ScanStatisticsView.o -o /Users/juju/dev_repos/books-v3/.build/Build/Intermediates.noindex/BooksTrackerFeature.build/Debug-iphonesimulator/BooksTrackerFeature.build/Objects-normal/x86_64/ScanningTipsView.o -o /Users/juju/dev_repos/books-v3/.build/Build/Intermediates.noindex/BooksTrackerFeature.build/Debug-iphonesimulator/BooksTrackerFeature.build/Objects-normal/x86_64/BatchWebSocketHandler.o -o /Users/juju/dev_repos/books-v3/.build/Build/Intermediates.noindex/BooksTrackerFeature.build/Debug-iphonesimulator/BooksTrackerFeature.build/Objects-normal/x86_64/BookshelfAIService+Polling.o -o /Users/juju/dev_repos/books-v3/.build/Build/Intermediates.noindex/BooksTrackerFeature.build/Debug-iphonesimulator/BooksTrackerFeature.build/Objects-normal/x86_64/BookshelfAIService.o -o /Users/juju/dev_repos/books-v3/.build/Build/Intermediates.noindex/BooksTrackerFeature.build/Debug-iphonesimulator/BooksTrackerFeature.build/Objects-normal/x86_64/ScanProgressModels.o -o /Users/juju/dev_repos/books-v3/.build/Build/Intermediates.noindex/BooksTrackerFeature.build/Debug-iphonesimulator/BooksTrackerFeature.build/Objects-normal/x86_64/SuggestionGenerator.o -o /Users/juju/dev_repos/books-v3/.build/Build/Intermediates.noindex/BooksTrackerFeature.build/Debug-iphonesimulator/BooksTrackerFeature.build/Objects-normal/x86_64/VisionProcessingActor.o -index-unit-output-path /BooksTrackerFeature.build/Debug-iphonesimulator/BooksTrackerFeature.build/Objects-normal/x86_64/BookshelfCameraPreview.o -index-unit-output-path /BooksTrackerFeature.build/Debug-iphonesimulator/BooksTrackerFeature.build/Objects-normal/x86_64/BookshelfCameraSessionManager.o -index-unit-output-path /BooksTrackerFeature.build/Debug-iphonesimulator/BooksTrackerFeature.build/Objects-normal/x86_64/BookshelfCameraView.o -index-unit-output-path /BooksTrackerFeature.build/Debug-iphonesimulator/BooksTrackerFeature.build/Objects-normal/x86_64/BookshelfCameraViewModel.o -index-unit-output-path /BooksTrackerFeature.build/Debug-iphonesimulator/BooksTrackerFeature.build/Objects-normal/x86_64/CombinedImportView.o -index-unit-output-path /BooksTrackerFeature.build/Debug-iphonesimulator/BooksTrackerFeature.build/Objects-normal/x86_64/ConfidenceThresholds.o -index-unit-output-path /BooksTrackerFeature.build/Debug-iphonesimulator/BooksTrackerFeature.build/Objects-normal/x86_64/DetectedBook.o -index-unit-output-path /BooksTrackerFeature.build/Debug-iphonesimulator/BooksTrackerFeature.build/Objects-normal/x86_64/EnrichmentStatusView.o -index-unit-output-path /BooksTrackerFeature.build/Debug-iphonesimulator/BooksTrackerFeature.build/Objects-normal/x86_64/BatchScanModels.o -index-unit-output-path /BooksTrackerFeature.build/Debug-iphonesimulator/BooksTrackerFeature.build/Objects-normal/x86_64/ProgressStrategy.o -index-unit-output-path /BooksTrackerFeature.build/Debug-iphonesimulator/BooksTrackerFeature.build/Objects-normal/x86_64/ScanAnalyticsEvent.o -index-unit-output-path /BooksTrackerFeature.build/Debug-iphonesimulator/BooksTrackerFeature.build/Objects-normal/x86_64/PrivacyDisclosureBanner.o -index-unit-output-path /BooksTrackerFeature.build/Debug-iphonesimulator/BooksTrackerFeature.build/Objects-normal/x86_64/ScanResultsView.o -index-unit-output-path /BooksTrackerFeature.build/Debug-iphonesimulator/BooksTrackerFeature.build/Objects-normal/x86_64/ScanStatisticsView.o -index-unit-output-path /BooksTrackerFeature.build/Debug-iphonesimulator/BooksTrackerFeature.build/Objects-normal/x86_64/ScanningTipsView.o -index-unit-output-path /BooksTrackerFeature.build/Debug-iphonesimulator/BooksTrackerFeature.build/Objects-normal/x86_64/BatchWebSocketHandler.o -index-unit-output-path /BooksTrackerFeature.build/Debug-iphonesimulator/BooksTrackerFeature.build/Objects-normal/x86_64/BookshelfAIService+Polling.o -index-unit-output-path /BooksTrackerFeature.build/Debug-iphonesimulator/BooksTrackerFeature.build/Objects-normal/x86_64/BookshelfAIService.o -index-unit-output-path /BooksTrackerFeature.build/Debug-iphonesimulator/BooksTrackerFeature.build/Objects-normal/x86_64/ScanProgressModels.o -index-unit-output-path /BooksTrackerFeature.build/Debug-iphonesimulator/BooksTrackerFeature.build/Objects-normal/x86_64/SuggestionGenerator.o -index-unit-output-path /BooksTrackerFeature.build/Debug-iphonesimulator/BooksTrackerFeature.build/Objects-normal/x86_64/VisionProcessingActor.o -index-store-path /Users/juju/dev_repos/books-v3/.build/Index.noindex/DataStore -index-system-modules

SwiftCompile normal x86_64 /Users/juju/dev_repos/books-v3/BooksTrackerPackage/Sources/BooksTrackerFeature/BookshelfScanning/Camera/BookshelfCameraPreview.swift (in target 'BooksTrackerFeature' from project 'BooksTrackerFeature')
    cd /Users/juju/dev_repos/books-v3
    
/Users/juju/dev_repos/books-v3/BooksTrackerPackage/Sources/BooksTrackerFeature/BookshelfScanning/Services/BookshelfAIService.swift:338:13: error: switch must be exhaustive
            switch event {
            ^
/Users/juju/dev_repos/books-v3/BooksTrackerPackage/Sources/BooksTrackerFeature/BookshelfScanning/Services/BookshelfAIService.swift:338:13: note: add missing case: '.csvImportProgress(_)'
            switch event {
            ^
/Users/juju/dev_repos/books-v3/BooksTrackerPackage/Sources/BooksTrackerFeature/BookshelfScanning/Services/BookshelfAIService.swift:338:13: note: add missing case: '.csvImportCompleted(_)'
            switch event {
            ^
/Users/juju/dev_repos/books-v3/BooksTrackerPackage/Sources/BooksTrackerFeature/BookshelfScanning/Services/BookshelfAIService.swift:338:13: note: add missing case: '.csvImportFailed(_)'
            switch event {
            ^
/Users/juju/dev_repos/books-v3/BooksTrackerPackage/Sources/BooksTrackerFeature/BookshelfScanning/Services/BookshelfAIService.swift:338:13: note: add missing cases
            switch event {
            ^

SwiftCompile normal x86_64 /Users/juju/dev_repos/books-v3/BooksTrackerPackage/Sources/BooksTrackerFeature/BookshelfScanning/Camera/BookshelfCameraSessionManager.swift (in target 'BooksTrackerFeature' from project 'BooksTrackerFeature')
    cd /Users/juju/dev_repos/books-v3
    
/Users/juju/dev_repos/books-v3/BooksTrackerPackage/Sources/BooksTrackerFeature/BookshelfScanning/Services/BookshelfAIService.swift:338:13: error: switch must be exhaustive
            switch event {
            ^
/Users/juju/dev_repos/books-v3/BooksTrackerPackage/Sources/BooksTrackerFeature/BookshelfScanning/Services/BookshelfAIService.swift:338:13: note: add missing case: '.csvImportProgress(_)'
            switch event {
            ^
/Users/juju/dev_repos/books-v3/BooksTrackerPackage/Sources/BooksTrackerFeature/BookshelfScanning/Services/BookshelfAIService.swift:338:13: note: add missing case: '.csvImportCompleted(_)'
            switch event {
            ^
/Users/juju/dev_repos/books-v3/BooksTrackerPackage/Sources/BooksTrackerFeature/BookshelfScanning/Services/BookshelfAIService.swift:338:13: note: add missing case: '.csvImportFailed(_)'
            switch event {
            ^
/Users/juju/dev_repos/books-v3/BooksTrackerPackage/Sources/BooksTrackerFeature/BookshelfScanning/Services/BookshelfAIService.swift:338:13: note: add missing cases
            switch event {
            ^

SwiftCompile normal x86_64 /Users/juju/dev_repos/books-v3/BooksTrackerPackage/Sources/BooksTrackerFeature/BookshelfScanning/Camera/BookshelfCameraView.swift (in target 'BooksTrackerFeature' from project 'BooksTrackerFeature')
    cd /Users/juju/dev_repos/books-v3
    
/Users/juju/dev_repos/books-v3/BooksTrackerPackage/Sources/BooksTrackerFeature/BookshelfScanning/Services/BookshelfAIService.swift:338:13: error: switch must be exhaustive
            switch event {
            ^
/Users/juju/dev_repos/books-v3/BooksTrackerPackage/Sources/BooksTrackerFeature/BookshelfScanning/Services/BookshelfAIService.swift:338:13: note: add missing case: '.csvImportProgress(_)'
            switch event {
            ^
/Users/juju/dev_repos/books-v3/BooksTrackerPackage/Sources/BooksTrackerFeature/BookshelfScanning/Services/BookshelfAIService.swift:338:13: note: add missing case: '.csvImportCompleted(_)'
            switch event {
            ^
/Users/juju/dev_repos/books-v3/BooksTrackerPackage/Sources/BooksTrackerFeature/BookshelfScanning/Services/BookshelfAIService.swift:338:13: note: add missing case: '.csvImportFailed(_)'
            switch event {
            ^
/Users/juju/dev_repos/books-v3/BooksTrackerPackage/Sources/BooksTrackerFeature/BookshelfScanning/Services/BookshelfAIService.swift:338:13: note: add missing cases
            switch event {
            ^

SwiftCompile normal x86_64 /Users/juju/dev_repos/books-v3/BooksTrackerPackage/Sources/BooksTrackerFeature/BookshelfScanning/Camera/BookshelfCameraViewModel.swift (in target 'BooksTrackerFeature' from project 'BooksTrackerFeature')
    cd /Users/juju/dev_repos/books-v3
    
/Users/juju/dev_repos/books-v3/BooksTrackerPackage/Sources/BooksTrackerFeature/BookshelfScanning/Services/BookshelfAIService.swift:338:13: error: switch must be exhaustive
            switch event {
            ^
/Users/juju/dev_repos/books-v3/BooksTrackerPackage/Sources/BooksTrackerFeature/BookshelfScanning/Services/BookshelfAIService.swift:338:13: note: add missing case: '.csvImportProgress(_)'
            switch event {
            ^
/Users/juju/dev_repos/books-v3/BooksTrackerPackage/Sources/BooksTrackerFeature/BookshelfScanning/Services/BookshelfAIService.swift:338:13: note: add missing case: '.csvImportCompleted(_)'
            switch event {
            ^
/Users/juju/dev_repos/books-v3/BooksTrackerPackage/Sources/BooksTrackerFeature/BookshelfScanning/Services/BookshelfAIService.swift:338:13: note: add missing case: '.csvImportFailed(_)'
            switch event {
            ^
/Users/juju/dev_repos/books-v3/BooksTrackerPackage/Sources/BooksTrackerFeature/BookshelfScanning/Services/BookshelfAIService.swift:338:13: note: add missing cases
            switch event {
            ^

SwiftCompile normal x86_64 /Users/juju/dev_repos/books-v3/BooksTrackerPackage/Sources/BooksTrackerFeature/BookshelfScanning/CombinedImportView.swift (in target 'BooksTrackerFeature' from project 'BooksTrackerFeature')
    cd /Users/juju/dev_repos/books-v3
    
/Users/juju/dev_repos/books-v3/BooksTrackerPackage/Sources/BooksTrackerFeature/BookshelfScanning/Services/BookshelfAIService.swift:338:13: error: switch must be exhaustive
            switch event {
            ^
/Users/juju/dev_repos/books-v3/BooksTrackerPackage/Sources/BooksTrackerFeature/BookshelfScanning/Services/BookshelfAIService.swift:338:13: note: add missing case: '.csvImportProgress(_)'
            switch event {
            ^
/Users/juju/dev_repos/books-v3/BooksTrackerPackage/Sources/BooksTrackerFeature/BookshelfScanning/Services/BookshelfAIService.swift:338:13: note: add missing case: '.csvImportCompleted(_)'
            switch event {
            ^
/Users/juju/dev_repos/books-v3/BooksTrackerPackage/Sources/BooksTrackerFeature/BookshelfScanning/Services/BookshelfAIService.swift:338:13: note: add missing case: '.csvImportFailed(_)'
            switch event {
            ^
/Users/juju/dev_repos/books-v3/BooksTrackerPackage/Sources/BooksTrackerFeature/BookshelfScanning/Services/BookshelfAIService.swift:338:13: note: add missing cases
            switch event {
            ^

SwiftCompile normal x86_64 /Users/juju/dev_repos/books-v3/BooksTrackerPackage/Sources/BooksTrackerFeature/BookshelfScanning/ConfidenceThresholds.swift (in target 'BooksTrackerFeature' from project 'BooksTrackerFeature')
    cd /Users/juju/dev_repos/books-v3
    
/Users/juju/dev_repos/books-v3/BooksTrackerPackage/Sources/BooksTrackerFeature/BookshelfScanning/Services/BookshelfAIService.swift:338:13: error: switch must be exhaustive
            switch event {
            ^
/Users/juju/dev_repos/books-v3/BooksTrackerPackage/Sources/BooksTrackerFeature/BookshelfScanning/Services/BookshelfAIService.swift:338:13: note: add missing case: '.csvImportProgress(_)'
            switch event {
            ^
/Users/juju/dev_repos/books-v3/BooksTrackerPackage/Sources/BooksTrackerFeature/BookshelfScanning/Services/BookshelfAIService.swift:338:13: note: add missing case: '.csvImportCompleted(_)'
            switch event {
            ^
/Users/juju/dev_repos/books-v3/BooksTrackerPackage/Sources/BooksTrackerFeature/BookshelfScanning/Services/BookshelfAIService.swift:338:13: note: add missing case: '.csvImportFailed(_)'
            switch event {
            ^
/Users/juju/dev_repos/books-v3/BooksTrackerPackage/Sources/BooksTrackerFeature/BookshelfScanning/Services/BookshelfAIService.swift:338:13: note: add missing cases
            switch event {
            ^

SwiftCompile normal x86_64 /Users/juju/dev_repos/books-v3/BooksTrackerPackage/Sources/BooksTrackerFeature/BookshelfScanning/DetectedBook.swift (in target 'BooksTrackerFeature' from project 'BooksTrackerFeature')
    cd /Users/juju/dev_repos/books-v3
    
/Users/juju/dev_repos/books-v3/BooksTrackerPackage/Sources/BooksTrackerFeature/BookshelfScanning/Services/BookshelfAIService.swift:338:13: error: switch must be exhaustive
            switch event {
            ^
/Users/juju/dev_repos/books-v3/BooksTrackerPackage/Sources/BooksTrackerFeature/BookshelfScanning/Services/BookshelfAIService.swift:338:13: note: add missing case: '.csvImportProgress(_)'
            switch event {
            ^
/Users/juju/dev_repos/books-v3/BooksTrackerPackage/Sources/BooksTrackerFeature/BookshelfScanning/Services/BookshelfAIService.swift:338:13: note: add missing case: '.csvImportCompleted(_)'
            switch event {
            ^
/Users/juju/dev_repos/books-v3/BooksTrackerPackage/Sources/BooksTrackerFeature/BookshelfScanning/Services/BookshelfAIService.swift:338:13: note: add missing case: '.csvImportFailed(_)'
            switch event {
            ^
/Users/juju/dev_repos/books-v3/BooksTrackerPackage/Sources/BooksTrackerFeature/BookshelfScanning/Services/BookshelfAIService.swift:338:13: note: add missing cases
            switch event {
            ^

SwiftCompile normal x86_64 /Users/juju/dev_repos/books-v3/BooksTrackerPackage/Sources/BooksTrackerFeature/BookshelfScanning/EnrichmentStatusView.swift (in target 'BooksTrackerFeature' from project 'BooksTrackerFeature')
    cd /Users/juju/dev_repos/books-v3
    
/Users/juju/dev_repos/books-v3/BooksTrackerPackage/Sources/BooksTrackerFeature/BookshelfScanning/Services/BookshelfAIService.swift:338:13: error: switch must be exhaustive
            switch event {
            ^
/Users/juju/dev_repos/books-v3/BooksTrackerPackage/Sources/BooksTrackerFeature/BookshelfScanning/Services/BookshelfAIService.swift:338:13: note: add missing case: '.csvImportProgress(_)'
            switch event {
            ^
/Users/juju/dev_repos/books-v3/BooksTrackerPackage/Sources/BooksTrackerFeature/BookshelfScanning/Services/BookshelfAIService.swift:338:13: note: add missing case: '.csvImportCompleted(_)'
            switch event {
            ^
/Users/juju/dev_repos/books-v3/BooksTrackerPackage/Sources/BooksTrackerFeature/BookshelfScanning/Services/BookshelfAIService.swift:338:13: note: add missing case: '.csvImportFailed(_)'
            switch event {
            ^
/Users/juju/dev_repos/books-v3/BooksTrackerPackage/Sources/BooksTrackerFeature/BookshelfScanning/Services/BookshelfAIService.swift:338:13: note: add missing cases
            switch event {
            ^

SwiftCompile normal x86_64 /Users/juju/dev_repos/books-v3/BooksTrackerPackage/Sources/BooksTrackerFeature/BookshelfScanning/Models/BatchScanModels.swift (in target 'BooksTrackerFeature' from project 'BooksTrackerFeature')
    cd /Users/juju/dev_repos/books-v3
    
/Users/juju/dev_repos/books-v3/BooksTrackerPackage/Sources/BooksTrackerFeature/BookshelfScanning/Services/BookshelfAIService.swift:338:13: error: switch must be exhaustive
            switch event {
            ^
/Users/juju/dev_repos/books-v3/BooksTrackerPackage/Sources/BooksTrackerFeature/BookshelfScanning/Services/BookshelfAIService.swift:338:13: note: add missing case: '.csvImportProgress(_)'
            switch event {
            ^
/Users/juju/dev_repos/books-v3/BooksTrackerPackage/Sources/BooksTrackerFeature/BookshelfScanning/Services/BookshelfAIService.swift:338:13: note: add missing case: '.csvImportCompleted(_)'
            switch event {
            ^
/Users/juju/dev_repos/books-v3/BooksTrackerPackage/Sources/BooksTrackerFeature/BookshelfScanning/Services/BookshelfAIService.swift:338:13: note: add missing case: '.csvImportFailed(_)'
            switch event {
            ^
/Users/juju/dev_repos/books-v3/BooksTrackerPackage/Sources/BooksTrackerFeature/BookshelfScanning/Services/BookshelfAIService.swift:338:13: note: add missing cases
            switch event {
            ^

SwiftCompile normal x86_64 /Users/juju/dev_repos/books-v3/BooksTrackerPackage/Sources/BooksTrackerFeature/BookshelfScanning/Models/ProgressStrategy.swift (in target 'BooksTrackerFeature' from project 'BooksTrackerFeature')
    cd /Users/juju/dev_repos/books-v3
    
/Users/juju/dev_repos/books-v3/BooksTrackerPackage/Sources/BooksTrackerFeature/BookshelfScanning/Services/BookshelfAIService.swift:338:13: error: switch must be exhaustive
            switch event {
            ^
/Users/juju/dev_repos/books-v3/BooksTrackerPackage/Sources/BooksTrackerFeature/BookshelfScanning/Services/BookshelfAIService.swift:338:13: note: add missing case: '.csvImportProgress(_)'
            switch event {
            ^
/Users/juju/dev_repos/books-v3/BooksTrackerPackage/Sources/BooksTrackerFeature/BookshelfScanning/Services/BookshelfAIService.swift:338:13: note: add missing case: '.csvImportCompleted(_)'
            switch event {
            ^
/Users/juju/dev_repos/books-v3/BooksTrackerPackage/Sources/BooksTrackerFeature/BookshelfScanning/Services/BookshelfAIService.swift:338:13: note: add missing case: '.csvImportFailed(_)'
            switch event {
            ^
/Users/juju/dev_repos/books-v3/BooksTrackerPackage/Sources/BooksTrackerFeature/BookshelfScanning/Services/BookshelfAIService.swift:338:13: note: add missing cases
            switch event {
            ^

SwiftCompile normal x86_64 /Users/juju/dev_repos/books-v3/BooksTrackerPackage/Sources/BooksTrackerFeature/BookshelfScanning/Models/ScanAnalyticsEvent.swift (in target 'BooksTrackerFeature' from project 'BooksTrackerFeature')
    cd /Users/juju/dev_repos/books-v3
    
/Users/juju/dev_repos/books-v3/BooksTrackerPackage/Sources/BooksTrackerFeature/BookshelfScanning/Services/BookshelfAIService.swift:338:13: error: switch must be exhaustive
            switch event {
            ^
/Users/juju/dev_repos/books-v3/BooksTrackerPackage/Sources/BooksTrackerFeature/BookshelfScanning/Services/BookshelfAIService.swift:338:13: note: add missing case: '.csvImportProgress(_)'
            switch event {
            ^
/Users/juju/dev_repos/books-v3/BooksTrackerPackage/Sources/BooksTrackerFeature/BookshelfScanning/Services/BookshelfAIService.swift:338:13: note: add missing case: '.csvImportCompleted(_)'
            switch event {
            ^
/Users/juju/dev_repos/books-v3/BooksTrackerPackage/Sources/BooksTrackerFeature/BookshelfScanning/Services/BookshelfAIService.swift:338:13: note: add missing case: '.csvImportFailed(_)'
            switch event {
            ^
/Users/juju/dev_repos/books-v3/BooksTrackerPackage/Sources/BooksTrackerFeature/BookshelfScanning/Services/BookshelfAIService.swift:338:13: note: add missing cases
            switch event {
            ^

SwiftCompile normal x86_64 /Users/juju/dev_repos/books-v3/BooksTrackerPackage/Sources/BooksTrackerFeature/BookshelfScanning/PrivacyDisclosureBanner.swift (in target 'BooksTrackerFeature' from project 'BooksTrackerFeature')
    cd /Users/juju/dev_repos/books-v3
    
/Users/juju/dev_repos/books-v3/BooksTrackerPackage/Sources/BooksTrackerFeature/BookshelfScanning/Services/BookshelfAIService.swift:338:13: error: switch must be exhaustive
            switch event {
            ^
/Users/juju/dev_repos/books-v3/BooksTrackerPackage/Sources/BooksTrackerFeature/BookshelfScanning/Services/BookshelfAIService.swift:338:13: note: add missing case: '.csvImportProgress(_)'
            switch event {
            ^
/Users/juju/dev_repos/books-v3/BooksTrackerPackage/Sources/BooksTrackerFeature/BookshelfScanning/Services/BookshelfAIService.swift:338:13: note: add missing case: '.csvImportCompleted(_)'
            switch event {
            ^
/Users/juju/dev_repos/books-v3/BooksTrackerPackage/Sources/BooksTrackerFeature/BookshelfScanning/Services/BookshelfAIService.swift:338:13: note: add missing case: '.csvImportFailed(_)'
            switch event {
            ^
/Users/juju/dev_repos/books-v3/BooksTrackerPackage/Sources/BooksTrackerFeature/BookshelfScanning/Services/BookshelfAIService.swift:338:13: note: add missing cases
            switch event {
            ^

SwiftCompile normal x86_64 /Users/juju/dev_repos/books-v3/BooksTrackerPackage/Sources/BooksTrackerFeature/BookshelfScanning/ScanResultsView.swift (in target 'BooksTrackerFeature' from project 'BooksTrackerFeature')
    cd /Users/juju/dev_repos/books-v3
    
/Users/juju/dev_repos/books-v3/BooksTrackerPackage/Sources/BooksTrackerFeature/BookshelfScanning/Services/BookshelfAIService.swift:338:13: error: switch must be exhaustive
            switch event {
            ^
/Users/juju/dev_repos/books-v3/BooksTrackerPackage/Sources/BooksTrackerFeature/BookshelfScanning/Services/BookshelfAIService.swift:338:13: note: add missing case: '.csvImportProgress(_)'
            switch event {
            ^
/Users/juju/dev_repos/books-v3/BooksTrackerPackage/Sources/BooksTrackerFeature/BookshelfScanning/Services/BookshelfAIService.swift:338:13: note: add missing case: '.csvImportCompleted(_)'
            switch event {
            ^
/Users/juju/dev_repos/books-v3/BooksTrackerPackage/Sources/BooksTrackerFeature/BookshelfScanning/Services/BookshelfAIService.swift:338:13: note: add missing case: '.csvImportFailed(_)'
            switch event {
            ^
/Users/juju/dev_repos/books-v3/BooksTrackerPackage/Sources/BooksTrackerFeature/BookshelfScanning/Services/BookshelfAIService.swift:338:13: note: add missing cases
            switch event {
            ^

SwiftCompile normal x86_64 /Users/juju/dev_repos/books-v3/BooksTrackerPackage/Sources/BooksTrackerFeature/BookshelfScanning/ScanStatisticsView.swift (in target 'BooksTrackerFeature' from project 'BooksTrackerFeature')
    cd /Users/juju/dev_repos/books-v3
    
/Users/juju/dev_repos/books-v3/BooksTrackerPackage/Sources/BooksTrackerFeature/BookshelfScanning/Services/BookshelfAIService.swift:338:13: error: switch must be exhaustive
            switch event {
            ^
/Users/juju/dev_repos/books-v3/BooksTrackerPackage/Sources/BooksTrackerFeature/BookshelfScanning/Services/BookshelfAIService.swift:338:13: note: add missing case: '.csvImportProgress(_)'
            switch event {
            ^
/Users/juju/dev_repos/books-v3/BooksTrackerPackage/Sources/BooksTrackerFeature/BookshelfScanning/Services/BookshelfAIService.swift:338:13: note: add missing case: '.csvImportCompleted(_)'
            switch event {
            ^
/Users/juju/dev_repos/books-v3/BooksTrackerPackage/Sources/BooksTrackerFeature/BookshelfScanning/Services/BookshelfAIService.swift:338:13: note: add missing case: '.csvImportFailed(_)'
            switch event {
            ^
/Users/juju/dev_repos/books-v3/BooksTrackerPackage/Sources/BooksTrackerFeature/BookshelfScanning/Services/BookshelfAIService.swift:338:13: note: add missing cases
            switch event {
            ^

SwiftCompile normal x86_64 /Users/juju/dev_repos/books-v3/BooksTrackerPackage/Sources/BooksTrackerFeature/BookshelfScanning/ScanningTipsView.swift (in target 'BooksTrackerFeature' from project 'BooksTrackerFeature')
    cd /Users/juju/dev_repos/books-v3
    
/Users/juju/dev_repos/books-v3/BooksTrackerPackage/Sources/BooksTrackerFeature/BookshelfScanning/Services/BookshelfAIService.swift:338:13: error: switch must be exhaustive
            switch event {
            ^
/Users/juju/dev_repos/books-v3/BooksTrackerPackage/Sources/BooksTrackerFeature/BookshelfScanning/Services/BookshelfAIService.swift:338:13: note: add missing case: '.csvImportProgress(_)'
            switch event {
            ^
/Users/juju/dev_repos/books-v3/BooksTrackerPackage/Sources/BooksTrackerFeature/BookshelfScanning/Services/BookshelfAIService.swift:338:13: note: add missing case: '.csvImportCompleted(_)'
            switch event {
            ^
/Users/juju/dev_repos/books-v3/BooksTrackerPackage/Sources/BooksTrackerFeature/BookshelfScanning/Services/BookshelfAIService.swift:338:13: note: add missing case: '.csvImportFailed(_)'
            switch event {
            ^
/Users/juju/dev_repos/books-v3/BooksTrackerPackage/Sources/BooksTrackerFeature/BookshelfScanning/Services/BookshelfAIService.swift:338:13: note: add missing cases
            switch event {
            ^

SwiftCompile normal x86_64 /Users/juju/dev_repos/books-v3/BooksTrackerPackage/Sources/BooksTrackerFeature/BookshelfScanning/Services/BatchWebSocketHandler.swift (in target 'BooksTrackerFeature' from project 'BooksTrackerFeature')
    cd /Users/juju/dev_repos/books-v3
    
/Users/juju/dev_repos/books-v3/BooksTrackerPackage/Sources/BooksTrackerFeature/BookshelfScanning/Services/BookshelfAIService.swift:338:13: error: switch must be exhaustive
            switch event {
            ^
/Users/juju/dev_repos/books-v3/BooksTrackerPackage/Sources/BooksTrackerFeature/BookshelfScanning/Services/BookshelfAIService.swift:338:13: note: add missing case: '.csvImportProgress(_)'
            switch event {
            ^
/Users/juju/dev_repos/books-v3/BooksTrackerPackage/Sources/BooksTrackerFeature/BookshelfScanning/Services/BookshelfAIService.swift:338:13: note: add missing case: '.csvImportCompleted(_)'
            switch event {
            ^
/Users/juju/dev_repos/books-v3/BooksTrackerPackage/Sources/BooksTrackerFeature/BookshelfScanning/Services/BookshelfAIService.swift:338:13: note: add missing case: '.csvImportFailed(_)'
            switch event {
            ^
/Users/juju/dev_repos/books-v3/BooksTrackerPackage/Sources/BooksTrackerFeature/BookshelfScanning/Services/BookshelfAIService.swift:338:13: note: add missing cases
            switch event {
            ^

SwiftCompile normal x86_64 /Users/juju/dev_repos/books-v3/BooksTrackerPackage/Sources/BooksTrackerFeature/BookshelfScanning/Services/BookshelfAIService+Polling.swift (in target 'BooksTrackerFeature' from project 'BooksTrackerFeature')
    cd /Users/juju/dev_repos/books-v3
    
/Users/juju/dev_repos/books-v3/BooksTrackerPackage/Sources/BooksTrackerFeature/BookshelfScanning/Services/BookshelfAIService.swift:338:13: error: switch must be exhaustive
            switch event {
            ^
/Users/juju/dev_repos/books-v3/BooksTrackerPackage/Sources/BooksTrackerFeature/BookshelfScanning/Services/BookshelfAIService.swift:338:13: note: add missing case: '.csvImportProgress(_)'
            switch event {
            ^
/Users/juju/dev_repos/books-v3/BooksTrackerPackage/Sources/BooksTrackerFeature/BookshelfScanning/Services/BookshelfAIService.swift:338:13: note: add missing case: '.csvImportCompleted(_)'
            switch event {
            ^
/Users/juju/dev_repos/books-v3/BooksTrackerPackage/Sources/BooksTrackerFeature/BookshelfScanning/Services/BookshelfAIService.swift:338:13: note: add missing case: '.csvImportFailed(_)'
            switch event {
            ^
/Users/juju/dev_repos/books-v3/BooksTrackerPackage/Sources/BooksTrackerFeature/BookshelfScanning/Services/BookshelfAIService.swift:338:13: note: add missing cases
            switch event {
            ^

SwiftCompile normal x86_64 /Users/juju/dev_repos/books-v3/BooksTrackerPackage/Sources/BooksTrackerFeature/BookshelfScanning/Services/BookshelfAIService.swift (in target 'BooksTrackerFeature' from project 'BooksTrackerFeature')
    cd /Users/juju/dev_repos/books-v3
    
/Users/juju/dev_repos/books-v3/BooksTrackerPackage/Sources/BooksTrackerFeature/BookshelfScanning/Services/BookshelfAIService.swift:338:13: error: switch must be exhaustive
            switch event {
            ^
/Users/juju/dev_repos/books-v3/BooksTrackerPackage/Sources/BooksTrackerFeature/BookshelfScanning/Services/BookshelfAIService.swift:338:13: note: add missing case: '.csvImportProgress(_)'
            switch event {
            ^
/Users/juju/dev_repos/books-v3/BooksTrackerPackage/Sources/BooksTrackerFeature/BookshelfScanning/Services/BookshelfAIService.swift:338:13: note: add missing case: '.csvImportCompleted(_)'
            switch event {
            ^
/Users/juju/dev_repos/books-v3/BooksTrackerPackage/Sources/BooksTrackerFeature/BookshelfScanning/Services/BookshelfAIService.swift:338:13: note: add missing case: '.csvImportFailed(_)'
            switch event {
            ^
/Users/juju/dev_repos/books-v3/BooksTrackerPackage/Sources/BooksTrackerFeature/BookshelfScanning/Services/BookshelfAIService.swift:338:13: note: add missing cases
            switch event {
            ^

SwiftCompile normal x86_64 /Users/juju/dev_repos/books-v3/BooksTrackerPackage/Sources/BooksTrackerFeature/BookshelfScanning/Services/ScanProgressModels.swift (in target 'BooksTrackerFeature' from project 'BooksTrackerFeature')
    cd /Users/juju/dev_repos/books-v3
    
/Users/juju/dev_repos/books-v3/BooksTrackerPackage/Sources/BooksTrackerFeature/BookshelfScanning/Services/BookshelfAIService.swift:338:13: error: switch must be exhaustive
            switch event {
            ^
/Users/juju/dev_repos/books-v3/BooksTrackerPackage/Sources/BooksTrackerFeature/BookshelfScanning/Services/BookshelfAIService.swift:338:13: note: add missing case: '.csvImportProgress(_)'
            switch event {
            ^
/Users/juju/dev_repos/books-v3/BooksTrackerPackage/Sources/BooksTrackerFeature/BookshelfScanning/Services/BookshelfAIService.swift:338:13: note: add missing case: '.csvImportCompleted(_)'
            switch event {
            ^
/Users/juju/dev_repos/books-v3/BooksTrackerPackage/Sources/BooksTrackerFeature/BookshelfScanning/Services/BookshelfAIService.swift:338:13: note: add missing case: '.csvImportFailed(_)'
            switch event {
            ^
/Users/juju/dev_repos/books-v3/BooksTrackerPackage/Sources/BooksTrackerFeature/BookshelfScanning/Services/BookshelfAIService.swift:338:13: note: add missing cases
            switch event {
            ^
/Users/juju/dev_repos/books-v3/BooksTrackerPackage/Sources/BooksTrackerFeature/BookshelfScanning/Services/ScanProgressModels.swift:55:9: warning: 'websocketUrl' is deprecated: WebSocket deprecated. Use SSE (sseUrl). Removal: Q3 2026
        websocketUrl = try container.decodeIfPresent(String.self, forKey: .websocketUrl)
        ^
/Users/juju/dev_repos/books-v3/BooksTrackerPackage/Sources/BooksTrackerFeature/BookshelfScanning/Services/ScanProgressModels.swift:63:13: warning: 'token' is deprecated: Use authToken instead. Removal: March 1, 2026
            token = decodedToken  // Optional, may be present
            ^
/Users/juju/dev_repos/books-v3/BooksTrackerPackage/Sources/BooksTrackerFeature/BookshelfScanning/Services/ScanProgressModels.swift:67:13: warning: 'token' is deprecated: Use authToken instead. Removal: March 1, 2026
            token = tokenValue
            ^

SwiftCompile normal x86_64 /Users/juju/dev_repos/books-v3/BooksTrackerPackage/Sources/BooksTrackerFeature/BookshelfScanning/SuggestionGenerator.swift (in target 'BooksTrackerFeature' from project 'BooksTrackerFeature')
    cd /Users/juju/dev_repos/books-v3
    
/Users/juju/dev_repos/books-v3/BooksTrackerPackage/Sources/BooksTrackerFeature/BookshelfScanning/Services/BookshelfAIService.swift:338:13: error: switch must be exhaustive
            switch event {
            ^
/Users/juju/dev_repos/books-v3/BooksTrackerPackage/Sources/BooksTrackerFeature/BookshelfScanning/Services/BookshelfAIService.swift:338:13: note: add missing case: '.csvImportProgress(_)'
            switch event {
            ^
/Users/juju/dev_repos/books-v3/BooksTrackerPackage/Sources/BooksTrackerFeature/BookshelfScanning/Services/BookshelfAIService.swift:338:13: note: add missing case: '.csvImportCompleted(_)'
            switch event {
            ^
/Users/juju/dev_repos/books-v3/BooksTrackerPackage/Sources/BooksTrackerFeature/BookshelfScanning/Services/BookshelfAIService.swift:338:13: note: add missing case: '.csvImportFailed(_)'
            switch event {
            ^
/Users/juju/dev_repos/books-v3/BooksTrackerPackage/Sources/BooksTrackerFeature/BookshelfScanning/Services/BookshelfAIService.swift:338:13: note: add missing cases
            switch event {
            ^

SwiftCompile normal x86_64 /Users/juju/dev_repos/books-v3/BooksTrackerPackage/Sources/BooksTrackerFeature/BookshelfScanning/VisionProcessingActor.swift (in target 'BooksTrackerFeature' from project 'BooksTrackerFeature')
    cd /Users/juju/dev_repos/books-v3
    
/Users/juju/dev_repos/books-v3/BooksTrackerPackage/Sources/BooksTrackerFeature/BookshelfScanning/Services/BookshelfAIService.swift:338:13: error: switch must be exhaustive
            switch event {
            ^
/Users/juju/dev_repos/books-v3/BooksTrackerPackage/Sources/BooksTrackerFeature/BookshelfScanning/Services/BookshelfAIService.swift:338:13: note: add missing case: '.csvImportProgress(_)'
            switch event {
            ^
/Users/juju/dev_repos/books-v3/BooksTrackerPackage/Sources/BooksTrackerFeature/BookshelfScanning/Services/BookshelfAIService.swift:338:13: note: add missing case: '.csvImportCompleted(_)'
            switch event {
            ^
/Users/juju/dev_repos/books-v3/BooksTrackerPackage/Sources/BooksTrackerFeature/BookshelfScanning/Services/BookshelfAIService.swift:338:13: note: add missing case: '.csvImportFailed(_)'
            switch event {
            ^
/Users/juju/dev_repos/books-v3/BooksTrackerPackage/Sources/BooksTrackerFeature/BookshelfScanning/Services/BookshelfAIService.swift:338:13: note: add missing cases
            switch event {
            ^

SwiftCompile normal x86_64 Compiling\ ImmersiveHeaderView.swift,\ CulturalRegionsChart.swift,\ GenderDonutChart.swift,\ HeroStatsCard.swift,\ LanguageTagCloud.swift,\ RadarChartView.swift,\ ReadingStatsSection.swift,\ DiversityInsightsTab.swift,\ InsightsView.swift,\ FlowLayout.swift,\ LibraryRepository.swift,\ ModelTypes.swift,\ APICapabilities.swift,\ AuthorMetadata.swift,\ BookEnrichment.swift,\ DiversityMetric.swift,\ DiversityScore.swift,\ DiversityStats.swift,\ DiversityStatsMigrationPlan.swift,\ EnhancedDiversityStats.swift,\ NotificationPayloads.swift /Users/juju/dev_repos/books-v3/BooksTrackerPackage/Sources/BooksTrackerFeature/ImmersiveHeaderView.swift /Users/juju/dev_repos/books-v3/BooksTrackerPackage/Sources/BooksTrackerFeature/Insights/Components/CulturalRegionsChart.swift /Users/juju/dev_repos/books-v3/BooksTrackerPackage/Sources/BooksTrackerFeature/Insights/Components/GenderDonutChart.swift /Users/juju/dev_repos/books-v3/BooksTrackerPackage/Sources/BooksTrackerFeature/Insights/Components/HeroStatsCard.swift /Users/juju/dev_repos/books-v3/BooksTrackerPackage/Sources/BooksTrackerFeature/Insights/Components/LanguageTagCloud.swift /Users/juju/dev_repos/books-v3/BooksTrackerPackage/Sources/BooksTrackerFeature/Insights/Components/RadarChartView.swift /Users/juju/dev_repos/books-v3/BooksTrackerPackage/Sources/BooksTrackerFeature/Insights/Components/ReadingStatsSection.swift /Users/juju/dev_repos/books-v3/BooksTrackerPackage/Sources/BooksTrackerFeature/Insights/DiversityInsightsTab.swift /Users/juju/dev_repos/books-v3/BooksTrackerPackage/Sources/BooksTrackerFeature/Insights/InsightsView.swift /Users/juju/dev_repos/books-v3/BooksTrackerPackage/Sources/BooksTrackerFeature/Insights/Utilities/FlowLayout.swift /Users/juju/dev_repos/books-v3/BooksTrackerPackage/Sources/BooksTrackerFeature/LibraryRepository.swift /Users/juju/dev_repos/books-v3/BooksTrackerPackage/Sources/BooksTrackerFeature/ModelTypes.swift /Users/juju/dev_repos/books-v3/BooksTrackerPackage/Sources/BooksTrackerFeature/Models/APICapabilities.swift /Users/juju/dev_repos/books-v3/BooksTrackerPackage/Sources/BooksTrackerFeature/Models/AuthorMetadata.swift /Users/juju/dev_repos/books-v3/BooksTrackerPackage/Sources/BooksTrackerFeature/Models/BookEnrichment.swift /Users/juju/dev_repos/books-v3/BooksTrackerPackage/Sources/BooksTrackerFeature/Models/DiversityMetric.swift /Users/juju/dev_repos/books-v3/BooksTrackerPackage/Sources/BooksTrackerFeature/Models/DiversityScore.swift /Users/juju/dev_repos/books-v3/BooksTrackerPackage/Sources/BooksTrackerFeature/Models/DiversityStats.swift /Users/juju/dev_repos/books-v3/BooksTrackerPackage/Sources/BooksTrackerFeature/Models/DiversityStatsMigrationPlan.swift /Users/juju/dev_repos/books-v3/BooksTrackerPackage/Sources/BooksTrackerFeature/Models/EnhancedDiversityStats.swift /Users/juju/dev_repos/books-v3/BooksTrackerPackage/Sources/BooksTrackerFeature/Models/NotificationPayloads.swift (in target 'BooksTrackerFeature' from project 'BooksTrackerFeature')

SwiftCompile normal x86_64 /Users/juju/dev_repos/books-v3/BooksTrackerPackage/Sources/BooksTrackerFeature/ImmersiveHeaderView.swift (in target 'BooksTrackerFeature' from project 'BooksTrackerFeature')
    cd /Users/juju/dev_repos/books-v3
    

SwiftCompile normal x86_64 /Users/juju/dev_repos/books-v3/BooksTrackerPackage/Sources/BooksTrackerFeature/Insights/Components/CulturalRegionsChart.swift (in target 'BooksTrackerFeature' from project 'BooksTrackerFeature')
    cd /Users/juju/dev_repos/books-v3
    

SwiftCompile normal x86_64 /Users/juju/dev_repos/books-v3/BooksTrackerPackage/Sources/BooksTrackerFeature/Insights/Components/GenderDonutChart.swift (in target 'BooksTrackerFeature' from project 'BooksTrackerFeature')
    cd /Users/juju/dev_repos/books-v3
    

SwiftCompile normal x86_64 /Users/juju/dev_repos/books-v3/BooksTrackerPackage/Sources/BooksTrackerFeature/Insights/Components/HeroStatsCard.swift (in target 'BooksTrackerFeature' from project 'BooksTrackerFeature')
    cd /Users/juju/dev_repos/books-v3
    

SwiftCompile normal x86_64 /Users/juju/dev_repos/books-v3/BooksTrackerPackage/Sources/BooksTrackerFeature/Insights/Components/LanguageTagCloud.swift (in target 'BooksTrackerFeature' from project 'BooksTrackerFeature')
    cd /Users/juju/dev_repos/books-v3
    

SwiftCompile normal x86_64 /Users/juju/dev_repos/books-v3/BooksTrackerPackage/Sources/BooksTrackerFeature/Insights/Components/RadarChartView.swift (in target 'BooksTrackerFeature' from project 'BooksTrackerFeature')
    cd /Users/juju/dev_repos/books-v3
    

SwiftCompile normal x86_64 /Users/juju/dev_repos/books-v3/BooksTrackerPackage/Sources/BooksTrackerFeature/Insights/Components/ReadingStatsSection.swift (in target 'BooksTrackerFeature' from project 'BooksTrackerFeature')
    cd /Users/juju/dev_repos/books-v3
    

SwiftCompile normal x86_64 /Users/juju/dev_repos/books-v3/BooksTrackerPackage/Sources/BooksTrackerFeature/Insights/DiversityInsightsTab.swift (in target 'BooksTrackerFeature' from project 'BooksTrackerFeature')
    cd /Users/juju/dev_repos/books-v3
    

SwiftCompile normal x86_64 /Users/juju/dev_repos/books-v3/BooksTrackerPackage/Sources/BooksTrackerFeature/Insights/InsightsView.swift (in target 'BooksTrackerFeature' from project 'BooksTrackerFeature')
    cd /Users/juju/dev_repos/books-v3
    

SwiftCompile normal x86_64 /Users/juju/dev_repos/books-v3/BooksTrackerPackage/Sources/BooksTrackerFeature/Insights/Utilities/FlowLayout.swift (in target 'BooksTrackerFeature' from project 'BooksTrackerFeature')
    cd /Users/juju/dev_repos/books-v3
    

SwiftCompile normal x86_64 /Users/juju/dev_repos/books-v3/BooksTrackerPackage/Sources/BooksTrackerFeature/LibraryRepository.swift (in target 'BooksTrackerFeature' from project 'BooksTrackerFeature')
    cd /Users/juju/dev_repos/books-v3
    

SwiftCompile normal x86_64 /Users/juju/dev_repos/books-v3/BooksTrackerPackage/Sources/BooksTrackerFeature/ModelTypes.swift (in target 'BooksTrackerFeature' from project 'BooksTrackerFeature')
    cd /Users/juju/dev_repos/books-v3
    

SwiftCompile normal x86_64 /Users/juju/dev_repos/books-v3/BooksTrackerPackage/Sources/BooksTrackerFeature/Models/APICapabilities.swift (in target 'BooksTrackerFeature' from project 'BooksTrackerFeature')
    cd /Users/juju/dev_repos/books-v3
    

SwiftCompile normal x86_64 /Users/juju/dev_repos/books-v3/BooksTrackerPackage/Sources/BooksTrackerFeature/Models/AuthorMetadata.swift (in target 'BooksTrackerFeature' from project 'BooksTrackerFeature')
    cd /Users/juju/dev_repos/books-v3
    

SwiftCompile normal x86_64 /Users/juju/dev_repos/books-v3/BooksTrackerPackage/Sources/BooksTrackerFeature/Models/BookEnrichment.swift (in target 'BooksTrackerFeature' from project 'BooksTrackerFeature')
    cd /Users/juju/dev_repos/books-v3
    

SwiftCompile normal x86_64 /Users/juju/dev_repos/books-v3/BooksTrackerPackage/Sources/BooksTrackerFeature/Models/DiversityMetric.swift (in target 'BooksTrackerFeature' from project 'BooksTrackerFeature')
    cd /Users/juju/dev_repos/books-v3
    

SwiftCompile normal x86_64 /Users/juju/dev_repos/books-v3/BooksTrackerPackage/Sources/BooksTrackerFeature/Models/DiversityScore.swift (in target 'BooksTrackerFeature' from project 'BooksTrackerFeature')
    cd /Users/juju/dev_repos/books-v3
    

SwiftCompile normal x86_64 /Users/juju/dev_repos/books-v3/BooksTrackerPackage/Sources/BooksTrackerFeature/Models/DiversityStats.swift (in target 'BooksTrackerFeature' from project 'BooksTrackerFeature')
    cd /Users/juju/dev_repos/books-v3
    

SwiftCompile normal x86_64 /Users/juju/dev_repos/books-v3/BooksTrackerPackage/Sources/BooksTrackerFeature/Models/DiversityStatsMigrationPlan.swift (in target 'BooksTrackerFeature' from project 'BooksTrackerFeature')
    cd /Users/juju/dev_repos/books-v3
    

SwiftCompile normal x86_64 /Users/juju/dev_repos/books-v3/BooksTrackerPackage/Sources/BooksTrackerFeature/Models/EnhancedDiversityStats.swift (in target 'BooksTrackerFeature' from project 'BooksTrackerFeature')
    cd /Users/juju/dev_repos/books-v3
    

SwiftCompile normal x86_64 /Users/juju/dev_repos/books-v3/BooksTrackerPackage/Sources/BooksTrackerFeature/Models/NotificationPayloads.swift (in target 'BooksTrackerFeature' from project 'BooksTrackerFeature')
    cd /Users/juju/dev_repos/books-v3
    

SwiftCompile normal x86_64 Compiling\ APIError.swift,\ AuthTokenProvider.swift,\ BooksTrackAPI+Enrichment.swift,\ BooksTrackAPI+Import.swift,\ BooksTrackAPI+Search.swift,\ BooksTrackAPI.swift,\ DTOs.swift,\ PollingUtility.swift,\ SSEClient.swift,\ SSEModels.swift,\ SSEResponseHandler.swift,\ AboutMakerView.swift,\ AcknowledgementsView.swift,\ AdvancedSearchView.swift,\ AnnotationsModule.swift,\ Author.swift,\ BentoGridView.swift,\ BookActionsModule.swift,\ BatchCaptureView.swift,\ BookshelfScannerView.swift,\ BoundingBoxOverlayView.swift /Users/juju/dev_repos/books-v3/BooksTrackerPackage/Sources/BooksTrackerFeature/API/APIError.swift /Users/juju/dev_repos/books-v3/BooksTrackerPackage/Sources/BooksTrackerFeature/API/AuthTokenProvider.swift /Users/juju/dev_repos/books-v3/BooksTrackerPackage/Sources/BooksTrackerFeature/API/BooksTrackAPI+Enrichment.swift /Users/juju/dev_repos/books-v3/BooksTrackerPackage/Sources/BooksTrackerFeature/API/BooksTrackAPI+Import.swift /Users/juju/dev_repos/books-v3/BooksTrackerPackage/Sources/BooksTrackerFeature/API/BooksTrackAPI+Search.swift /Users/juju/dev_repos/books-v3/BooksTrackerPackage/Sources/BooksTrackerFeature/API/BooksTrackAPI.swift /Users/juju/dev_repos/books-v3/BooksTrackerPackage/Sources/BooksTrackerFeature/API/DTOs.swift /Users/juju/dev_repos/books-v3/BooksTrackerPackage/Sources/BooksTrackerFeature/API/PollingUtility.swift /Users/juju/dev_repos/books-v3/BooksTrackerPackage/Sources/BooksTrackerFeature/API/SSEClient.swift /Users/juju/dev_repos/books-v3/BooksTrackerPackage/Sources/BooksTrackerFeature/API/SSEModels.swift /Users/juju/dev_repos/books-v3/BooksTrackerPackage/Sources/BooksTrackerFeature/API/SSEResponseHandler.swift /Users/juju/dev_repos/books-v3/BooksTrackerPackage/Sources/BooksTrackerFeature/AboutMakerView.swift /Users/juju/dev_repos/books-v3/BooksTrackerPackage/Sources/BooksTrackerFeature/AcknowledgementsView.swift /Users/juju/dev_repos/books-v3/BooksTrackerPackage/Sources/BooksTrackerFeature/AdvancedSearchView.swift /Users/juju/dev_repos/books-v3/BooksTrackerPackage/Sources/BooksTrackerFeature/AnnotationsModule.swift /Users/juju/dev_repos/books-v3/BooksTrackerPackage/Sources/BooksTrackerFeature/Author.swift /Users/juju/dev_repos/books-v3/BooksTrackerPackage/Sources/BooksTrackerFeature/BentoGridView.swift /Users/juju/dev_repos/books-v3/BooksTrackerPackage/Sources/BooksTrackerFeature/BookActionsModule.swift /Users/juju/dev_repos/books-v3/BooksTrackerPackage/Sources/BooksTrackerFeature/BookshelfScanning/BatchCaptureView.swift /Users/juju/dev_repos/books-v3/BooksTrackerPackage/Sources/BooksTrackerFeature/BookshelfScanning/BookshelfScannerView.swift /Users/juju/dev_repos/books-v3/BooksTrackerPackage/Sources/BooksTrackerFeature/BookshelfScanning/BoundingBoxOverlayView.swift (in target 'BooksTrackerFeature' from project 'BooksTrackerFeature')
SwiftCompile normal x86_64 /Users/juju/dev_repos/books-v3/BooksTrackerPackage/Sources/BooksTrackerFeature/API/APIError.swift (in target 'BooksTrackerFeature' from project 'BooksTrackerFeature')
    cd /Users/juju/dev_repos/books-v3
    

SwiftCompile normal x86_64 /Users/juju/dev_repos/books-v3/BooksTrackerPackage/Sources/BooksTrackerFeature/API/AuthTokenProvider.swift (in target 'BooksTrackerFeature' from project 'BooksTrackerFeature')
    cd /Users/juju/dev_repos/books-v3
    

SwiftCompile normal x86_64 /Users/juju/dev_repos/books-v3/BooksTrackerPackage/Sources/BooksTrackerFeature/API/BooksTrackAPI+Enrichment.swift (in target 'BooksTrackerFeature' from project 'BooksTrackerFeature')
    cd /Users/juju/dev_repos/books-v3
    

SwiftCompile normal x86_64 /Users/juju/dev_repos/books-v3/BooksTrackerPackage/Sources/BooksTrackerFeature/API/BooksTrackAPI+Import.swift (in target 'BooksTrackerFeature' from project 'BooksTrackerFeature')
    cd /Users/juju/dev_repos/books-v3
    

SwiftCompile normal x86_64 /Users/juju/dev_repos/books-v3/BooksTrackerPackage/Sources/BooksTrackerFeature/API/BooksTrackAPI+Search.swift (in target 'BooksTrackerFeature' from project 'BooksTrackerFeature')
    cd /Users/juju/dev_repos/books-v3
    

SwiftCompile normal x86_64 /Users/juju/dev_repos/books-v3/BooksTrackerPackage/Sources/BooksTrackerFeature/API/BooksTrackAPI.swift (in target 'BooksTrackerFeature' from project 'BooksTrackerFeature')
    cd /Users/juju/dev_repos/books-v3
    

SwiftCompile normal x86_64 /Users/juju/dev_repos/books-v3/BooksTrackerPackage/Sources/BooksTrackerFeature/API/DTOs.swift (in target 'BooksTrackerFeature' from project 'BooksTrackerFeature')
    cd /Users/juju/dev_repos/books-v3
    

SwiftCompile normal x86_64 /Users/juju/dev_repos/books-v3/BooksTrackerPackage/Sources/BooksTrackerFeature/API/PollingUtility.swift (in target 'BooksTrackerFeature' from project 'BooksTrackerFeature')
    cd /Users/juju/dev_repos/books-v3
    

SwiftCompile normal x86_64 /Users/juju/dev_repos/books-v3/BooksTrackerPackage/Sources/BooksTrackerFeature/API/SSEClient.swift (in target 'BooksTrackerFeature' from project 'BooksTrackerFeature')
    cd /Users/juju/dev_repos/books-v3
    

SwiftCompile normal x86_64 /Users/juju/dev_repos/books-v3/BooksTrackerPackage/Sources/BooksTrackerFeature/API/SSEModels.swift (in target 'BooksTrackerFeature' from project 'BooksTrackerFeature')
    cd /Users/juju/dev_repos/books-v3
    

SwiftCompile normal x86_64 /Users/juju/dev_repos/books-v3/BooksTrackerPackage/Sources/BooksTrackerFeature/API/SSEResponseHandler.swift (in target 'BooksTrackerFeature' from project 'BooksTrackerFeature')
    cd /Users/juju/dev_repos/books-v3
    

SwiftCompile normal x86_64 /Users/juju/dev_repos/books-v3/BooksTrackerPackage/Sources/BooksTrackerFeature/AboutMakerView.swift (in target 'BooksTrackerFeature' from project 'BooksTrackerFeature')
    cd /Users/juju/dev_repos/books-v3
    

SwiftCompile normal x86_64 /Users/juju/dev_repos/books-v3/BooksTrackerPackage/Sources/BooksTrackerFeature/AcknowledgementsView.swift (in target 'BooksTrackerFeature' from project 'BooksTrackerFeature')
    cd /Users/juju/dev_repos/books-v3
    

SwiftCompile normal x86_64 /Users/juju/dev_repos/books-v3/BooksTrackerPackage/Sources/BooksTrackerFeature/AdvancedSearchView.swift (in target 'BooksTrackerFeature' from project 'BooksTrackerFeature')
    cd /Users/juju/dev_repos/books-v3
    

SwiftCompile normal x86_64 /Users/juju/dev_repos/books-v3/BooksTrackerPackage/Sources/BooksTrackerFeature/AnnotationsModule.swift (in target 'BooksTrackerFeature' from project 'BooksTrackerFeature')
    cd /Users/juju/dev_repos/books-v3
    

SwiftCompile normal x86_64 /Users/juju/dev_repos/books-v3/BooksTrackerPackage/Sources/BooksTrackerFeature/Author.swift (in target 'BooksTrackerFeature' from project 'BooksTrackerFeature')
    cd /Users/juju/dev_repos/books-v3
    

SwiftCompile normal x86_64 /Users/juju/dev_repos/books-v3/BooksTrackerPackage/Sources/BooksTrackerFeature/BentoGridView.swift (in target 'BooksTrackerFeature' from project 'BooksTrackerFeature')
    cd /Users/juju/dev_repos/books-v3
    

SwiftCompile normal x86_64 /Users/juju/dev_repos/books-v3/BooksTrackerPackage/Sources/BooksTrackerFeature/BookActionsModule.swift (in target 'BooksTrackerFeature' from project 'BooksTrackerFeature')
    cd /Users/juju/dev_repos/books-v3
    

SwiftCompile normal x86_64 /Users/juju/dev_repos/books-v3/BooksTrackerPackage/Sources/BooksTrackerFeature/BookshelfScanning/BatchCaptureView.swift (in target 'BooksTrackerFeature' from project 'BooksTrackerFeature')
    cd /Users/juju/dev_repos/books-v3
    

SwiftCompile normal x86_64 /Users/juju/dev_repos/books-v3/BooksTrackerPackage/Sources/BooksTrackerFeature/BookshelfScanning/BookshelfScannerView.swift (in target 'BooksTrackerFeature' from project 'BooksTrackerFeature')
    cd /Users/juju/dev_repos/books-v3
    

SwiftCompile normal x86_64 /Users/juju/dev_repos/books-v3/BooksTrackerPackage/Sources/BooksTrackerFeature/BookshelfScanning/BoundingBoxOverlayView.swift (in target 'BooksTrackerFeature' from project 'BooksTrackerFeature')
    cd /Users/juju/dev_repos/books-v3
    

SwiftCompile normal x86_64 Compiling\ EditionMetadataView.swift,\ EndSessionSheet.swift,\ EnrichmentCompletionToast.swift,\ EnrichmentErrorToast.swift,\ EnrichmentIndicator.swift,\ GenreTagView.swift,\ GlassCard.swift,\ LibraryStatusBadge.swift,\ NotesEditorView.swift,\ RateLimitBanner.swift,\ ScaleButtonStyle.swift,\ StarRatingView.swift,\ ContentView.swift,\ ApiErrorCode.swift,\ AuthorDTO.swift,\ BatchEnrichmentPayload.swift,\ DTOEnums.swift,\ EditionDTO.swift,\ EnrichedBookDTO.swift,\ ErrorResponseDTO.swift,\ ListWorkDTO.swift /Users/juju/dev_repos/books-v3/BooksTrackerPackage/Sources/BooksTrackerFeature/Components/EditionMetadataView.swift /Users/juju/dev_repos/books-v3/BooksTrackerPackage/Sources/BooksTrackerFeature/Components/EndSessionSheet.swift /Users/juju/dev_repos/books-v3/BooksTrackerPackage/Sources/BooksTrackerFeature/Components/EnrichmentCompletionToast.swift /Users/juju/dev_repos/books-v3/BooksTrackerPackage/Sources/BooksTrackerFeature/Components/EnrichmentErrorToast.swift /Users/juju/dev_repos/books-v3/BooksTrackerPackage/Sources/BooksTrackerFeature/Components/EnrichmentIndicator.swift /Users/juju/dev_repos/books-v3/BooksTrackerPackage/Sources/BooksTrackerFeature/Components/GenreTagView.swift /Users/juju/dev_repos/books-v3/BooksTrackerPackage/Sources/BooksTrackerFeature/Components/GlassCard.swift /Users/juju/dev_repos/books-v3/BooksTrackerPackage/Sources/BooksTrackerFeature/Components/LibraryStatusBadge.swift /Users/juju/dev_repos/books-v3/BooksTrackerPackage/Sources/BooksTrackerFeature/Components/NotesEditorView.swift /Users/juju/dev_repos/books-v3/BooksTrackerPackage/Sources/BooksTrackerFeature/Components/RateLimitBanner.swift /Users/juju/dev_repos/books-v3/BooksTrackerPackage/Sources/BooksTrackerFeature/Components/ScaleButtonStyle.swift /Users/juju/dev_repos/books-v3/BooksTrackerPackage/Sources/BooksTrackerFeature/Components/StarRatingView.swift /Users/juju/dev_repos/books-v3/BooksTrackerPackage/Sources/BooksTrackerFeature/ContentView.swift /Users/juju/dev_repos/books-v3/BooksTrackerPackage/Sources/BooksTrackerFeature/DTOs/ApiErrorCode.swift /Users/juju/dev_repos/books-v3/BooksTrackerPackage/Sources/BooksTrackerFeature/DTOs/AuthorDTO.swift /Users/juju/dev_repos/books-v3/BooksTrackerPackage/Sources/BooksTrackerFeature/DTOs/BatchEnrichmentPayload.swift /Users/juju/dev_repos/books-v3/BooksTrackerPackage/Sources/BooksTrackerFeature/DTOs/DTOEnums.swift /Users/juju/dev_repos/books-v3/BooksTrackerPackage/Sources/BooksTrackerFeature/DTOs/EditionDTO.swift /Users/juju/dev_repos/books-v3/BooksTrackerPackage/Sources/BooksTrackerFeature/DTOs/EnrichedBookDTO.swift /Users/juju/dev_repos/books-v3/BooksTrackerPackage/Sources/BooksTrackerFeature/DTOs/ErrorResponseDTO.swift /Users/juju/dev_repos/books-v3/BooksTrackerPackage/Sources/BooksTrackerFeature/DTOs/ListWorkDTO.swift (in target 'BooksTrackerFeature' from project 'BooksTrackerFeature')

SwiftCompile normal x86_64 /Users/juju/dev_repos/books-v3/BooksTrackerPackage/Sources/BooksTrackerFeature/Components/EditionMetadataView.swift (in target 'BooksTrackerFeature' from project 'BooksTrackerFeature')
    cd /Users/juju/dev_repos/books-v3
    

SwiftCompile normal x86_64 /Users/juju/dev_repos/books-v3/BooksTrackerPackage/Sources/BooksTrackerFeature/Components/EndSessionSheet.swift (in target 'BooksTrackerFeature' from project 'BooksTrackerFeature')
    cd /Users/juju/dev_repos/books-v3
    

SwiftCompile normal x86_64 /Users/juju/dev_repos/books-v3/BooksTrackerPackage/Sources/BooksTrackerFeature/Components/EnrichmentCompletionToast.swift (in target 'BooksTrackerFeature' from project 'BooksTrackerFeature')
    cd /Users/juju/dev_repos/books-v3
    

SwiftCompile normal x86_64 /Users/juju/dev_repos/books-v3/BooksTrackerPackage/Sources/BooksTrackerFeature/Components/EnrichmentErrorToast.swift (in target 'BooksTrackerFeature' from project 'BooksTrackerFeature')
    cd /Users/juju/dev_repos/books-v3
    

SwiftCompile normal x86_64 /Users/juju/dev_repos/books-v3/BooksTrackerPackage/Sources/BooksTrackerFeature/Components/EnrichmentIndicator.swift (in target 'BooksTrackerFeature' from project 'BooksTrackerFeature')
    cd /Users/juju/dev_repos/books-v3
    

SwiftCompile normal x86_64 /Users/juju/dev_repos/books-v3/BooksTrackerPackage/Sources/BooksTrackerFeature/Components/GenreTagView.swift (in target 'BooksTrackerFeature' from project 'BooksTrackerFeature')
    cd /Users/juju/dev_repos/books-v3
    

SwiftCompile normal x86_64 /Users/juju/dev_repos/books-v3/BooksTrackerPackage/Sources/BooksTrackerFeature/Components/GlassCard.swift (in target 'BooksTrackerFeature' from project 'BooksTrackerFeature')
    cd /Users/juju/dev_repos/books-v3
    

SwiftCompile normal x86_64 /Users/juju/dev_repos/books-v3/BooksTrackerPackage/Sources/BooksTrackerFeature/Components/LibraryStatusBadge.swift (in target 'BooksTrackerFeature' from project 'BooksTrackerFeature')
    cd /Users/juju/dev_repos/books-v3
    

SwiftCompile normal x86_64 /Users/juju/dev_repos/books-v3/BooksTrackerPackage/Sources/BooksTrackerFeature/Components/NotesEditorView.swift (in target 'BooksTrackerFeature' from project 'BooksTrackerFeature')
    cd /Users/juju/dev_repos/books-v3
    

SwiftCompile normal x86_64 /Users/juju/dev_repos/books-v3/BooksTrackerPackage/Sources/BooksTrackerFeature/Components/RateLimitBanner.swift (in target 'BooksTrackerFeature' from project 'BooksTrackerFeature')
    cd /Users/juju/dev_repos/books-v3
    

SwiftCompile normal x86_64 /Users/juju/dev_repos/books-v3/BooksTrackerPackage/Sources/BooksTrackerFeature/Components/ScaleButtonStyle.swift (in target 'BooksTrackerFeature' from project 'BooksTrackerFeature')
    cd /Users/juju/dev_repos/books-v3
    

SwiftCompile normal x86_64 /Users/juju/dev_repos/books-v3/BooksTrackerPackage/Sources/BooksTrackerFeature/Components/StarRatingView.swift (in target 'BooksTrackerFeature' from project 'BooksTrackerFeature')
    cd /Users/juju/dev_repos/books-v3
    

SwiftCompile normal x86_64 /Users/juju/dev_repos/books-v3/BooksTrackerPackage/Sources/BooksTrackerFeature/ContentView.swift (in target 'BooksTrackerFeature' from project 'BooksTrackerFeature')
    cd /Users/juju/dev_repos/books-v3
    

SwiftCompile normal x86_64 /Users/juju/dev_repos/books-v3/BooksTrackerPackage/Sources/BooksTrackerFeature/DTOs/ApiErrorCode.swift (in target 'BooksTrackerFeature' from project 'BooksTrackerFeature')
    cd /Users/juju/dev_repos/books-v3
    

SwiftCompile normal x86_64 /Users/juju/dev_repos/books-v3/BooksTrackerPackage/Sources/BooksTrackerFeature/DTOs/AuthorDTO.swift (in target 'BooksTrackerFeature' from project 'BooksTrackerFeature')
    cd /Users/juju/dev_repos/books-v3
    

SwiftCompile normal x86_64 /Users/juju/dev_repos/books-v3/BooksTrackerPackage/Sources/BooksTrackerFeature/DTOs/BatchEnrichmentPayload.swift (in target 'BooksTrackerFeature' from project 'BooksTrackerFeature')
    cd /Users/juju/dev_repos/books-v3
    

SwiftCompile normal x86_64 /Users/juju/dev_repos/books-v3/BooksTrackerPackage/Sources/BooksTrackerFeature/DTOs/DTOEnums.swift (in target 'BooksTrackerFeature' from project 'BooksTrackerFeature')
    cd /Users/juju/dev_repos/books-v3
    

SwiftCompile normal x86_64 /Users/juju/dev_repos/books-v3/BooksTrackerPackage/Sources/BooksTrackerFeature/DTOs/EditionDTO.swift (in target 'BooksTrackerFeature' from project 'BooksTrackerFeature')
    cd /Users/juju/dev_repos/books-v3
    

SwiftCompile normal x86_64 /Users/juju/dev_repos/books-v3/BooksTrackerPackage/Sources/BooksTrackerFeature/DTOs/EnrichedBookDTO.swift (in target 'BooksTrackerFeature' from project 'BooksTrackerFeature')
    cd /Users/juju/dev_repos/books-v3
    

SwiftCompile normal x86_64 /Users/juju/dev_repos/books-v3/BooksTrackerPackage/Sources/BooksTrackerFeature/DTOs/ErrorResponseDTO.swift (in target 'BooksTrackerFeature' from project 'BooksTrackerFeature')
    cd /Users/juju/dev_repos/books-v3
    

SwiftCompile normal x86_64 /Users/juju/dev_repos/books-v3/BooksTrackerPackage/Sources/BooksTrackerFeature/DTOs/ListWorkDTO.swift (in target 'BooksTrackerFeature' from project 'BooksTrackerFeature')
    cd /Users/juju/dev_repos/books-v3
    

SwiftEmitModule normal arm64 Emitting\ module\ for\ BooksTrackerFeature (in target 'BooksTrackerFeature' from project 'BooksTrackerFeature')

EmitSwiftModule normal arm64 (in target 'BooksTrackerFeature' from project 'BooksTrackerFeature')
    cd /Users/juju/dev_repos/books-v3
    

SwiftCompile normal arm64 Compiling\ ImmersiveHeaderView.swift,\ CulturalRegionsChart.swift,\ GenderDonutChart.swift,\ HeroStatsCard.swift,\ LanguageTagCloud.swift,\ RadarChartView.swift,\ ReadingStatsSection.swift,\ DiversityInsightsTab.swift,\ InsightsView.swift,\ FlowLayout.swift,\ LibraryRepository.swift,\ ModelTypes.swift,\ APICapabilities.swift,\ AuthorMetadata.swift,\ BookEnrichment.swift,\ DiversityMetric.swift,\ DiversityScore.swift,\ DiversityStats.swift,\ DiversityStatsMigrationPlan.swift,\ EnhancedDiversityStats.swift,\ NotificationPayloads.swift /Users/juju/dev_repos/books-v3/BooksTrackerPackage/Sources/BooksTrackerFeature/ImmersiveHeaderView.swift /Users/juju/dev_repos/books-v3/BooksTrackerPackage/Sources/BooksTrackerFeature/Insights/Components/CulturalRegionsChart.swift /Users/juju/dev_repos/books-v3/BooksTrackerPackage/Sources/BooksTrackerFeature/Insights/Components/GenderDonutChart.swift /Users/juju/dev_repos/books-v3/BooksTrackerPackage/Sources/BooksTrackerFeature/Insights/Components/HeroStatsCard.swift /Users/juju/dev_repos/books-v3/BooksTrackerPackage/Sources/BooksTrackerFeature/Insights/Components/LanguageTagCloud.swift /Users/juju/dev_repos/books-v3/BooksTrackerPackage/Sources/BooksTrackerFeature/Insights/Components/RadarChartView.swift /Users/juju/dev_repos/books-v3/BooksTrackerPackage/Sources/BooksTrackerFeature/Insights/Components/ReadingStatsSection.swift /Users/juju/dev_repos/books-v3/BooksTrackerPackage/Sources/BooksTrackerFeature/Insights/DiversityInsightsTab.swift /Users/juju/dev_repos/books-v3/BooksTrackerPackage/Sources/BooksTrackerFeature/Insights/InsightsView.swift /Users/juju/dev_repos/books-v3/BooksTrackerPackage/Sources/BooksTrackerFeature/Insights/Utilities/FlowLayout.swift /Users/juju/dev_repos/books-v3/BooksTrackerPackage/Sources/BooksTrackerFeature/LibraryRepository.swift /Users/juju/dev_repos/books-v3/BooksTrackerPackage/Sources/BooksTrackerFeature/ModelTypes.swift /Users/juju/dev_repos/books-v3/BooksTrackerPackage/Sources/BooksTrackerFeature/Models/APICapabilities.swift /Users/juju/dev_repos/books-v3/BooksTrackerPackage/Sources/BooksTrackerFeature/Models/AuthorMetadata.swift /Users/juju/dev_repos/books-v3/BooksTrackerPackage/Sources/BooksTrackerFeature/Models/BookEnrichment.swift /Users/juju/dev_repos/books-v3/BooksTrackerPackage/Sources/BooksTrackerFeature/Models/DiversityMetric.swift /Users/juju/dev_repos/books-v3/BooksTrackerPackage/Sources/BooksTrackerFeature/Models/DiversityScore.swift /Users/juju/dev_repos/books-v3/BooksTrackerPackage/Sources/BooksTrackerFeature/Models/DiversityStats.swift /Users/juju/dev_repos/books-v3/BooksTrackerPackage/Sources/BooksTrackerFeature/Models/DiversityStatsMigrationPlan.swift /Users/juju/dev_repos/books-v3/BooksTrackerPackage/Sources/BooksTrackerFeature/Models/EnhancedDiversityStats.swift /Users/juju/dev_repos/books-v3/BooksTrackerPackage/Sources/BooksTrackerFeature/Models/NotificationPayloads.swift (in target 'BooksTrackerFeature' from project 'BooksTrackerFeature')

SwiftCompile normal arm64 /Users/juju/dev_repos/books-v3/BooksTrackerPackage/Sources/BooksTrackerFeature/ImmersiveHeaderView.swift (in target 'BooksTrackerFeature' from project 'BooksTrackerFeature')
    cd /Users/juju/dev_repos/books-v3
    

SwiftCompile normal arm64 /Users/juju/dev_repos/books-v3/BooksTrackerPackage/Sources/BooksTrackerFeature/Insights/Components/CulturalRegionsChart.swift (in target 'BooksTrackerFeature' from project 'BooksTrackerFeature')
    cd /Users/juju/dev_repos/books-v3
    

SwiftCompile normal arm64 /Users/juju/dev_repos/books-v3/BooksTrackerPackage/Sources/BooksTrackerFeature/Insights/Components/GenderDonutChart.swift (in target 'BooksTrackerFeature' from project 'BooksTrackerFeature')
    cd /Users/juju/dev_repos/books-v3
    

SwiftCompile normal arm64 /Users/juju/dev_repos/books-v3/BooksTrackerPackage/Sources/BooksTrackerFeature/Insights/Components/HeroStatsCard.swift (in target 'BooksTrackerFeature' from project 'BooksTrackerFeature')
    cd /Users/juju/dev_repos/books-v3
    

SwiftCompile normal arm64 /Users/juju/dev_repos/books-v3/BooksTrackerPackage/Sources/BooksTrackerFeature/Insights/Components/LanguageTagCloud.swift (in target 'BooksTrackerFeature' from project 'BooksTrackerFeature')
    cd /Users/juju/dev_repos/books-v3
    

SwiftCompile normal arm64 /Users/juju/dev_repos/books-v3/BooksTrackerPackage/Sources/BooksTrackerFeature/Insights/Components/RadarChartView.swift (in target 'BooksTrackerFeature' from project 'BooksTrackerFeature')
    cd /Users/juju/dev_repos/books-v3
    

SwiftCompile normal arm64 /Users/juju/dev_repos/books-v3/BooksTrackerPackage/Sources/BooksTrackerFeature/Insights/Components/ReadingStatsSection.swift (in target 'BooksTrackerFeature' from project 'BooksTrackerFeature')
    cd /Users/juju/dev_repos/books-v3
    

SwiftCompile normal arm64 /Users/juju/dev_repos/books-v3/BooksTrackerPackage/Sources/BooksTrackerFeature/Insights/DiversityInsightsTab.swift (in target 'BooksTrackerFeature' from project 'BooksTrackerFeature')
    cd /Users/juju/dev_repos/books-v3
    

SwiftCompile normal arm64 /Users/juju/dev_repos/books-v3/BooksTrackerPackage/Sources/BooksTrackerFeature/Insights/InsightsView.swift (in target 'BooksTrackerFeature' from project 'BooksTrackerFeature')
    cd /Users/juju/dev_repos/books-v3
    

SwiftCompile normal arm64 /Users/juju/dev_repos/books-v3/BooksTrackerPackage/Sources/BooksTrackerFeature/Insights/Utilities/FlowLayout.swift (in target 'BooksTrackerFeature' from project 'BooksTrackerFeature')
    cd /Users/juju/dev_repos/books-v3
    

SwiftCompile normal arm64 /Users/juju/dev_repos/books-v3/BooksTrackerPackage/Sources/BooksTrackerFeature/LibraryRepository.swift (in target 'BooksTrackerFeature' from project 'BooksTrackerFeature')
    cd /Users/juju/dev_repos/books-v3
    

SwiftCompile normal arm64 /Users/juju/dev_repos/books-v3/BooksTrackerPackage/Sources/BooksTrackerFeature/ModelTypes.swift (in target 'BooksTrackerFeature' from project 'BooksTrackerFeature')
    cd /Users/juju/dev_repos/books-v3
    

SwiftCompile normal arm64 /Users/juju/dev_repos/books-v3/BooksTrackerPackage/Sources/BooksTrackerFeature/Models/APICapabilities.swift (in target 'BooksTrackerFeature' from project 'BooksTrackerFeature')
    cd /Users/juju/dev_repos/books-v3
    

SwiftCompile normal arm64 /Users/juju/dev_repos/books-v3/BooksTrackerPackage/Sources/BooksTrackerFeature/Models/AuthorMetadata.swift (in target 'BooksTrackerFeature' from project 'BooksTrackerFeature')
    cd /Users/juju/dev_repos/books-v3
    

SwiftCompile normal arm64 /Users/juju/dev_repos/books-v3/BooksTrackerPackage/Sources/BooksTrackerFeature/Models/BookEnrichment.swift (in target 'BooksTrackerFeature' from project 'BooksTrackerFeature')
    cd /Users/juju/dev_repos/books-v3
    

SwiftCompile normal arm64 /Users/juju/dev_repos/books-v3/BooksTrackerPackage/Sources/BooksTrackerFeature/Models/DiversityMetric.swift (in target 'BooksTrackerFeature' from project 'BooksTrackerFeature')
    cd /Users/juju/dev_repos/books-v3
    

SwiftCompile normal arm64 /Users/juju/dev_repos/books-v3/BooksTrackerPackage/Sources/BooksTrackerFeature/Models/DiversityScore.swift (in target 'BooksTrackerFeature' from project 'BooksTrackerFeature')
    cd /Users/juju/dev_repos/books-v3
    

SwiftCompile normal arm64 /Users/juju/dev_repos/books-v3/BooksTrackerPackage/Sources/BooksTrackerFeature/Models/DiversityStats.swift (in target 'BooksTrackerFeature' from project 'BooksTrackerFeature')
    cd /Users/juju/dev_repos/books-v3
    

SwiftCompile normal arm64 /Users/juju/dev_repos/books-v3/BooksTrackerPackage/Sources/BooksTrackerFeature/Models/DiversityStatsMigrationPlan.swift (in target 'BooksTrackerFeature' from project 'BooksTrackerFeature')
    cd /Users/juju/dev_repos/books-v3
    

SwiftCompile normal arm64 /Users/juju/dev_repos/books-v3/BooksTrackerPackage/Sources/BooksTrackerFeature/Models/EnhancedDiversityStats.swift (in target 'BooksTrackerFeature' from project 'BooksTrackerFeature')
    cd /Users/juju/dev_repos/books-v3
    

SwiftCompile normal arm64 /Users/juju/dev_repos/books-v3/BooksTrackerPackage/Sources/BooksTrackerFeature/Models/NotificationPayloads.swift (in target 'BooksTrackerFeature' from project 'BooksTrackerFeature')
    cd /Users/juju/dev_repos/books-v3
    

SwiftDriverJobDiscovery normal x86_64 Emitting module for BooksTrackerFeature (in target 'BooksTrackerFeature' from project 'BooksTrackerFeature')

SwiftDriver\ Compilation\ Requirements BooksTrackerFeature normal x86_64 com.apple.xcode.tools.swift.compiler (in target 'BooksTrackerFeature' from project 'BooksTrackerFeature')
    cd /Users/juju/dev_repos/books-v3
    builtin-Swift-Compilation-Requirements -- /Applications/Xcode-beta.app/Contents/Developer/Toolchains/XcodeDefault.xctoolchain/usr/bin/swiftc -module-name BooksTrackerFeature -Onone -enforce-exclusivity\=checked @/Users/juju/dev_repos/books-v3/.build/Build/Intermediates.noindex/BooksTrackerFeature.build/Debug-iphonesimulator/BooksTrackerFeature.build/Objects-normal/x86_64/BooksTrackerFeature.SwiftFileList -DSWIFT_PACKAGE -DDEBUG -DSWIFT_MODULE_RESOURCE_BUNDLE_UNAVAILABLE -DXcode -plugin-path /Applications/Xcode-beta.app/Contents/Developer/Toolchains/XcodeDefault.xctoolchain/usr/lib/swift/host/plugins/testing -enable-experimental-feature DebugDescriptionMacro -sdk /Applications/Xcode-beta.app/Contents/Developer/Platforms/iPhoneSimulator.platform/Developer/SDKs/iPhoneSimulator26.2.sdk -target x86_64-apple-ios26.0-simulator -g -module-cache-path /Users/juju/dev_repos/books-v3/.build/ModuleCache.noindex -Xfrontend -serialize-debugging-options -profile-coverage-mapping -profile-generate -enable-testing -index-store-path /Users/juju/dev_repos/books-v3/.build/Index.noindex/DataStore -Xcc -D_LIBCPP_HARDENING_MODE\=_LIBCPP_HARDENING_MODE_DEBUG -swift-version 6 -I /Users/juju/dev_repos/books-v3/.build/Build/Products/Debug-iphonesimulator -Isystem /Applications/Xcode-beta.app/Contents/Developer/Platforms/iPhoneSimulator.platform/Developer/usr/lib -F /Users/juju/dev_repos/books-v3/.build/Build/Products/Debug-iphonesimulator -F /Applications/Xcode-beta.app/Contents/Developer/Platforms/iPhoneSimulator.platform/Developer/Library/Frameworks -F /Applications/Xcode-beta.app/Contents/Developer/Platforms/iPhoneSimulator.platform/Developer/SDKs/iPhoneSimulator26.2.sdk/Developer/Library/Frameworks -c -j10 -enable-batch-mode -incremental -Xcc -ivfsstatcache -Xcc /Users/juju/dev_repos/books-v3/.build/SDKStatCaches.noindex/iphonesimulator26.2-23C5044a-c6bb09c85eeb1a59968f08cee6a58242.sdkstatcache -output-file-map /Users/juju/dev_repos/books-v3/.build/Build/Intermediates.noindex/BooksTrackerFeature.build/Debug-iphonesimulator/BooksTrackerFeature.build/Objects-normal/x86_64/BooksTrackerFeature-OutputFileMap.json -use-frontend-parseable-output -save-temps -no-color-diagnostics -explicit-module-build -module-cache-path /Users/juju/dev_repos/books-v3/.build/Build/Intermediates.noindex/SwiftExplicitPrecompiledModules -clang-scanner-module-cache-path /Users/juju/dev_repos/books-v3/.build/ModuleCache.noindex -sdk-module-cache-path /Users/juju/dev_repos/books-v3/.build/ModuleCache.noindex -serialize-diagnostics -emit-dependencies -emit-module -emit-module-path /Users/juju/dev_repos/books-v3/.build/Build/Intermediates.noindex/BooksTrackerFeature.build/Debug-iphonesimulator/BooksTrackerFeature.build/Objects-normal/x86_64/BooksTrackerFeature.swiftmodule -validate-clang-modules-once -clang-build-session-file /Users/juju/dev_repos/books-v3/.build/ModuleCache.noindex/Session.modulevalidation -package-name bookstrackerpackage -Xcc -I/Users/juju/dev_repos/books-v3/.build/Build/Intermediates.noindex/BooksTrackerFeature.build/Debug-iphonesimulator/BooksTrackerFeature.build/swift-overrides.hmap -emit-const-values -Xfrontend -const-gather-protocols-file -Xfrontend /Users/juju/dev_repos/books-v3/.build/Build/Intermediates.noindex/BooksTrackerFeature.build/Debug-iphonesimulator/BooksTrackerFeature.build/Objects-normal/x86_64/BooksTrackerFeature_const_extract_protocols.json -Xcc -I/Users/juju/dev_repos/books-v3/.build/Build/Products/Debug-iphonesimulator/include -Xcc -I/Users/juju/dev_repos/books-v3/.build/Build/Intermediates.noindex/BooksTrackerFeature.build/Debug-iphonesimulator/BooksTrackerFeature.build/DerivedSources-normal/x86_64 -Xcc -I/Users/juju/dev_repos/books-v3/.build/Build/Intermediates.noindex/BooksTrackerFeature.build/Debug-iphonesimulator/BooksTrackerFeature.build/DerivedSources/x86_64 -Xcc -I/Users/juju/dev_repos/books-v3/.build/Build/Intermediates.noindex/BooksTrackerFeature.build/Debug-iphonesimulator/BooksTrackerFeature.build/DerivedSources -Xcc -DSWIFT_PACKAGE -Xcc -DDEBUG\=1 -emit-objc-header -emit-objc-header-path /Users/juju/dev_repos/books-v3/.build/Build/Intermediates.noindex/BooksTrackerFeature.build/Debug-iphonesimulator/BooksTrackerFeature.build/Objects-normal/x86_64/BooksTrackerFeature-Swift.h -working-directory /Users/juju/dev_repos/books-v3 -experimental-emit-module-separately -disable-cmo

SwiftDriverJobDiscovery normal arm64 Emitting module for BooksTrackerFeature (in target 'BooksTrackerFeature' from project 'BooksTrackerFeature')

SwiftDriver\ Compilation\ Requirements BooksTrackerFeature normal arm64 com.apple.xcode.tools.swift.compiler (in target 'BooksTrackerFeature' from project 'BooksTrackerFeature')
    cd /Users/juju/dev_repos/books-v3
    builtin-Swift-Compilation-Requirements -- /Applications/Xcode-beta.app/Contents/Developer/Toolchains/XcodeDefault.xctoolchain/usr/bin/swiftc -module-name BooksTrackerFeature -Onone -enforce-exclusivity\=checked @/Users/juju/dev_repos/books-v3/.build/Build/Intermediates.noindex/BooksTrackerFeature.build/Debug-iphonesimulator/BooksTrackerFeature.build/Objects-normal/arm64/BooksTrackerFeature.SwiftFileList -DSWIFT_PACKAGE -DDEBUG -DSWIFT_MODULE_RESOURCE_BUNDLE_UNAVAILABLE -DXcode -plugin-path /Applications/Xcode-beta.app/Contents/Developer/Toolchains/XcodeDefault.xctoolchain/usr/lib/swift/host/plugins/testing -enable-experimental-feature DebugDescriptionMacro -sdk /Applications/Xcode-beta.app/Contents/Developer/Platforms/iPhoneSimulator.platform/Developer/SDKs/iPhoneSimulator26.2.sdk -target arm64-apple-ios26.0-simulator -g -module-cache-path /Users/juju/dev_repos/books-v3/.build/ModuleCache.noindex -Xfrontend -serialize-debugging-options -profile-coverage-mapping -profile-generate -enable-testing -index-store-path /Users/juju/dev_repos/books-v3/.build/Index.noindex/DataStore -Xcc -D_LIBCPP_HARDENING_MODE\=_LIBCPP_HARDENING_MODE_DEBUG -swift-version 6 -I /Users/juju/dev_repos/books-v3/.build/Build/Products/Debug-iphonesimulator -Isystem /Applications/Xcode-beta.app/Contents/Developer/Platforms/iPhoneSimulator.platform/Developer/usr/lib -F /Users/juju/dev_repos/books-v3/.build/Build/Products/Debug-iphonesimulator -F /Applications/Xcode-beta.app/Contents/Developer/Platforms/iPhoneSimulator.platform/Developer/Library/Frameworks -F /Applications/Xcode-beta.app/Contents/Developer/Platforms/iPhoneSimulator.platform/Developer/SDKs/iPhoneSimulator26.2.sdk/Developer/Library/Frameworks -c -j10 -enable-batch-mode -incremental -Xcc -ivfsstatcache -Xcc /Users/juju/dev_repos/books-v3/.build/SDKStatCaches.noindex/iphonesimulator26.2-23C5044a-c6bb09c85eeb1a59968f08cee6a58242.sdkstatcache -output-file-map /Users/juju/dev_repos/books-v3/.build/Build/Intermediates.noindex/BooksTrackerFeature.build/Debug-iphonesimulator/BooksTrackerFeature.build/Objects-normal/arm64/BooksTrackerFeature-OutputFileMap.json -use-frontend-parseable-output -save-temps -no-color-diagnostics -explicit-module-build -module-cache-path /Users/juju/dev_repos/books-v3/.build/Build/Intermediates.noindex/SwiftExplicitPrecompiledModules -clang-scanner-module-cache-path /Users/juju/dev_repos/books-v3/.build/ModuleCache.noindex -sdk-module-cache-path /Users/juju/dev_repos/books-v3/.build/ModuleCache.noindex -serialize-diagnostics -emit-dependencies -emit-module -emit-module-path /Users/juju/dev_repos/books-v3/.build/Build/Intermediates.noindex/BooksTrackerFeature.build/Debug-iphonesimulator/BooksTrackerFeature.build/Objects-normal/arm64/BooksTrackerFeature.swiftmodule -validate-clang-modules-once -clang-build-session-file /Users/juju/dev_repos/books-v3/.build/ModuleCache.noindex/Session.modulevalidation -package-name bookstrackerpackage -Xcc -I/Users/juju/dev_repos/books-v3/.build/Build/Intermediates.noindex/BooksTrackerFeature.build/Debug-iphonesimulator/BooksTrackerFeature.build/swift-overrides.hmap -emit-const-values -Xfrontend -const-gather-protocols-file -Xfrontend /Users/juju/dev_repos/books-v3/.build/Build/Intermediates.noindex/BooksTrackerFeature.build/Debug-iphonesimulator/BooksTrackerFeature.build/Objects-normal/arm64/BooksTrackerFeature_const_extract_protocols.json -Xcc -I/Users/juju/dev_repos/books-v3/.build/Build/Products/Debug-iphonesimulator/include -Xcc -I/Users/juju/dev_repos/books-v3/.build/Build/Intermediates.noindex/BooksTrackerFeature.build/Debug-iphonesimulator/BooksTrackerFeature.build/DerivedSources-normal/arm64 -Xcc -I/Users/juju/dev_repos/books-v3/.build/Build/Intermediates.noindex/BooksTrackerFeature.build/Debug-iphonesimulator/BooksTrackerFeature.build/DerivedSources/arm64 -Xcc -I/Users/juju/dev_repos/books-v3/.build/Build/Intermediates.noindex/BooksTrackerFeature.build/Debug-iphonesimulator/BooksTrackerFeature.build/DerivedSources -Xcc -DSWIFT_PACKAGE -Xcc -DDEBUG\=1 -emit-objc-header -emit-objc-header-path /Users/juju/dev_repos/books-v3/.build/Build/Intermediates.noindex/BooksTrackerFeature.build/Debug-iphonesimulator/BooksTrackerFeature.build/Objects-normal/arm64/BooksTrackerFeature-Swift.h -working-directory /Users/juju/dev_repos/books-v3 -experimental-emit-module-separately -disable-cmo

SwiftCompile normal arm64 Compiling\ UserLibraryEntry.swift,\ CelebrationView.swift,\ ConfidenceBadge.swift,\ DiversityCompletionWidget.swift,\ HorizontalBookCarousel.swift,\ AlphabeticalIndexView.swift,\ ProgressiveProfilingSheet.swift,\ RepresentationRadarChart.swift,\ StreakVisualizationView.swift,\ WeeklyPicksView.swift,\ WorkflowProgressView.swift,\ Work.swift,\ WorkDetailView.swift,\ WorkDiscoveryView.swift,\ iOS26AdaptiveBookCard.swift,\ iOS26FloatingBookCard.swift,\ iOS26FluidGridSystem.swift,\ iOS26GlassModifiers.swift,\ iOS26LiquidLibraryView.swift,\ iOS26LiquidListRow.swift,\ iOS26ThemeSystem.swift /Users/juju/dev_repos/books-v3/BooksTrackerPackage/Sources/BooksTrackerFeature/UserLibraryEntry.swift /Users/juju/dev_repos/books-v3/BooksTrackerPackage/Sources/BooksTrackerFeature/Views/Components/CelebrationView.swift /Users/juju/dev_repos/books-v3/BooksTrackerPackage/Sources/BooksTrackerFeature/Views/Components/ConfidenceBadge.swift /Users/juju/dev_repos/books-v3/BooksTrackerPackage/Sources/BooksTrackerFeature/Views/DiversityCompletionWidget.swift /Users/juju/dev_repos/books-v3/BooksTrackerPackage/Sources/BooksTrackerFeature/Views/HorizontalBookCarousel.swift /Users/juju/dev_repos/books-v3/BooksTrackerPackage/Sources/BooksTrackerFeature/Views/Library/AlphabeticalIndexView.swift /Users/juju/dev_repos/books-v3/BooksTrackerPackage/Sources/BooksTrackerFeature/Views/ProgressiveProfilingSheet.swift /Users/juju/dev_repos/books-v3/BooksTrackerPackage/Sources/BooksTrackerFeature/Views/RepresentationRadarChart.swift /Users/juju/dev_repos/books-v3/BooksTrackerPackage/Sources/BooksTrackerFeature/Views/StreakVisualizationView.swift /Users/juju/dev_repos/books-v3/BooksTrackerPackage/Sources/BooksTrackerFeature/Views/WeeklyPicksView.swift /Users/juju/dev_repos/books-v3/BooksTrackerPackage/Sources/BooksTrackerFeature/Views/WorkflowProgressView.swift /Users/juju/dev_repos/books-v3/BooksTrackerPackage/Sources/BooksTrackerFeature/Work.swift /Users/juju/dev_repos/books-v3/BooksTrackerPackage/Sources/BooksTrackerFeature/WorkDetailView.swift /Users/juju/dev_repos/books-v3/BooksTrackerPackage/Sources/BooksTrackerFeature/WorkDiscoveryView.swift /Users/juju/dev_repos/books-v3/BooksTrackerPackage/Sources/BooksTrackerFeature/iOS26AdaptiveBookCard.swift /Users/juju/dev_repos/books-v3/BooksTrackerPackage/Sources/BooksTrackerFeature/iOS26FloatingBookCard.swift /Users/juju/dev_repos/books-v3/BooksTrackerPackage/Sources/BooksTrackerFeature/iOS26FluidGridSystem.swift /Users/juju/dev_repos/books-v3/BooksTrackerPackage/Sources/BooksTrackerFeature/iOS26GlassModifiers.swift /Users/juju/dev_repos/books-v3/BooksTrackerPackage/Sources/BooksTrackerFeature/iOS26LiquidLibraryView.swift /Users/juju/dev_repos/books-v3/BooksTrackerPackage/Sources/BooksTrackerFeature/iOS26LiquidListRow.swift /Users/juju/dev_repos/books-v3/BooksTrackerPackage/Sources/BooksTrackerFeature/iOS26ThemeSystem.swift (in target 'BooksTrackerFeature' from project 'BooksTrackerFeature')

SwiftCompile normal arm64 /Users/juju/dev_repos/books-v3/BooksTrackerPackage/Sources/BooksTrackerFeature/UserLibraryEntry.swift (in target 'BooksTrackerFeature' from project 'BooksTrackerFeature')
    cd /Users/juju/dev_repos/books-v3
    

SwiftCompile normal arm64 /Users/juju/dev_repos/books-v3/BooksTrackerPackage/Sources/BooksTrackerFeature/Views/Components/CelebrationView.swift (in target 'BooksTrackerFeature' from project 'BooksTrackerFeature')
    cd /Users/juju/dev_repos/books-v3
    

SwiftCompile normal arm64 /Users/juju/dev_repos/books-v3/BooksTrackerPackage/Sources/BooksTrackerFeature/Views/Components/ConfidenceBadge.swift (in target 'BooksTrackerFeature' from project 'BooksTrackerFeature')
    cd /Users/juju/dev_repos/books-v3
    

SwiftCompile normal arm64 /Users/juju/dev_repos/books-v3/BooksTrackerPackage/Sources/BooksTrackerFeature/Views/DiversityCompletionWidget.swift (in target 'BooksTrackerFeature' from project 'BooksTrackerFeature')
    cd /Users/juju/dev_repos/books-v3
    

SwiftCompile normal arm64 /Users/juju/dev_repos/books-v3/BooksTrackerPackage/Sources/BooksTrackerFeature/Views/HorizontalBookCarousel.swift (in target 'BooksTrackerFeature' from project 'BooksTrackerFeature')
    cd /Users/juju/dev_repos/books-v3
    

SwiftCompile normal arm64 /Users/juju/dev_repos/books-v3/BooksTrackerPackage/Sources/BooksTrackerFeature/Views/Library/AlphabeticalIndexView.swift (in target 'BooksTrackerFeature' from project 'BooksTrackerFeature')
    cd /Users/juju/dev_repos/books-v3
    

SwiftCompile normal arm64 /Users/juju/dev_repos/books-v3/BooksTrackerPackage/Sources/BooksTrackerFeature/Views/ProgressiveProfilingSheet.swift (in target 'BooksTrackerFeature' from project 'BooksTrackerFeature')
    cd /Users/juju/dev_repos/books-v3
    

SwiftCompile normal arm64 /Users/juju/dev_repos/books-v3/BooksTrackerPackage/Sources/BooksTrackerFeature/Views/RepresentationRadarChart.swift (in target 'BooksTrackerFeature' from project 'BooksTrackerFeature')
    cd /Users/juju/dev_repos/books-v3
    

SwiftCompile normal arm64 /Users/juju/dev_repos/books-v3/BooksTrackerPackage/Sources/BooksTrackerFeature/Views/StreakVisualizationView.swift (in target 'BooksTrackerFeature' from project 'BooksTrackerFeature')
    cd /Users/juju/dev_repos/books-v3
    

SwiftCompile normal arm64 /Users/juju/dev_repos/books-v3/BooksTrackerPackage/Sources/BooksTrackerFeature/Views/WeeklyPicksView.swift (in target 'BooksTrackerFeature' from project 'BooksTrackerFeature')
    cd /Users/juju/dev_repos/books-v3
    

SwiftCompile normal arm64 /Users/juju/dev_repos/books-v3/BooksTrackerPackage/Sources/BooksTrackerFeature/Views/WorkflowProgressView.swift (in target 'BooksTrackerFeature' from project 'BooksTrackerFeature')
    cd /Users/juju/dev_repos/books-v3
    

SwiftCompile normal arm64 /Users/juju/dev_repos/books-v3/BooksTrackerPackage/Sources/BooksTrackerFeature/Work.swift (in target 'BooksTrackerFeature' from project 'BooksTrackerFeature')
    cd /Users/juju/dev_repos/books-v3
    

SwiftCompile normal arm64 /Users/juju/dev_repos/books-v3/BooksTrackerPackage/Sources/BooksTrackerFeature/WorkDetailView.swift (in target 'BooksTrackerFeature' from project 'BooksTrackerFeature')
    cd /Users/juju/dev_repos/books-v3
    

SwiftCompile normal arm64 /Users/juju/dev_repos/books-v3/BooksTrackerPackage/Sources/BooksTrackerFeature/WorkDiscoveryView.swift (in target 'BooksTrackerFeature' from project 'BooksTrackerFeature')
    cd /Users/juju/dev_repos/books-v3
    

SwiftCompile normal arm64 /Users/juju/dev_repos/books-v3/BooksTrackerPackage/Sources/BooksTrackerFeature/iOS26AdaptiveBookCard.swift (in target 'BooksTrackerFeature' from project 'BooksTrackerFeature')
    cd /Users/juju/dev_repos/books-v3
    

SwiftCompile normal arm64 /Users/juju/dev_repos/books-v3/BooksTrackerPackage/Sources/BooksTrackerFeature/iOS26FloatingBookCard.swift (in target 'BooksTrackerFeature' from project 'BooksTrackerFeature')
    cd /Users/juju/dev_repos/books-v3
    

SwiftCompile normal arm64 /Users/juju/dev_repos/books-v3/BooksTrackerPackage/Sources/BooksTrackerFeature/iOS26FluidGridSystem.swift (in target 'BooksTrackerFeature' from project 'BooksTrackerFeature')
    cd /Users/juju/dev_repos/books-v3
    

SwiftCompile normal arm64 /Users/juju/dev_repos/books-v3/BooksTrackerPackage/Sources/BooksTrackerFeature/iOS26GlassModifiers.swift (in target 'BooksTrackerFeature' from project 'BooksTrackerFeature')
    cd /Users/juju/dev_repos/books-v3
    

SwiftCompile normal arm64 /Users/juju/dev_repos/books-v3/BooksTrackerPackage/Sources/BooksTrackerFeature/iOS26LiquidLibraryView.swift (in target 'BooksTrackerFeature' from project 'BooksTrackerFeature')
    cd /Users/juju/dev_repos/books-v3
    

SwiftCompile normal arm64 /Users/juju/dev_repos/books-v3/BooksTrackerPackage/Sources/BooksTrackerFeature/iOS26LiquidListRow.swift (in target 'BooksTrackerFeature' from project 'BooksTrackerFeature')
    cd /Users/juju/dev_repos/books-v3
    

SwiftCompile normal arm64 /Users/juju/dev_repos/books-v3/BooksTrackerPackage/Sources/BooksTrackerFeature/iOS26ThemeSystem.swift (in target 'BooksTrackerFeature' from project 'BooksTrackerFeature')
    cd /Users/juju/dev_repos/books-v3
    

SwiftMergeGeneratedHeaders /Users/juju/dev_repos/books-v3/.build/Build/Intermediates.noindex/GeneratedModuleMaps-iphonesimulator/BooksTrackerFeature-Swift.h /Users/juju/dev_repos/books-v3/.build/Build/Intermediates.noindex/BooksTrackerFeature.build/Debug-iphonesimulator/BooksTrackerFeature.build/Objects-normal/arm64/BooksTrackerFeature-Swift.h /Users/juju/dev_repos/books-v3/.build/Build/Intermediates.noindex/BooksTrackerFeature.build/Debug-iphonesimulator/BooksTrackerFeature.build/Objects-normal/x86_64/BooksTrackerFeature-Swift.h (in target 'BooksTrackerFeature' from project 'BooksTrackerFeature')
    cd /Users/juju/dev_repos/books-v3/BooksTrackerPackage
    builtin-swiftHeaderTool -arch arm64 /Users/juju/dev_repos/books-v3/.build/Build/Intermediates.noindex/BooksTrackerFeature.build/Debug-iphonesimulator/BooksTrackerFeature.build/Objects-normal/arm64/BooksTrackerFeature-Swift.h -arch x86_64 /Users/juju/dev_repos/books-v3/.build/Build/Intermediates.noindex/BooksTrackerFeature.build/Debug-iphonesimulator/BooksTrackerFeature.build/Objects-normal/x86_64/BooksTrackerFeature-Swift.h -o /Users/juju/dev_repos/books-v3/.build/Build/Intermediates.noindex/GeneratedModuleMaps-iphonesimulator/BooksTrackerFeature-Swift.h

SwiftDriverJobDiscovery normal x86_64 Compiling EditionMetadataView.swift, EndSessionSheet.swift, EnrichmentCompletionToast.swift, EnrichmentErrorToast.swift, EnrichmentIndicator.swift, GenreTagView.swift, GlassCard.swift, LibraryStatusBadge.swift, NotesEditorView.swift, RateLimitBanner.swift, ScaleButtonStyle.swift, StarRatingView.swift, ContentView.swift, ApiErrorCode.swift, AuthorDTO.swift, BatchEnrichmentPayload.swift, DTOEnums.swift, EditionDTO.swift, EnrichedBookDTO.swift, ErrorResponseDTO.swift, ListWorkDTO.swift (in target 'BooksTrackerFeature' from project 'BooksTrackerFeature')

Copy /Users/juju/dev_repos/books-v3/.build/Build/Products/Debug-iphonesimulator/BooksTrackerFeature.swiftmodule/x86_64-apple-ios-simulator.swiftmodule /Users/juju/dev_repos/books-v3/.build/Build/Intermediates.noindex/BooksTrackerFeature.build/Debug-iphonesimulator/BooksTrackerFeature.build/Objects-normal/x86_64/BooksTrackerFeature.swiftmodule (in target 'BooksTrackerFeature' from project 'BooksTrackerFeature')
    cd /Users/juju/dev_repos/books-v3/BooksTrackerPackage
    builtin-copy -exclude .DS_Store -exclude CVS -exclude .svn -exclude .git -exclude .hg -resolve-src-symlinks -rename /Users/juju/dev_repos/books-v3/.build/Build/Intermediates.noindex/BooksTrackerFeature.build/Debug-iphonesimulator/BooksTrackerFeature.build/Objects-normal/x86_64/BooksTrackerFeature.swiftmodule /Users/juju/dev_repos/books-v3/.build/Build/Products/Debug-iphonesimulator/BooksTrackerFeature.swiftmodule/x86_64-apple-ios-simulator.swiftmodule

Copy /Users/juju/dev_repos/books-v3/.build/Build/Products/Debug-iphonesimulator/BooksTrackerFeature.swiftmodule/x86_64-apple-ios-simulator.swiftdoc /Users/juju/dev_repos/books-v3/.build/Build/Intermediates.noindex/BooksTrackerFeature.build/Debug-iphonesimulator/BooksTrackerFeature.build/Objects-normal/x86_64/BooksTrackerFeature.swiftdoc (in target 'BooksTrackerFeature' from project 'BooksTrackerFeature')
    cd /Users/juju/dev_repos/books-v3/BooksTrackerPackage
    builtin-copy -exclude .DS_Store -exclude CVS -exclude .svn -exclude .git -exclude .hg -resolve-src-symlinks -rename /Users/juju/dev_repos/books-v3/.build/Build/Intermediates.noindex/BooksTrackerFeature.build/Debug-iphonesimulator/BooksTrackerFeature.build/Objects-normal/x86_64/BooksTrackerFeature.swiftdoc /Users/juju/dev_repos/books-v3/.build/Build/Products/Debug-iphonesimulator/BooksTrackerFeature.swiftmodule/x86_64-apple-ios-simulator.swiftdoc

Copy /Users/juju/dev_repos/books-v3/.build/Build/Products/Debug-iphonesimulator/BooksTrackerFeature.swiftmodule/x86_64-apple-ios-simulator.abi.json /Users/juju/dev_repos/books-v3/.build/Build/Intermediates.noindex/BooksTrackerFeature.build/Debug-iphonesimulator/BooksTrackerFeature.build/Objects-normal/x86_64/BooksTrackerFeature.abi.json (in target 'BooksTrackerFeature' from project 'BooksTrackerFeature')
    cd /Users/juju/dev_repos/books-v3/BooksTrackerPackage
    builtin-copy -exclude .DS_Store -exclude CVS -exclude .svn -exclude .git -exclude .hg -resolve-src-symlinks -rename /Users/juju/dev_repos/books-v3/.build/Build/Intermediates.noindex/BooksTrackerFeature.build/Debug-iphonesimulator/BooksTrackerFeature.build/Objects-normal/x86_64/BooksTrackerFeature.abi.json /Users/juju/dev_repos/books-v3/.build/Build/Products/Debug-iphonesimulator/BooksTrackerFeature.swiftmodule/x86_64-apple-ios-simulator.abi.json

Copy /Users/juju/dev_repos/books-v3/.build/Build/Products/Debug-iphonesimulator/BooksTrackerFeature.swiftmodule/arm64-apple-ios-simulator.swiftmodule /Users/juju/dev_repos/books-v3/.build/Build/Intermediates.noindex/BooksTrackerFeature.build/Debug-iphonesimulator/BooksTrackerFeature.build/Objects-normal/arm64/BooksTrackerFeature.swiftmodule (in target 'BooksTrackerFeature' from project 'BooksTrackerFeature')
    cd /Users/juju/dev_repos/books-v3/BooksTrackerPackage
    builtin-copy -exclude .DS_Store -exclude CVS -exclude .svn -exclude .git -exclude .hg -resolve-src-symlinks -rename /Users/juju/dev_repos/books-v3/.build/Build/Intermediates.noindex/BooksTrackerFeature.build/Debug-iphonesimulator/BooksTrackerFeature.build/Objects-normal/arm64/BooksTrackerFeature.swiftmodule /Users/juju/dev_repos/books-v3/.build/Build/Products/Debug-iphonesimulator/BooksTrackerFeature.swiftmodule/arm64-apple-ios-simulator.swiftmodule

Copy /Users/juju/dev_repos/books-v3/.build/Build/Products/Debug-iphonesimulator/BooksTrackerFeature.swiftmodule/arm64-apple-ios-simulator.swiftdoc /Users/juju/dev_repos/books-v3/.build/Build/Intermediates.noindex/BooksTrackerFeature.build/Debug-iphonesimulator/BooksTrackerFeature.build/Objects-normal/arm64/BooksTrackerFeature.swiftdoc (in target 'BooksTrackerFeature' from project 'BooksTrackerFeature')
    cd /Users/juju/dev_repos/books-v3/BooksTrackerPackage
    builtin-copy -exclude .DS_Store -exclude CVS -exclude .svn -exclude .git -exclude .hg -resolve-src-symlinks -rename /Users/juju/dev_repos/books-v3/.build/Build/Intermediates.noindex/BooksTrackerFeature.build/Debug-iphonesimulator/BooksTrackerFeature.build/Objects-normal/arm64/BooksTrackerFeature.swiftdoc /Users/juju/dev_repos/books-v3/.build/Build/Products/Debug-iphonesimulator/BooksTrackerFeature.swiftmodule/arm64-apple-ios-simulator.swiftdoc

Copy /Users/juju/dev_repos/books-v3/.build/Build/Products/Debug-iphonesimulator/BooksTrackerFeature.swiftmodule/arm64-apple-ios-simulator.abi.json /Users/juju/dev_repos/books-v3/.build/Build/Intermediates.noindex/BooksTrackerFeature.build/Debug-iphonesimulator/BooksTrackerFeature.build/Objects-normal/arm64/BooksTrackerFeature.abi.json (in target 'BooksTrackerFeature' from project 'BooksTrackerFeature')
    cd /Users/juju/dev_repos/books-v3/BooksTrackerPackage
    builtin-copy -exclude .DS_Store -exclude CVS -exclude .svn -exclude .git -exclude .hg -resolve-src-symlinks -rename /Users/juju/dev_repos/books-v3/.build/Build/Intermediates.noindex/BooksTrackerFeature.build/Debug-iphonesimulator/BooksTrackerFeature.build/Objects-normal/arm64/BooksTrackerFeature.abi.json /Users/juju/dev_repos/books-v3/.build/Build/Products/Debug-iphonesimulator/BooksTrackerFeature.swiftmodule/arm64-apple-ios-simulator.abi.json

Copy /Users/juju/dev_repos/books-v3/.build/Build/Products/Debug-iphonesimulator/BooksTrackerFeature.swiftmodule/Project/x86_64-apple-ios-simulator.swiftsourceinfo /Users/juju/dev_repos/books-v3/.build/Build/Intermediates.noindex/BooksTrackerFeature.build/Debug-iphonesimulator/BooksTrackerFeature.build/Objects-normal/x86_64/BooksTrackerFeature.swiftsourceinfo (in target 'BooksTrackerFeature' from project 'BooksTrackerFeature')
    cd /Users/juju/dev_repos/books-v3/BooksTrackerPackage
    builtin-copy -exclude .DS_Store -exclude CVS -exclude .svn -exclude .git -exclude .hg -resolve-src-symlinks -rename /Users/juju/dev_repos/books-v3/.build/Build/Intermediates.noindex/BooksTrackerFeature.build/Debug-iphonesimulator/BooksTrackerFeature.build/Objects-normal/x86_64/BooksTrackerFeature.swiftsourceinfo /Users/juju/dev_repos/books-v3/.build/Build/Products/Debug-iphonesimulator/BooksTrackerFeature.swiftmodule/Project/x86_64-apple-ios-simulator.swiftsourceinfo

Copy /Users/juju/dev_repos/books-v3/.build/Build/Products/Debug-iphonesimulator/BooksTrackerFeature.swiftmodule/Project/arm64-apple-ios-simulator.swiftsourceinfo /Users/juju/dev_repos/books-v3/.build/Build/Intermediates.noindex/BooksTrackerFeature.build/Debug-iphonesimulator/BooksTrackerFeature.build/Objects-normal/arm64/BooksTrackerFeature.swiftsourceinfo (in target 'BooksTrackerFeature' from project 'BooksTrackerFeature')
    cd /Users/juju/dev_repos/books-v3/BooksTrackerPackage
    builtin-copy -exclude .DS_Store -exclude CVS -exclude .svn -exclude .git -exclude .hg -resolve-src-symlinks -rename /Users/juju/dev_repos/books-v3/.build/Build/Intermediates.noindex/BooksTrackerFeature.build/Debug-iphonesimulator/BooksTrackerFeature.build/Objects-normal/arm64/BooksTrackerFeature.swiftsourceinfo /Users/juju/dev_repos/books-v3/.build/Build/Products/Debug-iphonesimulator/BooksTrackerFeature.swiftmodule/Project/arm64-apple-ios-simulator.swiftsourceinfo

SwiftCompile normal arm64 Compiling\ APIError.swift,\ AuthTokenProvider.swift,\ BooksTrackAPI+Enrichment.swift,\ BooksTrackAPI+Import.swift,\ BooksTrackAPI+Search.swift,\ BooksTrackAPI.swift,\ DTOs.swift,\ PollingUtility.swift,\ SSEClient.swift,\ SSEModels.swift,\ SSEResponseHandler.swift,\ AboutMakerView.swift,\ AcknowledgementsView.swift,\ AdvancedSearchView.swift,\ AnnotationsModule.swift,\ Author.swift,\ BentoGridView.swift,\ BookActionsModule.swift,\ BatchCaptureView.swift,\ BookshelfScannerView.swift,\ BoundingBoxOverlayView.swift /Users/juju/dev_repos/books-v3/BooksTrackerPackage/Sources/BooksTrackerFeature/API/APIError.swift /Users/juju/dev_repos/books-v3/BooksTrackerPackage/Sources/BooksTrackerFeature/API/AuthTokenProvider.swift /Users/juju/dev_repos/books-v3/BooksTrackerPackage/Sources/BooksTrackerFeature/API/BooksTrackAPI+Enrichment.swift /Users/juju/dev_repos/books-v3/BooksTrackerPackage/Sources/BooksTrackerFeature/API/BooksTrackAPI+Import.swift /Users/juju/dev_repos/books-v3/BooksTrackerPackage/Sources/BooksTrackerFeature/API/BooksTrackAPI+Search.swift /Users/juju/dev_repos/books-v3/BooksTrackerPackage/Sources/BooksTrackerFeature/API/BooksTrackAPI.swift /Users/juju/dev_repos/books-v3/BooksTrackerPackage/Sources/BooksTrackerFeature/API/DTOs.swift /Users/juju/dev_repos/books-v3/BooksTrackerPackage/Sources/BooksTrackerFeature/API/PollingUtility.swift /Users/juju/dev_repos/books-v3/BooksTrackerPackage/Sources/BooksTrackerFeature/API/SSEClient.swift /Users/juju/dev_repos/books-v3/BooksTrackerPackage/Sources/BooksTrackerFeature/API/SSEModels.swift /Users/juju/dev_repos/books-v3/BooksTrackerPackage/Sources/BooksTrackerFeature/API/SSEResponseHandler.swift /Users/juju/dev_repos/books-v3/BooksTrackerPackage/Sources/BooksTrackerFeature/AboutMakerView.swift /Users/juju/dev_repos/books-v3/BooksTrackerPackage/Sources/BooksTrackerFeature/AcknowledgementsView.swift /Users/juju/dev_repos/books-v3/BooksTrackerPackage/Sources/BooksTrackerFeature/AdvancedSearchView.swift /Users/juju/dev_repos/books-v3/BooksTrackerPackage/Sources/BooksTrackerFeature/AnnotationsModule.swift /Users/juju/dev_repos/books-v3/BooksTrackerPackage/Sources/BooksTrackerFeature/Author.swift /Users/juju/dev_repos/books-v3/BooksTrackerPackage/Sources/BooksTrackerFeature/BentoGridView.swift /Users/juju/dev_repos/books-v3/BooksTrackerPackage/Sources/BooksTrackerFeature/BookActionsModule.swift /Users/juju/dev_repos/books-v3/BooksTrackerPackage/Sources/BooksTrackerFeature/BookshelfScanning/BatchCaptureView.swift /Users/juju/dev_repos/books-v3/BooksTrackerPackage/Sources/BooksTrackerFeature/BookshelfScanning/BookshelfScannerView.swift /Users/juju/dev_repos/books-v3/BooksTrackerPackage/Sources/BooksTrackerFeature/BookshelfScanning/BoundingBoxOverlayView.swift (in target 'BooksTrackerFeature' from project 'BooksTrackerFeature')

SwiftCompile normal arm64 /Users/juju/dev_repos/books-v3/BooksTrackerPackage/Sources/BooksTrackerFeature/API/APIError.swift (in target 'BooksTrackerFeature' from project 'BooksTrackerFeature')
    cd /Users/juju/dev_repos/books-v3
    

SwiftCompile normal arm64 /Users/juju/dev_repos/books-v3/BooksTrackerPackage/Sources/BooksTrackerFeature/API/AuthTokenProvider.swift (in target 'BooksTrackerFeature' from project 'BooksTrackerFeature')
    cd /Users/juju/dev_repos/books-v3
    

SwiftCompile normal arm64 /Users/juju/dev_repos/books-v3/BooksTrackerPackage/Sources/BooksTrackerFeature/API/BooksTrackAPI+Enrichment.swift (in target 'BooksTrackerFeature' from project 'BooksTrackerFeature')
    cd /Users/juju/dev_repos/books-v3
    

SwiftCompile normal arm64 /Users/juju/dev_repos/books-v3/BooksTrackerPackage/Sources/BooksTrackerFeature/API/BooksTrackAPI+Import.swift (in target 'BooksTrackerFeature' from project 'BooksTrackerFeature')
    cd /Users/juju/dev_repos/books-v3
    

SwiftCompile normal arm64 /Users/juju/dev_repos/books-v3/BooksTrackerPackage/Sources/BooksTrackerFeature/API/BooksTrackAPI+Search.swift (in target 'BooksTrackerFeature' from project 'BooksTrackerFeature')
    cd /Users/juju/dev_repos/books-v3
    

SwiftCompile normal arm64 /Users/juju/dev_repos/books-v3/BooksTrackerPackage/Sources/BooksTrackerFeature/API/BooksTrackAPI.swift (in target 'BooksTrackerFeature' from project 'BooksTrackerFeature')
    cd /Users/juju/dev_repos/books-v3
    

SwiftCompile normal arm64 /Users/juju/dev_repos/books-v3/BooksTrackerPackage/Sources/BooksTrackerFeature/API/DTOs.swift (in target 'BooksTrackerFeature' from project 'BooksTrackerFeature')
    cd /Users/juju/dev_repos/books-v3
    

SwiftCompile normal arm64 /Users/juju/dev_repos/books-v3/BooksTrackerPackage/Sources/BooksTrackerFeature/API/PollingUtility.swift (in target 'BooksTrackerFeature' from project 'BooksTrackerFeature')
    cd /Users/juju/dev_repos/books-v3
    

SwiftCompile normal arm64 /Users/juju/dev_repos/books-v3/BooksTrackerPackage/Sources/BooksTrackerFeature/API/SSEClient.swift (in target 'BooksTrackerFeature' from project 'BooksTrackerFeature')
    cd /Users/juju/dev_repos/books-v3
    

SwiftCompile normal arm64 /Users/juju/dev_repos/books-v3/BooksTrackerPackage/Sources/BooksTrackerFeature/API/SSEModels.swift (in target 'BooksTrackerFeature' from project 'BooksTrackerFeature')
    cd /Users/juju/dev_repos/books-v3
    

SwiftCompile normal arm64 /Users/juju/dev_repos/books-v3/BooksTrackerPackage/Sources/BooksTrackerFeature/API/SSEResponseHandler.swift (in target 'BooksTrackerFeature' from project 'BooksTrackerFeature')
    cd /Users/juju/dev_repos/books-v3
    

SwiftCompile normal arm64 /Users/juju/dev_repos/books-v3/BooksTrackerPackage/Sources/BooksTrackerFeature/AboutMakerView.swift (in target 'BooksTrackerFeature' from project 'BooksTrackerFeature')
    cd /Users/juju/dev_repos/books-v3
    

SwiftCompile normal arm64 /Users/juju/dev_repos/books-v3/BooksTrackerPackage/Sources/BooksTrackerFeature/AcknowledgementsView.swift (in target 'BooksTrackerFeature' from project 'BooksTrackerFeature')
    cd /Users/juju/dev_repos/books-v3
    

SwiftCompile normal arm64 /Users/juju/dev_repos/books-v3/BooksTrackerPackage/Sources/BooksTrackerFeature/AdvancedSearchView.swift (in target 'BooksTrackerFeature' from project 'BooksTrackerFeature')
    cd /Users/juju/dev_repos/books-v3
    

SwiftCompile normal arm64 /Users/juju/dev_repos/books-v3/BooksTrackerPackage/Sources/BooksTrackerFeature/AnnotationsModule.swift (in target 'BooksTrackerFeature' from project 'BooksTrackerFeature')
    cd /Users/juju/dev_repos/books-v3
    

SwiftCompile normal arm64 /Users/juju/dev_repos/books-v3/BooksTrackerPackage/Sources/BooksTrackerFeature/Author.swift (in target 'BooksTrackerFeature' from project 'BooksTrackerFeature')
    cd /Users/juju/dev_repos/books-v3
    

SwiftCompile normal arm64 /Users/juju/dev_repos/books-v3/BooksTrackerPackage/Sources/BooksTrackerFeature/BentoGridView.swift (in target 'BooksTrackerFeature' from project 'BooksTrackerFeature')
    cd /Users/juju/dev_repos/books-v3
    

SwiftCompile normal arm64 /Users/juju/dev_repos/books-v3/BooksTrackerPackage/Sources/BooksTrackerFeature/BookActionsModule.swift (in target 'BooksTrackerFeature' from project 'BooksTrackerFeature')
    cd /Users/juju/dev_repos/books-v3
    

SwiftCompile normal arm64 /Users/juju/dev_repos/books-v3/BooksTrackerPackage/Sources/BooksTrackerFeature/BookshelfScanning/BatchCaptureView.swift (in target 'BooksTrackerFeature' from project 'BooksTrackerFeature')
    cd /Users/juju/dev_repos/books-v3
    

SwiftCompile normal arm64 /Users/juju/dev_repos/books-v3/BooksTrackerPackage/Sources/BooksTrackerFeature/BookshelfScanning/BookshelfScannerView.swift (in target 'BooksTrackerFeature' from project 'BooksTrackerFeature')
    cd /Users/juju/dev_repos/books-v3
    

SwiftCompile normal arm64 /Users/juju/dev_repos/books-v3/BooksTrackerPackage/Sources/BooksTrackerFeature/BookshelfScanning/BoundingBoxOverlayView.swift (in target 'BooksTrackerFeature' from project 'BooksTrackerFeature')
    cd /Users/juju/dev_repos/books-v3
    

SwiftDriverJobDiscovery normal x86_64 Compiling CacheHealthDebugView.swift, CachedAsyncImage.swift, CloudKitHelpView.swift, AIProvider.swift, EnrichmentAPIClient.swift, EnrichmentConfig.swift, EnrichmentResultsClient.swift, GenericWebSocketHandler.swift, JobModels.swift, KeychainHelper.swift, LoadingState.swift, SyncCoordinator.swift, WebSocketHelpers.swift, WebSocketProgressManager.swift, AuroraGradient.swift, BookCardAccessibility.swift, BookCardActions.swift, BookCardBadges.swift, BookCardMenus.swift, BookCardSkeleton.swift, BookMetadataRow.swift (in target 'BooksTrackerFeature' from project 'BooksTrackerFeature')

SwiftCompile normal x86_64 Compiling\ UserLibraryEntry.swift,\ CelebrationView.swift,\ ConfidenceBadge.swift,\ DiversityCompletionWidget.swift,\ HorizontalBookCarousel.swift,\ AlphabeticalIndexView.swift,\ ProgressiveProfilingSheet.swift,\ RepresentationRadarChart.swift,\ StreakVisualizationView.swift,\ WeeklyPicksView.swift,\ WorkflowProgressView.swift,\ Work.swift,\ WorkDetailView.swift,\ WorkDiscoveryView.swift,\ iOS26AdaptiveBookCard.swift,\ iOS26FloatingBookCard.swift,\ iOS26FluidGridSystem.swift,\ iOS26GlassModifiers.swift,\ iOS26LiquidLibraryView.swift,\ iOS26LiquidListRow.swift,\ iOS26ThemeSystem.swift /Users/juju/dev_repos/books-v3/BooksTrackerPackage/Sources/BooksTrackerFeature/UserLibraryEntry.swift /Users/juju/dev_repos/books-v3/BooksTrackerPackage/Sources/BooksTrackerFeature/Views/Components/CelebrationView.swift /Users/juju/dev_repos/books-v3/BooksTrackerPackage/Sources/BooksTrackerFeature/Views/Components/ConfidenceBadge.swift /Users/juju/dev_repos/books-v3/BooksTrackerPackage/Sources/BooksTrackerFeature/Views/DiversityCompletionWidget.swift /Users/juju/dev_repos/books-v3/BooksTrackerPackage/Sources/BooksTrackerFeature/Views/HorizontalBookCarousel.swift /Users/juju/dev_repos/books-v3/BooksTrackerPackage/Sources/BooksTrackerFeature/Views/Library/AlphabeticalIndexView.swift /Users/juju/dev_repos/books-v3/BooksTrackerPackage/Sources/BooksTrackerFeature/Views/ProgressiveProfilingSheet.swift /Users/juju/dev_repos/books-v3/BooksTrackerPackage/Sources/BooksTrackerFeature/Views/RepresentationRadarChart.swift /Users/juju/dev_repos/books-v3/BooksTrackerPackage/Sources/BooksTrackerFeature/Views/StreakVisualizationView.swift /Users/juju/dev_repos/books-v3/BooksTrackerPackage/Sources/BooksTrackerFeature/Views/WeeklyPicksView.swift /Users/juju/dev_repos/books-v3/BooksTrackerPackage/Sources/BooksTrackerFeature/Views/WorkflowProgressView.swift /Users/juju/dev_repos/books-v3/BooksTrackerPackage/Sources/BooksTrackerFeature/Work.swift /Users/juju/dev_repos/books-v3/BooksTrackerPackage/Sources/BooksTrackerFeature/WorkDetailView.swift /Users/juju/dev_repos/books-v3/BooksTrackerPackage/Sources/BooksTrackerFeature/WorkDiscoveryView.swift /Users/juju/dev_repos/books-v3/BooksTrackerPackage/Sources/BooksTrackerFeature/iOS26AdaptiveBookCard.swift /Users/juju/dev_repos/books-v3/BooksTrackerPackage/Sources/BooksTrackerFeature/iOS26FloatingBookCard.swift /Users/juju/dev_repos/books-v3/BooksTrackerPackage/Sources/BooksTrackerFeature/iOS26FluidGridSystem.swift /Users/juju/dev_repos/books-v3/BooksTrackerPackage/Sources/BooksTrackerFeature/iOS26GlassModifiers.swift /Users/juju/dev_repos/books-v3/BooksTrackerPackage/Sources/BooksTrackerFeature/iOS26LiquidLibraryView.swift /Users/juju/dev_repos/books-v3/BooksTrackerPackage/Sources/BooksTrackerFeature/iOS26LiquidListRow.swift /Users/juju/dev_repos/books-v3/BooksTrackerPackage/Sources/BooksTrackerFeature/iOS26ThemeSystem.swift (in target 'BooksTrackerFeature' from project 'BooksTrackerFeature')

SwiftCompile normal x86_64 /Users/juju/dev_repos/books-v3/BooksTrackerPackage/Sources/BooksTrackerFeature/UserLibraryEntry.swift (in target 'BooksTrackerFeature' from project 'BooksTrackerFeature')
    cd /Users/juju/dev_repos/books-v3
    

SwiftCompile normal x86_64 /Users/juju/dev_repos/books-v3/BooksTrackerPackage/Sources/BooksTrackerFeature/Views/Components/CelebrationView.swift (in target 'BooksTrackerFeature' from project 'BooksTrackerFeature')
    cd /Users/juju/dev_repos/books-v3
    

SwiftCompile normal x86_64 /Users/juju/dev_repos/books-v3/BooksTrackerPackage/Sources/BooksTrackerFeature/Views/Components/ConfidenceBadge.swift (in target 'BooksTrackerFeature' from project 'BooksTrackerFeature')
    cd /Users/juju/dev_repos/books-v3
    

SwiftCompile normal x86_64 /Users/juju/dev_repos/books-v3/BooksTrackerPackage/Sources/BooksTrackerFeature/Views/DiversityCompletionWidget.swift (in target 'BooksTrackerFeature' from project 'BooksTrackerFeature')
    cd /Users/juju/dev_repos/books-v3
    

SwiftCompile normal x86_64 /Users/juju/dev_repos/books-v3/BooksTrackerPackage/Sources/BooksTrackerFeature/Views/HorizontalBookCarousel.swift (in target 'BooksTrackerFeature' from project 'BooksTrackerFeature')
    cd /Users/juju/dev_repos/books-v3
    

SwiftCompile normal x86_64 /Users/juju/dev_repos/books-v3/BooksTrackerPackage/Sources/BooksTrackerFeature/Views/Library/AlphabeticalIndexView.swift (in target 'BooksTrackerFeature' from project 'BooksTrackerFeature')
    cd /Users/juju/dev_repos/books-v3
    

SwiftCompile normal x86_64 /Users/juju/dev_repos/books-v3/BooksTrackerPackage/Sources/BooksTrackerFeature/Views/ProgressiveProfilingSheet.swift (in target 'BooksTrackerFeature' from project 'BooksTrackerFeature')
    cd /Users/juju/dev_repos/books-v3
    

SwiftCompile normal x86_64 /Users/juju/dev_repos/books-v3/BooksTrackerPackage/Sources/BooksTrackerFeature/Views/RepresentationRadarChart.swift (in target 'BooksTrackerFeature' from project 'BooksTrackerFeature')
    cd /Users/juju/dev_repos/books-v3
    

SwiftCompile normal x86_64 /Users/juju/dev_repos/books-v3/BooksTrackerPackage/Sources/BooksTrackerFeature/Views/StreakVisualizationView.swift (in target 'BooksTrackerFeature' from project 'BooksTrackerFeature')
    cd /Users/juju/dev_repos/books-v3
    

SwiftCompile normal x86_64 /Users/juju/dev_repos/books-v3/BooksTrackerPackage/Sources/BooksTrackerFeature/Views/WeeklyPicksView.swift (in target 'BooksTrackerFeature' from project 'BooksTrackerFeature')
    cd /Users/juju/dev_repos/books-v3
    

SwiftCompile normal x86_64 /Users/juju/dev_repos/books-v3/BooksTrackerPackage/Sources/BooksTrackerFeature/Views/WorkflowProgressView.swift (in target 'BooksTrackerFeature' from project 'BooksTrackerFeature')
    cd /Users/juju/dev_repos/books-v3
    

SwiftCompile normal x86_64 /Users/juju/dev_repos/books-v3/BooksTrackerPackage/Sources/BooksTrackerFeature/Work.swift (in target 'BooksTrackerFeature' from project 'BooksTrackerFeature')
    cd /Users/juju/dev_repos/books-v3
    

SwiftCompile normal x86_64 /Users/juju/dev_repos/books-v3/BooksTrackerPackage/Sources/BooksTrackerFeature/WorkDetailView.swift (in target 'BooksTrackerFeature' from project 'BooksTrackerFeature')
    cd /Users/juju/dev_repos/books-v3
    

SwiftCompile normal x86_64 /Users/juju/dev_repos/books-v3/BooksTrackerPackage/Sources/BooksTrackerFeature/WorkDiscoveryView.swift (in target 'BooksTrackerFeature' from project 'BooksTrackerFeature')
    cd /Users/juju/dev_repos/books-v3
    

SwiftCompile normal x86_64 /Users/juju/dev_repos/books-v3/BooksTrackerPackage/Sources/BooksTrackerFeature/iOS26AdaptiveBookCard.swift (in target 'BooksTrackerFeature' from project 'BooksTrackerFeature')
    cd /Users/juju/dev_repos/books-v3
    

SwiftCompile normal x86_64 /Users/juju/dev_repos/books-v3/BooksTrackerPackage/Sources/BooksTrackerFeature/iOS26FloatingBookCard.swift (in target 'BooksTrackerFeature' from project 'BooksTrackerFeature')
    cd /Users/juju/dev_repos/books-v3
    

SwiftCompile normal x86_64 /Users/juju/dev_repos/books-v3/BooksTrackerPackage/Sources/BooksTrackerFeature/iOS26FluidGridSystem.swift (in target 'BooksTrackerFeature' from project 'BooksTrackerFeature')
    cd /Users/juju/dev_repos/books-v3
    

SwiftCompile normal x86_64 /Users/juju/dev_repos/books-v3/BooksTrackerPackage/Sources/BooksTrackerFeature/iOS26GlassModifiers.swift (in target 'BooksTrackerFeature' from project 'BooksTrackerFeature')
    cd /Users/juju/dev_repos/books-v3
    

SwiftCompile normal x86_64 /Users/juju/dev_repos/books-v3/BooksTrackerPackage/Sources/BooksTrackerFeature/iOS26LiquidLibraryView.swift (in target 'BooksTrackerFeature' from project 'BooksTrackerFeature')
    cd /Users/juju/dev_repos/books-v3
    

SwiftCompile normal x86_64 /Users/juju/dev_repos/books-v3/BooksTrackerPackage/Sources/BooksTrackerFeature/iOS26LiquidListRow.swift (in target 'BooksTrackerFeature' from project 'BooksTrackerFeature')
    cd /Users/juju/dev_repos/books-v3
    

SwiftCompile normal x86_64 /Users/juju/dev_repos/books-v3/BooksTrackerPackage/Sources/BooksTrackerFeature/iOS26ThemeSystem.swift (in target 'BooksTrackerFeature' from project 'BooksTrackerFeature')
    cd /Users/juju/dev_repos/books-v3
    

SwiftCompile normal arm64 Compiling\ ReadingSession.swift,\ ReadingStats.swift,\ ReviewStatus.swift,\ SearchCoordinator.swift,\ SearchResultDTO.swift,\ SimilarBooksCache.swift,\ StreakData.swift,\ TrendingActivity.swift,\ UserSettings.swift,\ WeeklyRecommendation.swift,\ WorkOverride.swift,\ ProgressComponents.swift,\ ReadingHabitsModule.swift,\ ReadingHabitsViewModel.swift,\ ReadingProgressModule.swift,\ ReadingStatusParser.swift,\ BookRepository.swift,\ CorrectionView.swift,\ ManualMatchView.swift,\ ReviewQueueModel.swift,\ ReviewQueueView.swift /Users/juju/dev_repos/books-v3/BooksTrackerPackage/Sources/BooksTrackerFeature/Models/ReadingSession.swift /Users/juju/dev_repos/books-v3/BooksTrackerPackage/Sources/BooksTrackerFeature/Models/ReadingStats.swift /Users/juju/dev_repos/books-v3/BooksTrackerPackage/Sources/BooksTrackerFeature/Models/ReviewStatus.swift /Users/juju/dev_repos/books-v3/BooksTrackerPackage/Sources/BooksTrackerFeature/Models/SearchCoordinator.swift /Users/juju/dev_repos/books-v3/BooksTrackerPackage/Sources/BooksTrackerFeature/Models/SearchResultDTO.swift /Users/juju/dev_repos/books-v3/BooksTrackerPackage/Sources/BooksTrackerFeature/Models/SimilarBooksCache.swift /Users/juju/dev_repos/books-v3/BooksTrackerPackage/Sources/BooksTrackerFeature/Models/StreakData.swift /Users/juju/dev_repos/books-v3/BooksTrackerPackage/Sources/BooksTrackerFeature/Models/TrendingActivity.swift /Users/juju/dev_repos/books-v3/BooksTrackerPackage/Sources/BooksTrackerFeature/Models/UserSettings.swift /Users/juju/dev_repos/books-v3/BooksTrackerPackage/Sources/BooksTrackerFeature/Models/WeeklyRecommendation.swift /Users/juju/dev_repos/books-v3/BooksTrackerPackage/Sources/BooksTrackerFeature/Models/WorkOverride.swift /Users/juju/dev_repos/books-v3/BooksTrackerPackage/Sources/BooksTrackerFeature/ProgressViews/ProgressComponents.swift /Users/juju/dev_repos/books-v3/BooksTrackerPackage/Sources/BooksTrackerFeature/ReadingHabitsModule.swift /Users/juju/dev_repos/books-v3/BooksTrackerPackage/Sources/BooksTrackerFeature/ReadingHabitsViewModel.swift /Users/juju/dev_repos/books-v3/BooksTrackerPackage/Sources/BooksTrackerFeature/ReadingProgressModule.swift /Users/juju/dev_repos/books-v3/BooksTrackerPackage/Sources/BooksTrackerFeature/ReadingStatusParser.swift /Users/juju/dev_repos/books-v3/BooksTrackerPackage/Sources/BooksTrackerFeature/Repositories/BookRepository.swift /Users/juju/dev_repos/books-v3/BooksTrackerPackage/Sources/BooksTrackerFeature/ReviewQueue/CorrectionView.swift /Users/juju/dev_repos/books-v3/BooksTrackerPackage/Sources/BooksTrackerFeature/ReviewQueue/ManualMatchView.swift /Users/juju/dev_repos/books-v3/BooksTrackerPackage/Sources/BooksTrackerFeature/ReviewQueue/ReviewQueueModel.swift /Users/juju/dev_repos/books-v3/BooksTrackerPackage/Sources/BooksTrackerFeature/ReviewQueue/ReviewQueueView.swift (in target 'BooksTrackerFeature' from project 'BooksTrackerFeature')

SwiftCompile normal arm64 /Users/juju/dev_repos/books-v3/BooksTrackerPackage/Sources/BooksTrackerFeature/Models/ReadingSession.swift (in target 'BooksTrackerFeature' from project 'BooksTrackerFeature')
    cd /Users/juju/dev_repos/books-v3
    

SwiftCompile normal arm64 /Users/juju/dev_repos/books-v3/BooksTrackerPackage/Sources/BooksTrackerFeature/Models/ReadingStats.swift (in target 'BooksTrackerFeature' from project 'BooksTrackerFeature')
    cd /Users/juju/dev_repos/books-v3
    

SwiftCompile normal arm64 /Users/juju/dev_repos/books-v3/BooksTrackerPackage/Sources/BooksTrackerFeature/Models/ReviewStatus.swift (in target 'BooksTrackerFeature' from project 'BooksTrackerFeature')
    cd /Users/juju/dev_repos/books-v3
    

SwiftCompile normal arm64 /Users/juju/dev_repos/books-v3/BooksTrackerPackage/Sources/BooksTrackerFeature/Models/SearchCoordinator.swift (in target 'BooksTrackerFeature' from project 'BooksTrackerFeature')
    cd /Users/juju/dev_repos/books-v3
    

SwiftCompile normal arm64 /Users/juju/dev_repos/books-v3/BooksTrackerPackage/Sources/BooksTrackerFeature/Models/SearchResultDTO.swift (in target 'BooksTrackerFeature' from project 'BooksTrackerFeature')
    cd /Users/juju/dev_repos/books-v3
    

SwiftCompile normal arm64 /Users/juju/dev_repos/books-v3/BooksTrackerPackage/Sources/BooksTrackerFeature/Models/SimilarBooksCache.swift (in target 'BooksTrackerFeature' from project 'BooksTrackerFeature')
    cd /Users/juju/dev_repos/books-v3
    

SwiftCompile normal arm64 /Users/juju/dev_repos/books-v3/BooksTrackerPackage/Sources/BooksTrackerFeature/Models/StreakData.swift (in target 'BooksTrackerFeature' from project 'BooksTrackerFeature')
    cd /Users/juju/dev_repos/books-v3
    

SwiftCompile normal arm64 /Users/juju/dev_repos/books-v3/BooksTrackerPackage/Sources/BooksTrackerFeature/Models/TrendingActivity.swift (in target 'BooksTrackerFeature' from project 'BooksTrackerFeature')
    cd /Users/juju/dev_repos/books-v3
    

SwiftCompile normal arm64 /Users/juju/dev_repos/books-v3/BooksTrackerPackage/Sources/BooksTrackerFeature/Models/UserSettings.swift (in target 'BooksTrackerFeature' from project 'BooksTrackerFeature')
    cd /Users/juju/dev_repos/books-v3
    

SwiftCompile normal arm64 /Users/juju/dev_repos/books-v3/BooksTrackerPackage/Sources/BooksTrackerFeature/Models/WeeklyRecommendation.swift (in target 'BooksTrackerFeature' from project 'BooksTrackerFeature')
    cd /Users/juju/dev_repos/books-v3
    

SwiftCompile normal arm64 /Users/juju/dev_repos/books-v3/BooksTrackerPackage/Sources/BooksTrackerFeature/Models/WorkOverride.swift (in target 'BooksTrackerFeature' from project 'BooksTrackerFeature')
    cd /Users/juju/dev_repos/books-v3
    

SwiftCompile normal arm64 /Users/juju/dev_repos/books-v3/BooksTrackerPackage/Sources/BooksTrackerFeature/ProgressViews/ProgressComponents.swift (in target 'BooksTrackerFeature' from project 'BooksTrackerFeature')
    cd /Users/juju/dev_repos/books-v3
    

SwiftCompile normal arm64 /Users/juju/dev_repos/books-v3/BooksTrackerPackage/Sources/BooksTrackerFeature/ReadingHabitsModule.swift (in target 'BooksTrackerFeature' from project 'BooksTrackerFeature')
    cd /Users/juju/dev_repos/books-v3
    

SwiftCompile normal arm64 /Users/juju/dev_repos/books-v3/BooksTrackerPackage/Sources/BooksTrackerFeature/ReadingHabitsViewModel.swift (in target 'BooksTrackerFeature' from project 'BooksTrackerFeature')
    cd /Users/juju/dev_repos/books-v3
    

SwiftCompile normal arm64 /Users/juju/dev_repos/books-v3/BooksTrackerPackage/Sources/BooksTrackerFeature/ReadingProgressModule.swift (in target 'BooksTrackerFeature' from project 'BooksTrackerFeature')
    cd /Users/juju/dev_repos/books-v3
    

SwiftCompile normal arm64 /Users/juju/dev_repos/books-v3/BooksTrackerPackage/Sources/BooksTrackerFeature/ReadingStatusParser.swift (in target 'BooksTrackerFeature' from project 'BooksTrackerFeature')
    cd /Users/juju/dev_repos/books-v3
    

SwiftCompile normal arm64 /Users/juju/dev_repos/books-v3/BooksTrackerPackage/Sources/BooksTrackerFeature/Repositories/BookRepository.swift (in target 'BooksTrackerFeature' from project 'BooksTrackerFeature')
    cd /Users/juju/dev_repos/books-v3
    

SwiftCompile normal arm64 /Users/juju/dev_repos/books-v3/BooksTrackerPackage/Sources/BooksTrackerFeature/ReviewQueue/CorrectionView.swift (in target 'BooksTrackerFeature' from project 'BooksTrackerFeature')
    cd /Users/juju/dev_repos/books-v3
    

SwiftCompile normal arm64 /Users/juju/dev_repos/books-v3/BooksTrackerPackage/Sources/BooksTrackerFeature/ReviewQueue/ManualMatchView.swift (in target 'BooksTrackerFeature' from project 'BooksTrackerFeature')
    cd /Users/juju/dev_repos/books-v3
    

SwiftCompile normal arm64 /Users/juju/dev_repos/books-v3/BooksTrackerPackage/Sources/BooksTrackerFeature/ReviewQueue/ReviewQueueModel.swift (in target 'BooksTrackerFeature' from project 'BooksTrackerFeature')
    cd /Users/juju/dev_repos/books-v3
    

SwiftCompile normal arm64 /Users/juju/dev_repos/books-v3/BooksTrackerPackage/Sources/BooksTrackerFeature/ReviewQueue/ReviewQueueView.swift (in target 'BooksTrackerFeature' from project 'BooksTrackerFeature')
    cd /Users/juju/dev_repos/books-v3
    

SwiftDriverJobDiscovery normal x86_64 Compiling DiversityStatsService.swift, DuplicateDetectionService.swift, ImageCleanupService.swift, ImageCompressionService.swift, ImagePrefetcher.swift, ImportService.swift, LaunchMetrics.swift, LibraryFilterService.swift, NotificationCoordinator.swift, ReadingSessionService.swift, SampleDataGenerator.swift, SessionAnalyticsService.swift, WeeklyRecommendationsCache.swift, WeeklyRecommendationsService.swift, WorkflowImportService.swift, EnrichmentQueueDetailsView.swift, EnrichmentQueueRow.swift, SettingsView.swift, TabCoordinator.swift, ThemeSelectionView.swift, EnrichmentBanner.swift (in target 'BooksTrackerFeature' from project 'BooksTrackerFeature')

SwiftCompile normal arm64 Compiling\ BookshelfCameraPreview.swift,\ BookshelfCameraSessionManager.swift,\ BookshelfCameraView.swift,\ BookshelfCameraViewModel.swift,\ CombinedImportView.swift,\ ConfidenceThresholds.swift,\ DetectedBook.swift,\ EnrichmentStatusView.swift,\ BatchScanModels.swift,\ ProgressStrategy.swift,\ ScanAnalyticsEvent.swift,\ PrivacyDisclosureBanner.swift,\ ScanResultsView.swift,\ ScanStatisticsView.swift,\ ScanningTipsView.swift,\ BatchWebSocketHandler.swift,\ BookshelfAIService+Polling.swift,\ BookshelfAIService.swift,\ ScanProgressModels.swift,\ SuggestionGenerator.swift,\ VisionProcessingActor.swift /Users/juju/dev_repos/books-v3/BooksTrackerPackage/Sources/BooksTrackerFeature/BookshelfScanning/Camera/BookshelfCameraPreview.swift /Users/juju/dev_repos/books-v3/BooksTrackerPackage/Sources/BooksTrackerFeature/BookshelfScanning/Camera/BookshelfCameraSessionManager.swift /Users/juju/dev_repos/books-v3/BooksTrackerPackage/Sources/BooksTrackerFeature/BookshelfScanning/Camera/BookshelfCameraView.swift /Users/juju/dev_repos/books-v3/BooksTrackerPackage/Sources/BooksTrackerFeature/BookshelfScanning/Camera/BookshelfCameraViewModel.swift /Users/juju/dev_repos/books-v3/BooksTrackerPackage/Sources/BooksTrackerFeature/BookshelfScanning/CombinedImportView.swift /Users/juju/dev_repos/books-v3/BooksTrackerPackage/Sources/BooksTrackerFeature/BookshelfScanning/ConfidenceThresholds.swift /Users/juju/dev_repos/books-v3/BooksTrackerPackage/Sources/BooksTrackerFeature/BookshelfScanning/DetectedBook.swift /Users/juju/dev_repos/books-v3/BooksTrackerPackage/Sources/BooksTrackerFeature/BookshelfScanning/EnrichmentStatusView.swift /Users/juju/dev_repos/books-v3/BooksTrackerPackage/Sources/BooksTrackerFeature/BookshelfScanning/Models/BatchScanModels.swift /Users/juju/dev_repos/books-v3/BooksTrackerPackage/Sources/BooksTrackerFeature/BookshelfScanning/Models/ProgressStrategy.swift /Users/juju/dev_repos/books-v3/BooksTrackerPackage/Sources/BooksTrackerFeature/BookshelfScanning/Models/ScanAnalyticsEvent.swift /Users/juju/dev_repos/books-v3/BooksTrackerPackage/Sources/BooksTrackerFeature/BookshelfScanning/PrivacyDisclosureBanner.swift /Users/juju/dev_repos/books-v3/BooksTrackerPackage/Sources/BooksTrackerFeature/BookshelfScanning/ScanResultsView.swift /Users/juju/dev_repos/books-v3/BooksTrackerPackage/Sources/BooksTrackerFeature/BookshelfScanning/ScanStatisticsView.swift /Users/juju/dev_repos/books-v3/BooksTrackerPackage/Sources/BooksTrackerFeature/BookshelfScanning/ScanningTipsView.swift /Users/juju/dev_repos/books-v3/BooksTrackerPackage/Sources/BooksTrackerFeature/BookshelfScanning/Services/BatchWebSocketHandler.swift /Users/juju/dev_repos/books-v3/BooksTrackerPackage/Sources/BooksTrackerFeature/BookshelfScanning/Services/BookshelfAIService+Polling.swift /Users/juju/dev_repos/books-v3/BooksTrackerPackage/Sources/BooksTrackerFeature/BookshelfScanning/Services/BookshelfAIService.swift /Users/juju/dev_repos/books-v3/BooksTrackerPackage/Sources/BooksTrackerFeature/BookshelfScanning/Services/ScanProgressModels.swift /Users/juju/dev_repos/books-v3/BooksTrackerPackage/Sources/BooksTrackerFeature/BookshelfScanning/SuggestionGenerator.swift /Users/juju/dev_repos/books-v3/BooksTrackerPackage/Sources/BooksTrackerFeature/BookshelfScanning/VisionProcessingActor.swift (in target 'BooksTrackerFeature' from project 'BooksTrackerFeature')

SwiftCompile normal arm64 /Users/juju/dev_repos/books-v3/BooksTrackerPackage/Sources/BooksTrackerFeature/BookshelfScanning/Camera/BookshelfCameraPreview.swift (in target 'BooksTrackerFeature' from project 'BooksTrackerFeature')
    cd /Users/juju/dev_repos/books-v3
    

SwiftCompile normal arm64 /Users/juju/dev_repos/books-v3/BooksTrackerPackage/Sources/BooksTrackerFeature/BookshelfScanning/Camera/BookshelfCameraSessionManager.swift (in target 'BooksTrackerFeature' from project 'BooksTrackerFeature')
    cd /Users/juju/dev_repos/books-v3
    

SwiftCompile normal arm64 /Users/juju/dev_repos/books-v3/BooksTrackerPackage/Sources/BooksTrackerFeature/BookshelfScanning/Camera/BookshelfCameraView.swift (in target 'BooksTrackerFeature' from project 'BooksTrackerFeature')
    cd /Users/juju/dev_repos/books-v3
    

SwiftCompile normal arm64 /Users/juju/dev_repos/books-v3/BooksTrackerPackage/Sources/BooksTrackerFeature/BookshelfScanning/Camera/BookshelfCameraViewModel.swift (in target 'BooksTrackerFeature' from project 'BooksTrackerFeature')
    cd /Users/juju/dev_repos/books-v3
    

SwiftCompile normal arm64 /Users/juju/dev_repos/books-v3/BooksTrackerPackage/Sources/BooksTrackerFeature/BookshelfScanning/CombinedImportView.swift (in target 'BooksTrackerFeature' from project 'BooksTrackerFeature')
    cd /Users/juju/dev_repos/books-v3
    

SwiftCompile normal arm64 /Users/juju/dev_repos/books-v3/BooksTrackerPackage/Sources/BooksTrackerFeature/BookshelfScanning/ConfidenceThresholds.swift (in target 'BooksTrackerFeature' from project 'BooksTrackerFeature')
    cd /Users/juju/dev_repos/books-v3
    

SwiftCompile normal arm64 /Users/juju/dev_repos/books-v3/BooksTrackerPackage/Sources/BooksTrackerFeature/BookshelfScanning/DetectedBook.swift (in target 'BooksTrackerFeature' from project 'BooksTrackerFeature')
    cd /Users/juju/dev_repos/books-v3
    

SwiftCompile normal arm64 /Users/juju/dev_repos/books-v3/BooksTrackerPackage/Sources/BooksTrackerFeature/BookshelfScanning/EnrichmentStatusView.swift (in target 'BooksTrackerFeature' from project 'BooksTrackerFeature')
    cd /Users/juju/dev_repos/books-v3
    

SwiftCompile normal arm64 /Users/juju/dev_repos/books-v3/BooksTrackerPackage/Sources/BooksTrackerFeature/BookshelfScanning/Models/BatchScanModels.swift (in target 'BooksTrackerFeature' from project 'BooksTrackerFeature')
    cd /Users/juju/dev_repos/books-v3
    

SwiftCompile normal arm64 /Users/juju/dev_repos/books-v3/BooksTrackerPackage/Sources/BooksTrackerFeature/BookshelfScanning/Models/ProgressStrategy.swift (in target 'BooksTrackerFeature' from project 'BooksTrackerFeature')
    cd /Users/juju/dev_repos/books-v3
    

SwiftCompile normal arm64 /Users/juju/dev_repos/books-v3/BooksTrackerPackage/Sources/BooksTrackerFeature/BookshelfScanning/Models/ScanAnalyticsEvent.swift (in target 'BooksTrackerFeature' from project 'BooksTrackerFeature')
    cd /Users/juju/dev_repos/books-v3
    

SwiftCompile normal arm64 /Users/juju/dev_repos/books-v3/BooksTrackerPackage/Sources/BooksTrackerFeature/BookshelfScanning/PrivacyDisclosureBanner.swift (in target 'BooksTrackerFeature' from project 'BooksTrackerFeature')
    cd /Users/juju/dev_repos/books-v3
    

SwiftCompile normal arm64 /Users/juju/dev_repos/books-v3/BooksTrackerPackage/Sources/BooksTrackerFeature/BookshelfScanning/ScanResultsView.swift (in target 'BooksTrackerFeature' from project 'BooksTrackerFeature')
    cd /Users/juju/dev_repos/books-v3
    

SwiftCompile normal arm64 /Users/juju/dev_repos/books-v3/BooksTrackerPackage/Sources/BooksTrackerFeature/BookshelfScanning/ScanStatisticsView.swift (in target 'BooksTrackerFeature' from project 'BooksTrackerFeature')
    cd /Users/juju/dev_repos/books-v3
    

SwiftCompile normal arm64 /Users/juju/dev_repos/books-v3/BooksTrackerPackage/Sources/BooksTrackerFeature/BookshelfScanning/ScanningTipsView.swift (in target 'BooksTrackerFeature' from project 'BooksTrackerFeature')
    cd /Users/juju/dev_repos/books-v3
    

SwiftCompile normal arm64 /Users/juju/dev_repos/books-v3/BooksTrackerPackage/Sources/BooksTrackerFeature/BookshelfScanning/Services/BatchWebSocketHandler.swift (in target 'BooksTrackerFeature' from project 'BooksTrackerFeature')
    cd /Users/juju/dev_repos/books-v3
    

SwiftCompile normal arm64 /Users/juju/dev_repos/books-v3/BooksTrackerPackage/Sources/BooksTrackerFeature/BookshelfScanning/Services/BookshelfAIService+Polling.swift (in target 'BooksTrackerFeature' from project 'BooksTrackerFeature')
    cd /Users/juju/dev_repos/books-v3
    

SwiftCompile normal arm64 /Users/juju/dev_repos/books-v3/BooksTrackerPackage/Sources/BooksTrackerFeature/BookshelfScanning/Services/BookshelfAIService.swift (in target 'BooksTrackerFeature' from project 'BooksTrackerFeature')
    cd /Users/juju/dev_repos/books-v3
    

SwiftCompile normal arm64 /Users/juju/dev_repos/books-v3/BooksTrackerPackage/Sources/BooksTrackerFeature/BookshelfScanning/Services/ScanProgressModels.swift (in target 'BooksTrackerFeature' from project 'BooksTrackerFeature')
    cd /Users/juju/dev_repos/books-v3
    

SwiftCompile normal arm64 /Users/juju/dev_repos/books-v3/BooksTrackerPackage/Sources/BooksTrackerFeature/BookshelfScanning/SuggestionGenerator.swift (in target 'BooksTrackerFeature' from project 'BooksTrackerFeature')
    cd /Users/juju/dev_repos/books-v3
    

SwiftCompile normal arm64 /Users/juju/dev_repos/books-v3/BooksTrackerPackage/Sources/BooksTrackerFeature/BookshelfScanning/VisionProcessingActor.swift (in target 'BooksTrackerFeature' from project 'BooksTrackerFeature')
    cd /Users/juju/dev_repos/books-v3
    

SwiftDriverJobDiscovery normal x86_64 Compiling ReadingSession.swift, ReadingStats.swift, ReviewStatus.swift, SearchCoordinator.swift, SearchResultDTO.swift, SimilarBooksCache.swift, StreakData.swift, TrendingActivity.swift, UserSettings.swift, WeeklyRecommendation.swift, WorkOverride.swift, ProgressComponents.swift, ReadingHabitsModule.swift, ReadingHabitsViewModel.swift, ReadingProgressModule.swift, ReadingStatusParser.swift, BookRepository.swift, CorrectionView.swift, ManualMatchView.swift, ReviewQueueModel.swift, ReviewQueueView.swift (in target 'BooksTrackerFeature' from project 'BooksTrackerFeature')

SwiftCompile normal arm64 Compiling\ CacheHealthDebugView.swift,\ CachedAsyncImage.swift,\ CloudKitHelpView.swift,\ AIProvider.swift,\ EnrichmentAPIClient.swift,\ EnrichmentConfig.swift,\ EnrichmentResultsClient.swift,\ GenericWebSocketHandler.swift,\ JobModels.swift,\ KeychainHelper.swift,\ LoadingState.swift,\ SyncCoordinator.swift,\ WebSocketHelpers.swift,\ WebSocketProgressManager.swift,\ AuroraGradient.swift,\ BookCardAccessibility.swift,\ BookCardActions.swift,\ BookCardBadges.swift,\ BookCardMenus.swift,\ BookCardSkeleton.swift,\ BookMetadataRow.swift /Users/juju/dev_repos/books-v3/BooksTrackerPackage/Sources/BooksTrackerFeature/CacheHealthDebugView.swift /Users/juju/dev_repos/books-v3/BooksTrackerPackage/Sources/BooksTrackerFeature/CachedAsyncImage.swift /Users/juju/dev_repos/books-v3/BooksTrackerPackage/Sources/BooksTrackerFeature/CloudKitHelpView.swift /Users/juju/dev_repos/books-v3/BooksTrackerPackage/Sources/BooksTrackerFeature/Common/AIProvider.swift /Users/juju/dev_repos/books-v3/BooksTrackerPackage/Sources/BooksTrackerFeature/Common/EnrichmentAPIClient.swift /Users/juju/dev_repos/books-v3/BooksTrackerPackage/Sources/BooksTrackerFeature/Common/EnrichmentConfig.swift /Users/juju/dev_repos/books-v3/BooksTrackerPackage/Sources/BooksTrackerFeature/Common/EnrichmentResultsClient.swift /Users/juju/dev_repos/books-v3/BooksTrackerPackage/Sources/BooksTrackerFeature/Common/GenericWebSocketHandler.swift /Users/juju/dev_repos/books-v3/BooksTrackerPackage/Sources/BooksTrackerFeature/Common/JobModels.swift /Users/juju/dev_repos/books-v3/BooksTrackerPackage/Sources/BooksTrackerFeature/Common/KeychainHelper.swift /Users/juju/dev_repos/books-v3/BooksTrackerPackage/Sources/BooksTrackerFeature/Common/LoadingState.swift /Users/juju/dev_repos/books-v3/BooksTrackerPackage/Sources/BooksTrackerFeature/Common/SyncCoordinator.swift /Users/juju/dev_repos/books-v3/BooksTrackerPackage/Sources/BooksTrackerFeature/Common/WebSocketHelpers.swift /Users/juju/dev_repos/books-v3/BooksTrackerPackage/Sources/BooksTrackerFeature/Common/WebSocketProgressManager.swift /Users/juju/dev_repos/books-v3/BooksTrackerPackage/Sources/BooksTrackerFeature/Components/AuroraGradient.swift /Users/juju/dev_repos/books-v3/BooksTrackerPackage/Sources/BooksTrackerFeature/Components/BookCardAccessibility.swift /Users/juju/dev_repos/books-v3/BooksTrackerPackage/Sources/BooksTrackerFeature/Components/BookCardActions.swift /Users/juju/dev_repos/books-v3/BooksTrackerPackage/Sources/BooksTrackerFeature/Components/BookCardBadges.swift /Users/juju/dev_repos/books-v3/BooksTrackerPackage/Sources/BooksTrackerFeature/Components/BookCardMenus.swift /Users/juju/dev_repos/books-v3/BooksTrackerPackage/Sources/BooksTrackerFeature/Components/BookCardSkeleton.swift /Users/juju/dev_repos/books-v3/BooksTrackerPackage/Sources/BooksTrackerFeature/Components/BookMetadataRow.swift (in target 'BooksTrackerFeature' from project 'BooksTrackerFeature')

** BUILD FAILED **


The following build commands failed:
	SwiftCompile normal x86_64 Compiling\ BookshelfCameraPreview.swift,\ BookshelfCameraSessionManager.swift,\ BookshelfCameraView.swift,\ BookshelfCameraViewModel.swift,\ CombinedImportView.swift,\ ConfidenceThresholds.swift,\ DetectedBook.swift,\ EnrichmentStatusView.swift,\ BatchScanModels.swift,\ ProgressStrategy.swift,\ ScanAnalyticsEvent.swift,\ PrivacyDisclosureBanner.swift,\ ScanResultsView.swift,\ ScanStatisticsView.swift,\ ScanningTipsView.swift,\ BatchWebSocketHandler.swift,\ BookshelfAIService+Polling.swift,\ BookshelfAIService.swift,\ ScanProgressModels.swift,\ SuggestionGenerator.swift,\ VisionProcessingActor.swift /Users/juju/dev_repos/books-v3/BooksTrackerPackage/Sources/BooksTrackerFeature/BookshelfScanning/Camera/BookshelfCameraPreview.swift /Users/juju/dev_repos/books-v3/BooksTrackerPackage/Sources/BooksTrackerFeature/BookshelfScanning/Camera/BookshelfCameraSessionManager.swift /Users/juju/dev_repos/books-v3/BooksTrackerPackage/Sources/BooksTrackerFeature/BookshelfScanning/Camera/BookshelfCameraView.swift /Users/juju/dev_repos/books-v3/BooksTrackerPackage/Sources/BooksTrackerFeature/BookshelfScanning/Camera/BookshelfCameraViewModel.swift /Users/juju/dev_repos/books-v3/BooksTrackerPackage/Sources/BooksTrackerFeature/BookshelfScanning/CombinedImportView.swift /Users/juju/dev_repos/books-v3/BooksTrackerPackage/Sources/BooksTrackerFeature/BookshelfScanning/ConfidenceThresholds.swift /Users/juju/dev_repos/books-v3/BooksTrackerPackage/Sources/BooksTrackerFeature/BookshelfScanning/DetectedBook.swift /Users/juju/dev_repos/books-v3/BooksTrackerPackage/Sources/BooksTrackerFeature/BookshelfScanning/EnrichmentStatusView.swift /Users/juju/dev_repos/books-v3/BooksTrackerPackage/Sources/BooksTrackerFeature/BookshelfScanning/Models/BatchScanModels.swift /Users/juju/dev_repos/books-v3/BooksTrackerPackage/Sources/BooksTrackerFeature/BookshelfScanning/Models/ProgressStrategy.swift /Users/juju/dev_repos/books-v3/BooksTrackerPackage/Sources/BooksTrackerFeature/BookshelfScanning/Models/ScanAnalyticsEvent.swift /Users/juju/dev_repos/books-v3/BooksTrackerPackage/Sources/BooksTrackerFeature/BookshelfScanning/PrivacyDisclosureBanner.swift /Users/juju/dev_repos/books-v3/BooksTrackerPackage/Sources/BooksTrackerFeature/BookshelfScanning/ScanResultsView.swift /Users/juju/dev_repos/books-v3/BooksTrackerPackage/Sources/BooksTrackerFeature/BookshelfScanning/ScanStatisticsView.swift /Users/juju/dev_repos/books-v3/BooksTrackerPackage/Sources/BooksTrackerFeature/BookshelfScanning/ScanningTipsView.swift /Users/juju/dev_repos/books-v3/BooksTrackerPackage/Sources/BooksTrackerFeature/BookshelfScanning/Services/BatchWebSocketHandler.swift /Users/juju/dev_repos/books-v3/BooksTrackerPackage/Sources/BooksTrackerFeature/BookshelfScanning/Services/BookshelfAIService+Polling.swift /Users/juju/dev_repos/books-v3/BooksTrackerPackage/Sources/BooksTrackerFeature/BookshelfScanning/Services/BookshelfAIService.swift /Users/juju/dev_repos/books-v3/BooksTrackerPackage/Sources/BooksTrackerFeature/BookshelfScanning/Services/ScanProgressModels.swift /Users/juju/dev_repos/books-v3/BooksTrackerPackage/Sources/BooksTrackerFeature/BookshelfScanning/SuggestionGenerator.swift /Users/juju/dev_repos/books-v3/BooksTrackerPackage/Sources/BooksTrackerFeature/BookshelfScanning/VisionProcessingActor.swift (in target 'BooksTrackerFeature' from project 'BooksTrackerFeature')
	SwiftCompile normal x86_64 /Users/juju/dev_repos/books-v3/BooksTrackerPackage/Sources/BooksTrackerFeature/BookshelfScanning/Camera/BookshelfCameraPreview.swift (in target 'BooksTrackerFeature' from project 'BooksTrackerFeature')
	SwiftCompile normal x86_64 /Users/juju/dev_repos/books-v3/BooksTrackerPackage/Sources/BooksTrackerFeature/BookshelfScanning/Camera/BookshelfCameraSessionManager.swift (in target 'BooksTrackerFeature' from project 'BooksTrackerFeature')
	SwiftCompile normal x86_64 /Users/juju/dev_repos/books-v3/BooksTrackerPackage/Sources/BooksTrackerFeature/BookshelfScanning/Camera/BookshelfCameraView.swift (in target 'BooksTrackerFeature' from project 'BooksTrackerFeature')
	SwiftCompile normal x86_64 /Users/juju/dev_repos/books-v3/BooksTrackerPackage/Sources/BooksTrackerFeature/BookshelfScanning/Camera/BookshelfCameraViewModel.swift (in target 'BooksTrackerFeature' from project 'BooksTrackerFeature')
	SwiftCompile normal x86_64 /Users/juju/dev_repos/books-v3/BooksTrackerPackage/Sources/BooksTrackerFeature/BookshelfScanning/CombinedImportView.swift (in target 'BooksTrackerFeature' from project 'BooksTrackerFeature')
	SwiftCompile normal x86_64 /Users/juju/dev_repos/books-v3/BooksTrackerPackage/Sources/BooksTrackerFeature/BookshelfScanning/ConfidenceThresholds.swift (in target 'BooksTrackerFeature' from project 'BooksTrackerFeature')
	SwiftCompile normal x86_64 /Users/juju/dev_repos/books-v3/BooksTrackerPackage/Sources/BooksTrackerFeature/BookshelfScanning/DetectedBook.swift (in target 'BooksTrackerFeature' from project 'BooksTrackerFeature')
	SwiftCompile normal x86_64 /Users/juju/dev_repos/books-v3/BooksTrackerPackage/Sources/BooksTrackerFeature/BookshelfScanning/EnrichmentStatusView.swift (in target 'BooksTrackerFeature' from project 'BooksTrackerFeature')
	SwiftCompile normal x86_64 /Users/juju/dev_repos/books-v3/BooksTrackerPackage/Sources/BooksTrackerFeature/BookshelfScanning/Models/BatchScanModels.swift (in target 'BooksTrackerFeature' from project 'BooksTrackerFeature')
	SwiftCompile normal x86_64 /Users/juju/dev_repos/books-v3/BooksTrackerPackage/Sources/BooksTrackerFeature/BookshelfScanning/Models/ProgressStrategy.swift (in target 'BooksTrackerFeature' from project 'BooksTrackerFeature')
	SwiftCompile normal x86_64 /Users/juju/dev_repos/books-v3/BooksTrackerPackage/Sources/BooksTrackerFeature/BookshelfScanning/Models/ScanAnalyticsEvent.swift (in target 'BooksTrackerFeature' from project 'BooksTrackerFeature')
	SwiftCompile normal x86_64 /Users/juju/dev_repos/books-v3/BooksTrackerPackage/Sources/BooksTrackerFeature/BookshelfScanning/PrivacyDisclosureBanner.swift (in target 'BooksTrackerFeature' from project 'BooksTrackerFeature')
	SwiftCompile normal x86_64 /Users/juju/dev_repos/books-v3/BooksTrackerPackage/Sources/BooksTrackerFeature/BookshelfScanning/ScanResultsView.swift (in target 'BooksTrackerFeature' from project 'BooksTrackerFeature')
	SwiftCompile normal x86_64 /Users/juju/dev_repos/books-v3/BooksTrackerPackage/Sources/BooksTrackerFeature/BookshelfScanning/ScanStatisticsView.swift (in target 'BooksTrackerFeature' from project 'BooksTrackerFeature')
	SwiftCompile normal x86_64 /Users/juju/dev_repos/books-v3/BooksTrackerPackage/Sources/BooksTrackerFeature/BookshelfScanning/ScanningTipsView.swift (in target 'BooksTrackerFeature' from project 'BooksTrackerFeature')
	SwiftCompile normal x86_64 /Users/juju/dev_repos/books-v3/BooksTrackerPackage/Sources/BooksTrackerFeature/BookshelfScanning/Services/BatchWebSocketHandler.swift (in target 'BooksTrackerFeature' from project 'BooksTrackerFeature')
	SwiftCompile normal x86_64 /Users/juju/dev_repos/books-v3/BooksTrackerPackage/Sources/BooksTrackerFeature/BookshelfScanning/Services/BookshelfAIService+Polling.swift (in target 'BooksTrackerFeature' from project 'BooksTrackerFeature')
	SwiftCompile normal x86_64 /Users/juju/dev_repos/books-v3/BooksTrackerPackage/Sources/BooksTrackerFeature/BookshelfScanning/Services/BookshelfAIService.swift (in target 'BooksTrackerFeature' from project 'BooksTrackerFeature')
	SwiftCompile normal x86_64 /Users/juju/dev_repos/books-v3/BooksTrackerPackage/Sources/BooksTrackerFeature/BookshelfScanning/Services/ScanProgressModels.swift (in target 'BooksTrackerFeature' from project 'BooksTrackerFeature')
	SwiftCompile normal x86_64 /Users/juju/dev_repos/books-v3/BooksTrackerPackage/Sources/BooksTrackerFeature/BookshelfScanning/SuggestionGenerator.swift (in target 'BooksTrackerFeature' from project 'BooksTrackerFeature')
	SwiftCompile normal x86_64 /Users/juju/dev_repos/books-v3/BooksTrackerPackage/Sources/BooksTrackerFeature/BookshelfScanning/VisionProcessingActor.swift (in target 'BooksTrackerFeature' from project 'BooksTrackerFeature')
	Building workspace BooksTracker with scheme BooksTracker
(23 failures)
